track_id,track_popularity
6LfDw4nhA9zQVwRfxT516u,15
2S9UiaHpsdB2s3ZNzCObLQ,43
2pU1CpdWAAfMQgOljmb1MW,0
1G4YEBaXWOxCRBNASQPoMv,9
62d06HzJFX4rtnv39L4uUI,18
1hw5UuO6s1DRAJmCn4Nc1H,68
41mqrgHlbSBA3LPypIfUoi,0
4AjRsbjQbXWkXXCzzqcq5u,24
4oH03lpFiysmcWex1AyddD,57
2ef6K7WCV8khtntJW81S7R,28
7750AqOWNuuDLxLjXzDMX0,25
3LvPRA6n1Hr3ia6tGfScg6,0
1uiTlWuuuznQ3cWFIRAPU2,18
2qEugvU0hYkAkf3IPWlUps,0
3TsRqBTufb4Q699WyhanVC,0
2r77vqSZkOktTSgmAOoHsV,0
5VsHkOtg0Llpa6mTGZhp5e,57
4COGASZEbAxmH6k5gYMo6G,2
5I2I0xdHPV5opTDQbItBIb,0
7glCSQqV5o6NU88Cn4zPZn,1
3TnhQSRwT3AVMdXw5JPq0x,0
3PkLiVZFchdmUluS9QL8fv,0
5gFAT2DbEt4TOMXyAMEixG,1
7H6OwsBoSI4BVWm5M7MTOQ,1
7dNwJbsT0sg1le5kVugGJb,73
2nmkKucRDKr5jIBEvg6X0z,0
2OxUtaKYeahAGNaBiahXtR,0
5gkSbR9E0jDgv65XeT5v5R,0
1kK7yrknQvA2wEU5zyG41m,0
0K0soSt52EhMS9FohRObdK,68
7LeQ55Z5jPBB0ggYJtAiYO,0
5hcisvFMidkMJlElTO9Qmw,72
6jwcchNlcoMZFa0EwfKga6,48
0bk8xQ2zIokFe0GoW6ZERx,0
0BMXB8USeC2zVufRWBcMuY,61
5UjhWsB5rddZEPlNUcGDLV,0
17NW5LLmN6PXrUdknZ6iT1,54
0zY4kXv0OOKLFh33DH2cSv,0
03a359wbiUsjN9h6yzXvmS,73
4DS7HoqrKq1dDjeYOKBlu9,78
7aq4mn7HqjIWeEn3YReKWV,0
3iDPALl8BoUbuXZgy6EOWY,0
4zBVbv2SUaA6LON2nxtPEj,0
1uihSnDxZidO3IMM2hmUBW,0
0RHazYjaRGLIYPvn6mtRWY,0
3juYl7RDkfwMGX5a17ach5,60
0RFFFGtPn6a58RHY3ccVYX,0
3eIPYPrEGvbAKc2rSjlErW,0
66pK7thQ0yw1xlqw8AQSlw,58
2r1Ovp2SgP1ybHNbbEAg1S,52
1tkikMrqW4NvmzIfIyNXw7,0
5jGUJXnELDaDTgiRjD9lsg,64
6EylLZvd69kYDDtT35gZOB,49
1SRkUC6I28rxLS3XX5DDqE,0
4uJL26cmM5HEiGlqE2YhoE,0
0vnrhysrKKRdNYFKLAGzRc,74
0QQNA8bZqefrGfsShzlZkb,0
6yllTYSMEmOagRltq1VlsP,0
6LfwUHqd9XiRKVbmVXqVd0,0
5qNdv1WPksgm2F87wzznPi,29
2IiNgBjUpVl06PPgjhTP2x,24
6gItxgLiMUYV5n3ityPec4,0
4Ilhu67UnrkeG5gtGytsij,0
3G6fFwzSObu9BS5XhkJzWA,0
6mhiCvUbK5Jq2Ho05kgaa5,7
1MitUwnaR9yfZghi4Qzf8M,0
4M92m8y6WXm0xHzWBY3tJJ,0
4qg5zuCvEWTeOb3ON0qLuc,16
17r16Atqljpae7Jggjds2W,0
2oUAGVmjS4FMaHKxa7KQDh,0
0DMzkDvrWz7GaTNf3257uZ,1
7mjsDtb6oMFXi6IL069UED,0
1yRyJyB90a0YiaogagFXfx,0
0iwr5Kp0R2RVpBUOVIzMCs,0
5aZaJ7puWEEwKDJg0GjsIb,34
4w4N4zM2uM4MMsr8Nsi4Nb,24
2RORNOS5sDvSXwHbOOh1xV,0
2R2H8r2X1MCJFvvLx6DYZy,0
39qUZ7zIlDXziDOvRE2UCN,0
1gAYsbY37gNkUVWKyHd7sb,0
6MeVDDXO3BPR0X2o0KLgeP,6
2DBU3G7bYWcLKxKNtsXJ5h,35
31jM1k905s5TpVflu5KH2d,21
2IEzElQ5KAtXDoJAGixG2R,0
3BUFuwaRaRDc2GIKNVkwmI,0
3CrDFdN7MKM3Mx9T3znBts,0
4LI2D3GbfBTeFt0ftOLvxc,0
78NWG8vFrAehpsCJr1SLvq,0
1C3PeqYtCFVFxUBdFZoxeT,0
4wm54RgVLbAtk5v4A9I9x5,1
54w6HSR0vBATL3XLN6KW7K,16
38n8scVMRubWOn1rIN2hfr,22
63EtlVp4DuYE9YEcjmIlbk,13
09Ltdtsh3FFIGAppCJj0HD,0
2yxfQyA2fAfkE8r13br2qb,18
2Mma8mPkMGvFljxKORvySU,0
7ons06QtOzzgDpbFhbFjRc,0
55DEy5jBZJcm75JpGZTlyC,18
2APpdfoLJELmv3sh8T4Ve8,21
5UUYrmyLJ3ZmmDrvyQHyeC,0
4tDlB4iuEuXaVOcDVh9N9v,0
06VL0LPGJodM9Kq7j2mpcu,0
4FvTKZ0ZTuHcj9QZfWKlC9,11
20apZJRGImKXGa6jXHbuMd,0
532pwqddzkT5I9j4jgVOhb,19
5RT3eHdbNtK7xZouzaH0in,7
33XbI355jYdBpCabA0wp6U,23
03Rac7rITePpSgheEsFoMz,0
6JTUikvtPRHUhcg0K3eXid,24
4BLFw6EbBWHvKe7uTokPe5,19
1uuMXHUeVR6sZ4CwnkvlQ4,8
4BiiDQtijdt0WdtiyIPhnO,0
7BdlyzVvOqmwPH9dYtZfsx,1
4sSu9BtWSCWRNjGD2AvqbG,0
2ktxr00GpTtbMNeBjNeY8D,1
1VCdgndmMisCUlCveqNeJt,20
69dXVFCMiz3SL1L7M24NdX,55
0Gx6SVfpMCyjWjA15t124N,32
1bBYR801JoHJ6fOlXdmgJa,16
7bJSEMDbVDb5OZU85wpPkw,0
3Hmf4dfRIwFaOLLTyDRu3T,51
0gXjaxw5A3iAbzU3vF5bxS,7
2E3iBt2YI8AjaN11CH9xly,0
6NhoabChWRPxubbN5W9Js2,0
6Hj9jySrnFppAI0sEMCZpJ,4
26bstLPzCvzYu6A8beXhdl,2
7AQim7LbvFVZJE3O8TYgf2,82
6kx1LwREnK7STfmjfsgFic,0
378yquDsw6F67Dgq9tnQ0X,0
6E83K2PlNqMIEtiZQP6dAD,0
2po94eDrY4zC6wQ3bMAHqF,12
5hOnCHMwQdXOd4qfAWEhKP,56
5j8ZwBwmvQBOHMhMVrbovY,4
5QN3wtPjyv9VRL6f1f1EJc,0
0t0B378AoBxQ9Wuq4VT1So,5
2LtKpIWqy79CQ2NgD7O9dW,0
0RKcEMIvGTAgGBEjjfdUBN,0
2rpW6YlfARNrITNWJbqCgM,49
2NSWi83peog6gHerzlMCqU,0
5m8gxij29LQHtcqyshtSOq,11
3TLwAp3uX1nKsVxrDhNPOL,0
6G0FACzGN80Dj2v4ass5rq,0
13ZyrkCDmRz5xY3seuAWYk,1
3Z9vR8JrHFyyjB0JoHzx6p,46
0rlHnAs05Bta4DQ8YhwEBs,38
7FgoP0HIORmTsrgQUhLQmO,14
6alCTRgBPoeAFi2N4il9Q4,0
1kBbgxAUc4HQv7cgIayIDH,0
4vaxvNDaLSoD36iZX515ug,65
2zXRRaZSuiLFd4TFcfunEE,0
07zL0LP8Xt2CCM8MXA5PJh,0
5TtF9bUEJPCMkezphzGr8C,41
1NHZh7Pr4El0JCh02p8dHd,14
6SNVTNRFbYgLq9Y2rDKTA7,28
2CiZhkfRbCQETTlxQIRglj,0
46T7puWlH8ptC6lx7bQ3TY,55
01Qb6dN5suQNu87VJ1mIpf,0
2BmCen4Ww7ps0EBbobxWsH,0
0Iu5gAorcdocbx2Nz5Vos5,0
0poeWvwv2YzuxLN5OXOoIz,0
6dke5spyTefPOcKKn2S1YX,0
7m9OqQk4RVRkw9JJdeAw96,79
1NF9EkR5OpMaoVWbsllcm9,0
3jKa8I6x0RDFIioH3y9Ny7,0
16qPkGAjjtZ9dKuSUwpFB5,0
5ls62WNKHUUrdF3r1cv83T,1
21jAVA8NgkB39vWQg96XqZ,0
0AICBlLzFCTpUqmAbtzB2z,1
3UxORWLWBMmpJiumQ0LNHu,0
4VE02IlNVRSXPk3p9B4Nxz,0
4Ek8WLusFsNHd3c4tRwBtm,0
1fCeXjoRExPP2qwSBh2aST,72
7hf89cT5FEmLV5E9fjrjG7,1
5AFXAnmid4MBfUGJHISTqT,14
21OgIYNglfbUMkVXg6mBX3,0
3SuuGrAqprpL6NA9xMqC4K,0
01kmEgrTZAGvJNicVB7laT,0
0S0vWvyZ6Rc79TXkWxT9QA,1
2u7mxWSeoqTXndK5e08jMp,65
1H2pRxXY56cJsNgAS3yC21,0
46eK1kembooWblMi7M7yLM,63
7zkLlx4bTeeyUyzs1L7gV4,0
0hcnAHsZFmWhZHFjdPshUR,0
4a4FDbcyhBUtKwJ7LwCdml,0
4jvjzW7Hm0yK4LvvE0Paz9,84
33BCQDhwZyiudb8Mud33tb,4
1B7AZ8Xq8RqaCp9OrQabaI,0
4rnwyJPkkkvU6Xo86YMD1X,0
68kLzyjFtXoKIv4NZQlZYe,24
41MCdlvXOl62B7Kv86Bb1v,2
3XYcMmKk46l4WYMUSrfphS,0
0kqPVx9K9kEpaCMrGOpSBa,0
26ywHG8DhB4gB4t4OSVpb7,17
3JVpozwCbw9CeB4UFhGeTR,4
7ykSBYS2P8PaAdeN7PsSNh,0
0mTDuNjEAI4v0QWjGlUK3u,10
2JfnRptu8DCHHaykkjUhwD,0
1b9yFGTYblk3jNF2g7fyBh,4
5IrEe05SfQknNhmAgCYbVI,0
2B0NWaXdBWotmNYMvnKUKf,1
2PHugyVcwpbzP2S1w3fDTA,16
2vgFCNwsIwzCi9pDDGr24Q,0
41tLoZnFza5CXreOwxzQar,0
3f6rlmQJ5pumaycQCbTPIk,0
7neFZPQP2uKCVtegFhL4EW,30
1If77EYTzi5qlM99wbdq2f,0
4ZfvEED0Fel6LeXXvJZVFs,18
5DUucTw6uLj4I3PvzykLKg,0
0u6jXPQBJRNAI2CYwNq2Rr,0
4MsseLhzh82O4VnWsCZ0Y9,3
2IbwACe3EOAMoZkoi8ywM3,3
2QsK0f4DVxH5yxYKEU2Hjs,3
1c4zFmRPnka2kNwFooLPKZ,11
19BehVEfgzWdksWM3WAdqO,7
3PN3yKVy2jBmxQElff1Yjv,0
1IzVAYsIMoIyJuNwP4UDTp,0
5bRVVn6Q1SKqgV1EMkYC2p,18
4ArA9naHLP8tM5kCyRlxL7,0
1BozLp4I0BcqA5hDAhxV8h,19
1JgxBl3PW6awQlHE2cHDYm,4
495nZkpzgWgnNYb0TO0b41,33
3Z1Xc4igRjuW1jAw2BSm2d,0
6WTONedGbMBlC2vRk02MJU,8
3VgaGYl4FXuI4wosflc2Gg,28
6ulPbMD0AFYuSv5vKFxd8i,35
0iILtbtok0PSKv0rFVIxSS,10
0x5bGvKpFs4OSV1EK1IZOk,2
28PYfxxCkNec7BhDuOiuNt,0
1NFphvohpmurl1NPmkVdzT,15
0ktFolmn0p5wVEPDfrpaka,16
7FGuyTjqH2dmk5tOUPGZYx,0
6UU22txTs2o0IaHnDYTk4H,0
5GaAU2dZRrEUBLB217ufPr,0
2iJZw6ten3NcgjJmX5ZoxO,0
6SNUuxeg0NWXSEkFirAkAM,51
2BcwzjPvVSkek2ZLdh7C9J,47
1cEDPbmrlhoVK1h6BLwBYS,50
1LQiF6aZfnNgxerxWJRbxw,0
1mia2jUSO5ea1Pe7xmsLV0,41
4NZg8df9BxJ6spPDnr6Z9T,0
5DwYXHM4FuBXD5wyGjFl0r,0
0tdmvtJZdqkZNgt7rec50j,34
2zUwVdcaXijMUqLsp9BycM,0
5BN7zE313XgFeaYDkhFIMl,6
33ecyF2OHCK4HFUSp1hItE,41
5rK0pyEObO4DBFLy682QvR,58
7HvO8vqEEy9gQsOhy2XehU,6
0FjkcycxVB1Jd7mcdEDDWp,38
5Fx2UrcQobzM1h2ihdhsmm,45
4ORMraWZ5vUT1Hzrz6f3lG,3
0J67SeAqemmeTxZ5K4X33E,30
2mQ7KmAI8gFLH3baaDXc6o,35
089tprIgsyFSOrZpugamLI,36
5FHGdR2grg8WZIKr7CExs3,32
5EgKqBgtyJVLvf1CuCuwKR,0
4ToogKQq58R9TvO40qRuxi,1
5HSMoHAy3sH6ByONlp0DIa,17
11Ko2RWkUomW4PY1liDDrd,0
5Ce9z7GqSknXccyppRxNLY,55
5L2BTetlYhS14tN8PYvz7F,19
0D8n26VxzYSDIMhDO5JPjO,35
6wb61u8ayuanWSHZzle5od,54
4MI4ZR9z3kiCimG9izONuu,0
1ivuWgxFQb2xzxVNSlB1hF,62
1IaIbjNFk6i21FyXump6Dz,29
1T3E8z6VMXSsACrBSQHTkN,51
09dwF4F9mJSoy5oHd2HWFg,0
4Ijr3J0lnLCGZvpXBiqCjU,52
3YPlsrk0Voe8AOa1jyN891,52
20vHuJe3q46MNt4Zj5UNQ5,32
6fvB2ft8IylK1coIewMPe1,0
51hSi1p7g2KdXg7fJA1Hgp,37
4iD4xA4EtVhuaHZC7K5Z08,0
1XSxcjQ2SfYj1fcAxbaLS1,0
7sn0OyaKn1XKx18JjUZkSw,49
3WmVIlqFYl0uUf7rrVLQYv,0
1E0EOstQRm7YMhFpmDJzaB,0
6Knx4Tp8hE7IlYtde2dCYI,0
4CANqU20rw8PXzYvocPzp7,37
0JITWDB1tVUH2VUXmVtYpL,0
0v1fwr2J4yuInxUpPaEd7j,1
6HCDMQZMIa14cCb6mQkLEo,24
12REd1n8PeiHHWOh066tpr,0
2jt1zmAB5VEY9TLNNiXLKW,38
07CQ0ux2CwbaVN05sfG1zN,0
6Cs5HSps1CCjGw2KyzbFZl,10
0DosTwoHVAziTd3GfQNIef,31
3W2ZcrRsInZbjWylOi6KhZ,72
7CotyU8EcChJlqOFnxPPmI,46
3WtCu35qpzGCLIGa8pczdu,54
4fNDcRXLM39qJRgwVjtI3y,0
02Yq8TMuecXONAjkORNJNM,0
5JCi3pyggvk4B0yd0BK3ow,68
3e6UZyCx72Td2E4XNnmmFF,0
3CPBmuUQnW4b2o4yUlJOjx,31
4bw3ZyWA1ui0Adu285NWDl,50
4BTIG5pFipamu8bCjQXzIY,19
01XFgRZfZI7oBagNf1Loml,55
68J8vrLOTrUUOzaPLtWOHi,0
2XFak3Sx0XCoXJpPt5TeeR,43
5qlSH8Be6djCR8QLWgr1ZY,0
0Vc3nfRMdvY5iX6AHVWSMN,0
5QcSDOm6mcvFDl7KBT1fHv,0
7guegNxwAH0uZsQx7i69Iw,0
5MGeW5mHnqeJiM0NPBbkEZ,47
6WK7h2WfMmnX7zOZnfzoYo,52
1eEEegafHzDJ2Znp5q6Qv1,0
4pWawf1Rq4qHDv4Ktqjg2D,1
185CVwvQgfW5QXXeuLv7Rl,26
1gV0hgMNdpSWeW7ZjSUKnX,54
60E5behybi3XUzcme2uojn,0
6zonhXHUitdQqZTqylx7Jf,32
2EYRVzZC1cfIQjRgvCtLyR,0
3OaunNUlXXs5e2PXtNAzzG,3
6vjWim6xU6tPjA42GxSp1U,52
72RFLY7sigTDszBRAKg9Mf,41
21fhmVio7JDL2WgjL4yEcq,14
28r8mD037GEBPG5a65YdDQ,36
2vtXB4ShP4eprgRW1IYpAp,0
16PbhyOxOEUtBtdKhr3UMx,0
59mH1qOaKrtOGGOu8kCrxg,23
3mof6Z6vz6gonsuIEQXank,48
0Js9hB2I66nJliPIJxzn2R,0
2m1uCqWvhy26vKSDKbfBf2,5
0BoL0e5lLRCOEdOs55YcIF,0
7IQ31sLsqagiPCDeD7SIFt,0
1sH8XzELvdFPkgJc7wz5Qd,8
0tZSzMyBgUvIb78NaaqJuH,31
1PZf3xkR1X0IMj7o924Gpx,0
2wdCiWtW5cbzEHX5YA5M5M,0
2Qyw31R2cnaEFgdHwBcT98,0
1jKq6jcjPAd2awwuYiPswp,41
6WsrPT9yw9gZyZn5ok3E0K,0
1sbxPVKNi6OLUdTHRrbd5A,53
4wyNKAZe82BNlp2lHiR1FX,56
08ilexedmUuccTWTeK7Dvb,51
6PQVjzciGxeHInsOCaTLkt,0
2LAnuLyzJhWS5ujFolCRY6,2
390MTexWq1Evy5eb0fMy1C,0
0m9LriWYZaNi5PesRbFqsb,0
1UK5Vib6AaWEUUk2qUia25,39
5qN1G8fSHq4Sv5FRoOkNGu,69
0nT2I8JnZG03UY9jRDHe1V,0
5NPzbTzFxIQPaheZuPhn4f,52
6iWnIObjnBMlaKgrAZgUA1,0
1YIqazOPARc41ThBqS7a8F,0
2pfV8fZZdLRsZYatVGKlUq,53
2U8tHbOzRICtm1GIg5B1op,0
7kh95COsNZjnTmc6aF76n7,66
1WMMrUKNFsnEG2csDURxhb,55
46lvmzK8wxAy66tjzXXSh0,57
6GIJ1H3QklpRlRVaMG2r7j,0
4UeKL6FD1qvuWlIjZdSzOL,0
02qf5aeUXhov2KmQeKQaVa,0
224EVTFiLsdQignUFLvDeH,1
7xXdY3jDGRj4szfxDrl6oX,0
6ANR2ylLSFSYcycw8JUnvi,50
4Egu7kAjEmygXrtX2n7AIV,55
7jnkjpQKNKxEPiG6zfvmXW,0
43Q1jBoHh3pQkh3Oy7TA1g,58
4DNzemGNnckcJSr8DVk8Uj,0
2WH26XlMjUamdUwG56ZqWf,40
5eBAi26nr0KPcO3ko2hvLN,0
7nD2JPaxIKUdxd2UWgnaGL,1
656wIOnR8PkaTASJAjd1pH,0
3rterSutbnjnBk6EfVzJdU,0
2fxJDRmUMatqyZ6ZOQi7RD,0
3THRF1RJ8NRAnxwzuQNpGb,0
4Uy3Q3h0VbWWyyiB1MmRoP,0
4uTwGlgAfIKQTnJn2l8eHO,8
7E8G7hoSk49VNuAbdSFiwo,0
6L74kj2KFdwfdLXTqyNvDN,0
46D8MyZ8htLBj7BjblMyeX,0
27WxQnneLTZBfiR4YyHN1d,0
04EMkFMFkTaxWciZvxjkVT,0
19Zgfi5KeY5dGm348gC4Vy,0
3Zkla0QqHsCTY1pWhY63GS,0
245sMgdD4VXs2GqDpTdq2i,0
7I39nvur6FAThKJDdFfbHc,0
3vTPsdhXkLKpOHhh3BReyL,0
1fxwD70zSHgakPFIAC0pz7,0
5YOkA7qd2983FtBQnP8sYx,60
4t8YQE2FIpTIq9SxeuOuuP,66
0OCWVpJpynKvCCm5fka033,0
4pN4icvWINm9uN3bElfbec,38
5gsW8TMmNVnevjq13h0Nlp,48
6q8Lb50EtqNeeJXXe8mMAH,66
3ITvHA9zhZZdBJsOsAUegF,1
3AKwyujeGxTQSZNbx9Ka3c,0
7ehmaSwhEZv4aaJzxsVMGY,0
2rZB6indPhp8C5AZK1PpkS,0
4QDIUcFQ5ffnm912AYcVdE,0
5hsWWWUEmfSmClsm0Wqy6X,64
4iI2kB0pyRFZdq1BJ1ZQFv,0
1mf4LgYP4u7AEdEawelr6s,39
3TULfiOzT3evheiAbTXOqR,0
49VSioK272TASR4r9vRTuP,1
3g0jIUgrlOH8VTVyCrT34Z,51
4TwIbmabI2R5XUhqptk6Ev,42
6BMfjQWq48IlYlQVS5BFRK,42
5MT96Zz0ymUJNm8obKZQr0,1
4Q41paYcm3GNVETL6w6pPo,0
7k09lnI8FXcEREvDps6oPJ,0
3lSfq8WiDcQXEn8sqHCTZZ,61
3CbG6pxtFrh0ZMX0AYOwT2,0
4QYQgJhBryglC2hEpVGrZU,0
7uYgVgRSgqluZclLS7wpp4,71
1X37F5I10iTKZU0WEb6Zgj,0
2xcaABUXHZ5WNc6TtmghbX,58
4iNapoO1i7iWZxS0v2DCsq,34
5Wr2fVAVxcEfFwvJhIInH7,0
5hKjEpYrJIJs6uPl7zw6Y6,79
4qkun7AaUFno3rE8xp0zYi,0
5olxoiU59KJZTbqyzki5TW,51
6AaeSJvLxywnQAKmJeGoWF,26
1WrVjFkswM2JthLruEiCoD,0
3V8UKqhEK5zBkBb6d6ub8i,75
3t6j6WNv2OSn6qm5Vxynub,64
4opLPmkmAviwAEfeHi39Fc,0
4Z9WGxCeroZeuyW3kEwz8N,0
4Wa1K30gzHFlntJ7gijLMB,0
5Roz9Q9bbAeYv4w9saCUKs,13
5Nkb9ux4VIUED4tjG1Z3KS,0
59X5b4uyBI594WAs7bGZBm,22
6ckFDVb7kFLqQYwNEY6z29,5
205YMaOKeRMN66gQvqw2Cx,0
2MpZc61FVbWl3Psnqm7qhV,0
1FzWGnSxl5NxY6rZM8IQRi,0
0dY6FTta6N7ViLnKDDkEf7,0
2vrl9bADuJHQGOdSk83jRD,14
0JnsxRmbo5OKst0vRdLGPe,1
1F0Kn3FLjl5yvjAdt1JVQw,0
2LSrYn6Ou5DYNa8Gh8TN5e,45
1XxmTx7ZzI2xLvS8SqlXs9,66
4z6wo6PJG4Fve45OXK6D9m,69
5DxXgozhkPLgrbKFY91w0c,70
3JVm1nYTM8rYRSp9XVKIw5,0
29ShXDWDedEwZkYc8Du08N,69
1tpbAGsGpZee5jDHMcLrUJ,66
37zdqI4r1gswIzczSBkRon,67
1b7T8NkRNgkUwrNcGSQI38,32
5PDoWY5Av2Ba3rWIdY9Ij0,59
4fj7e6Tc48Bmomwyz2Z2XC,63
4bTZeO72FwMa6wKOiqoynL,70
4ziiAuFyXiY1HNSLGM1xv8,57
7hynhxDoDpgMIV12JuVtNa,78
2x0dL6ARBT1fuxFj0TaI3s,0
4uZwCUcyuwBxvG4G2CsNq5,0
6SIrNxmmdbv1KUbFBu1PaN,0
67GuJrAVnnEUf9P9tOip2H,0
7qxNNAN0JRkSC0JyzlMIFf,0
25ZAibhr3bdlMCLmubZDVt,81
1algWk375QvT1XNJJbRsGM,64
7anSoGdgtmJTAPZBzcPhO6,71
4jBpZsZ9qx3cZhoEfuKElF,0
34w1ycoersTjtBsRQsKzgT,65
5Kr3a1wbMDSxdgDZzJhxhy,54
7rknFhrVDyxzTJkPSf7LoW,2
0L3DcFGrGtixx5MmxJbJNI,45
1g2Z2lOrwayOzDqOc8EfbR,60
5YdSlUuV4hAUJvv91bAKup,39
1k1CJlU1eAEpAbNK0TVeKD,0
0O0Zk85EZqJ56YUIuQ26wB,1
4lzxJ4jCuFDXXGkE1LmpKR,72
64474bdQywnlw8Ecxf9hGg,0
31UjYv5vLsDkzchJOtUMtW,0
6t94PGXYAuo9GbJEnMpPcW,70
5KbBGUpIZd6gVFUU8tqYiQ,56
4AKWHLChPxYdXAB2cHmZB7,0
5VQpJ2AY2iMzrRZKgcvNjh,61
69ZaPBHhRMRDjRpW1ivnOU,67
3T5QSIgoaPIh07SwixRDp7,0
1R2mapMAUiYqre6jcFX57g,0
4vCAzANUWDE24URV6wQ4ra,77
35wvL50xvKpCHEJPxLOLPI,79
4UEuIEv9Wc3wtiWUplGJ7q,59
4ByaTrfoYbXrmlbsTG8MTD,56
1LiN0Z98FkR1t0m8KmLcAH,82
3PKk9pGTfQBINlJrEyrH6c,35
6MJUCumnQsQEKbCy28tbCP,68
0ifLplTQxXkFZKMQpWCHii,53
59PYgzOiOjGDzjDT5N5oOX,2
116H0KvKr2Zl4RPuVBruDO,6
6NPjHwhEG7eQUQBoPFBrnz,53
2wRkBumdItthjYP9XknImg,60
6l2UmWFHtPqgWq0hnqlfJT,48
1l32xprL1vhaCYPZe3Jkxn,0
3RD0PGolM0mETGHaprwgMn,61
1ZBU5DSoYQwaZVgep6pfn2,59
4HRDBtek0ayfLQ6uc7rjO9,0
4Yk3S2fj55EIP6GaFjghSn,0
21WvAGxPUNJARcZoSqswd7,51
6BCEo2rSKFYVubwhXl9KxK,0
6XBjCetHKdO5L9cwMDVffw,0
3rPAD722s5FFNnwjC91t7Z,0
32Gk4O5K1xGfm0iEJKDvt3,3
5TnLXSd4h6G06Fbt2ApOpa,63
5jlLBqK31dOqXECKn3jlMX,48
3aaRK3htdVkK2pqOI64FEb,55
5YSfZJE0EYrGVsWeYqv9xo,41
5WJdUrZ4ND1TCZ2AsjYK3P,41
1Hd2XLitkt1PYCWSbfF5qV,53
4pCEIQ6wBVuaJdER5bALtO,56
7cWmR9RLLMY6bj28q4bhvz,0
2MJdgSby3DtSS7bUJx2cly,52
711MglQhnhOF3UAiAs9A59,0
3WRIaWsws011vHMd9uzPjG,58
6uSSupG4TMu3vW8QgynAB6,45
4uX8Wh4wxpLne11BhoHs5x,39
5iemvGR1EraL9s3XvohIP3,0
4Km5HrUvYTaSUfiSGPJeQR,2
1HTtUBEY3tuw2btgwwI2Ja,0
5NkfVQS8BkceRgoSQwcW6H,47
3wdfLVUhmX64lIyWIIEW8s,52
3QybPutx0Tjk472bBKjNWn,0
5274I4mUMnYczyeXkGDWZN,68
4kfEy7h6bWBS5OaDpccTap,51
6DY2TWhO7ioSmVzK3kuHk8,0
2XaInsPPUkZRkY4uFJ3AHK,58
0X8DcetL926BYiPJYstJTc,0
3iZ8223bfKeY87iTdcRMtJ,0
5gub2bpJRgJP4m4MliqtdV,1
2FUNBaa5DwItJtYEBgAblU,54
1yxgsra98r3qAtxqiGZPiX,2
4paAidoE8VAemwU4jgCc6l,56
43lYaovU2FoeuBMNusVVVW,0
6j0teRL3WdExzqmy334sh5,58
1BxkZE73h9BN3qwuA15TA3,1
0frzpcv2zCUk13mn0X824T,30
36evXa8bNvfBYNzePEWhG1,47
3YBZIN3rekqsKxbJc9FZko,9
5tqSUxm3Wpql0dlLMrIAp1,49
63HA3dpnOmdDcazJ9sDfrh,1
2vNw57KPaYDzkyPxXYUORX,1
5x6alRKb9sdCidGQz5luEd,0
4DnEyHNO8MdhFYFrDq73BV,0
2C4aYxNpoPkmoZ3ZdPeuOB,1
0ZEhlT9v8CdOKu55zhYGv9,2
2dyfo7lqKI7NtSAhUZwnoJ,0
267z5eJwlfiP5FZ3CklTtK,0
0GQuzKlkH0otZ01oMFzsSu,0
7iLeu3HnJt7hkxfrqO55V4,0
5j6WdDC183izbbjedKsSAe,0
04MNKrAnzrHDUzuXAtNoLr,0
09PTdECef2Uxix7ma0HCxs,0
7D5n2kpYH2WSqIyEO9MeXf,2
2uduMoxSNLkDBhyLS2JroT,50
46AtSShP5IL2Ls3uHpxmt8,56
0EHzXpyi1swR8sMpbVHcLJ,0
3qjLlHdGbwDQYKYldJp56p,0
2PrmCyoClC4ulLJR42z74O,50
3E5yOnpyHFerNmTVGn8ZXd,0
0ivarc4umuzp5I3J7lPDJc,47
39WoLsd8lNAdmYLr7z5o5G,0
4BZdQn690mETPLKmNDhbGi,0
5dlAkAIEusU1FJcyaYMgVm,0
1416zt0Z35YVGt97dXMbxu,0
3kSsbFBOdaflBNNJkiG1ja,47
3nW5v0Htr1ySk8czTJIA2V,59
4g9TfQAiEN6lDNRJJsiU9T,50
6fx2QjZU1Pf5DsHXMdGt0W,0
0SvH3iaSrSb8zZnMCEis6C,0
2foNAckCzsyD0HJUbmhTZJ,39
2lWfuwRnN6aSk50TPx6eCk,0
1kq4BX4zZHyr4O5cJGcduh,49
2dsamqceYOKqLNx2Ch6Zhz,40
638OrV0KtFGrxvLoAUvxCY,0
4vtXsXvSYaTfKQ0dJXbJGu,57
5bGxSfPQfAsC6sBcHT3aZs,0
2FEWcWHnDmGD6WSqpW4VYu,68
1JIQmOrYNMohZ8oygnm9Bg,15
2da7wnI5OoV89TsdKMM81k,47
0yqcmfdOv3RuDXKaloCKxY,50
7xKNLe9qqIIEW3I83x4crd,17
7rdtBpPpe4knfd7aD98h9X,65
44OKaUDVpDynn3LWNIwqMO,0
65PbE3qfKElGTcweQMmbzf,0
6lxOK8iqm78PEN2bXcjSEK,0
1v0lDRJHo9mptTxoGFCQ7Y,0
4N73fgEEennudER9hXnHOI,0
4qg1esFGKNCCRYGVVNrIin,0
5XI2EIihxzTlKLR4UUhedn,0
02AT1Z0nscuElXMWBEzEKu,0
3FPiGFT19WRb4D0bZlw9PJ,0
7dQC53NiYOY9gKg3Qsu2Bs,75
36lkJSDyMEZoWTqtRj8Q8q,76
7xUVverKyPPPAW3sDqXhfi,47
40b31eggZB30hoqXhGm4qc,0
1chu8wc9zbNqTQ2ahROys1,0
3D9iV6cYkYJRAPFO6DRKIE,68
1hwN2eAwsXgktvw9Qe8TrP,56
4k9pqSKBHYdTGjzNeRyQ0o,49
70mg60zcy50n3NWrjWlyRY,0
67F9MFQj4YZG2i0V0HCMUs,0
42dQmgOPH74StNUDD1hgYf,0
6r8cZQUc0zieslYpGuMmLj,0
13VWHWIIVckG3bHq6oduFJ,0
3ntrdR24dLkKrzSGRv1FlH,65
2YnZugg0pdEkAtSHR4dwFo,45
54CASntZ5zw4e9YiBX0zAT,0
0SEmf7XdvzCmmEjtpZKIKl,51
4nLuHzKM936R5IDgVwuDh7,0
4K0IHrrajSNyuYCaJaiNH8,0
3QmUhaY5KZiOuaUH8H71LG,57
2vbu6iSwyXGalSzaqLBiYH,0
1f1QPwS422JMbg2aRW66bw,0
1zZdGnwXDLfVe8V2bclJQh,0
7kipZd4tWx6Mu8kBgB2Z2r,52
0SkpjIqhANcC2QQu8DIuwG,53
5CG4RXjli90Zd1KDalPqeK,48
24IHwt3oO37js9tC48hWMr,28
09fyn2OvOyE55zYnQnZbGY,0
1XT3v8CIGQ1pbbSOhv8sS4,0
1ixeHnO23pDi2A0AWBWmKh,0
5phKqpI3sIyHPo53q2Rabh,0
7qkW1FftvUU5S2P1eNEBjr,0
37RqEET1SYQaAcHDxDQLZY,62
43Ud1IajwtBvw6ONj6aK2Q,50
41TcraLQnuKmJuJ13nNwSd,0
1EYzr2S8PJmqUsRMkX3cSP,38
3dFfcTFKgz4zJTCiFUP5Wk,0
2ZbFPXkcaYPq3tu1mLJkjk,0
7ewtBCQfNha1hzKCubsufW,0
22TOCwH0z9Mcwoa1tfQbro,0
1RX0sGFlP6GYbpJhyNDzKz,0
24brHv25QrIxV6MtdCKDiL,0
0szKeS5WTmnMzFIgJCQllo,32
5wO14EzcJEdnaDRmI35PEP,0
3uiMBldZ07pW0ySHDX5gzE,64
4kjrHvBGgrRx1X14sK6pnb,0
6f48rqjb5C1sEQ4KutBI47,0
0gDyuX5rdHulQTUyrIdSR1,57
5zgzuSn1nRgZX656hWdAI4,0
0Fe8UbYzUVBlW60IlcYpHE,0
2xp6qbrEd1TAw98MCdOcsU,0
5MurSc4fn80xQPhmCjTRTE,0
5n2dJROsTksXOXKwLIpEnx,0
78bOURRHOm19pTFIh0yuEN,0
51w6nRCU68klqNfYaaVP2j,0
6ceje6UKhygjO1U1TYvv5P,0
2jsbLRAHKu0FCZcbySednM,0
1pZ6n8YzDy1NDjopqJyFYo,0
7H5Lvcs6XoLVrde3bZfUry,0
4Z4zFrdGLhkXXJj6nOcpoQ,5
0DCzMvkONMvWDiOtVzyRUX,0
6aYRLFKPuIt399nJdro93G,0
38LrhW3eQSt3cK88dkvl5e,0
5KhICfI5WQDmdEArnSImOL,0
2P3VCrDzYC9XzS7Bwu5dN3,0
2aLbP76Cm8mFduDuntRit2,0
6UF638eAEk8I2gfZGw7Txn,0
5FEBPCGuAs6ESyb9Mw7qIO,0
6PwbCWiHXgYuN9NZl6Tkn7,0
4RvJ5sXFvWt8n9HHt7yBRD,0
0XdwNwmKWdMmSWdsxt8rFS,0
5Apf3vHBoTfRBTRhrndVXO,0
3dp70eMLPsq41O60QnJcsn,0
4lL4xJcnGCLl7JbW3nSP26,0
7jP9Pn6IroUryPoKlamiMz,0
4igVZAgZAqgPJFJd25p09I,0
3a5eLAeyZQfniimaVZBDRz,0
6vFsxu9TUJJVWzMtualgyT,0
42YGM6GMUbTeIDu0JXtpry,0
5fO2fgZVjB1ZnA8X2gU75F,0
5QVIt5N6Rg7fJHrwUt55Zo,0
30wNRf3NQ1PpJiZ2lzleeB,0
4GFOE4FOXH395LTx1Dc6DG,0
72ZeHD0lrIIBDlaZefI4bf,0
3Drz2lTW7fHczqAoJ3dPWJ,0
1O3Ju5VOQqYeO1qtHXf5bN,35
3e78YrVoW5M3D6NdGqCIcZ,0
5HiP7QX910Rql8nM89Mpl8,0
6WDywA01HXByEC07ZEKt6T,0
7rxrTyHE6wCoWEThKZ4ltj,0
0ZNFoXjeI3yDbXI4THHbzl,0
2LPuAf3r9zGrHwoxksaRhJ,0
3x2Vsy7q5bHgEPCbtPYKd8,0
51Rzl0NM0JDcGa21IA8hDc,0
36TvWO91cTW7IdDaKZtuCQ,0
0h5LK5DWEDQoTYemtRGMzA,0
3JzfUGNaBr4KyZwadF2zBQ,0
0iF7lmuEm71kVoqELFUqtJ,0
7ChIxgQeXA4jxAS0DE7b7o,0
57K5A7o09IOVm4zeMXrARo,0
70kYUoJbY7GMih4542i7mV,0
0BnZQnXONdXE0YoAPtHcrt,0
1OTI9UsJFPUixcVr8r9uaG,0
1Hfjy5mfIUsBLBBf4eqBnO,0
75Eyxd1VgJKKIqMILFQ8mL,0
1j4OXmXNhQRVtC53cSEtan,0
22p7tgi6cFVBaH7vAbgcUY,0
3n1DqizISmjSPzVmwkkzUv,0
2QIxieRCegkCSS2nDsBFRG,0
4RbdImUyfncUx7Jc7m0K9c,0
1Ijr9ESO1G5gqupDotJiVU,0
6YvIfawv3lpWKbezzrdFz2,0
0YmlzdaM792n2RWVcJvR2c,0
2UDic0ZlCZjpDEMKLmxZGz,0
34xTjg4EHoL2Hmyqirtkcg,7
5LXQeJX8ZGS7Q5ZZ3vtGF7,30
48rznQklzZQNqoeLZjsOod,0
0MoB0WyFkyRFAn1CWpcvCo,0
6syPPxFX5QgjxHARzThygJ,0
4twOuEvYNHNUc9dHUqhhUY,0
1f76rJMP93OCXuDn3lzq0S,0
4ygxtBx1enlvCscjiQPGR3,0
7tBXeBQumGSr1PWlntLBBU,0
2cj1lEpsMWrr1lBxXUZX4R,0
604YDMoWJXE4xXYnlMjm6R,0
1OzKA2Fs1llRS5l59K1QrH,0
5WoSLxk3XGNjmXNI7pW43f,0
0Re9GDvERhJTp8GIM3LLdN,0
2AgIKMLI9Q6Jc6NhDnciDb,0
6vtY62O64CdRyvAgddheU9,0
2SDAuEi5GkK4qkB0yW7LfR,0
48cCTQyU0wkJrHcQMiIXsi,0
6nQsRIuMfd5o0rJGE5kDKp,0
7MbjEnJbjyMp7KHxbpklO1,0
4V4mhOnXDBTgx6grdLUWHe,0
1rPi81ZEuzjvINM8cvNNjl,0
1PLxCD183hiMW2ajB5givF,0
32Te40UQyEMvCrVlw19d7q,0
0EelMuZQ6bXJ2eLVPZUIxy,0
59DbihqLQR5UXjYYyFgzYg,0
0xPOfvI0CIsuHF3aNmczdK,0
5n8hNpNG28hR5x9E3A3DD0,0
6IbF8SQdFWJxTreZOAhwIy,0
32BkqRIuuTGWIvoyz5BK6A,0
7q562HBNUCrrudG8YPPEm8,0
6EQObUawF65Q1uooP02raT,0
5k7SekU9GZjOAcCYc1VEtz,0
08AVrER4Kh0Q9ORinSK3SQ,0
51pvjqS1XmaObmjovRnHiL,0
6h3NfvlWed8jwv1xECzQE4,0
7IXa9vNBLDwqXnZ6gG7h0r,0
1UMTkDVCP1Osrt9BLj12go,44
0By2MaUgmvhMTzSUebM8Kk,0
36la4AQp7vTlCRNyC5NLry,0
58brvcrp3VivwIxRR8gT6Y,0
6ZoJ8bgGyCuGQ8shhKGkeg,0
2TK3tO5QKbs4Tsd2pNqr2x,0
6z11fdXJnPit4DEhdFHBOm,0
4kvXiS91TvzXLlxF7Bl9zT,0
6jljsFw0Hypb56SgaJSSSg,0
1Q3BsTZ2YrH4zooshxyhmL,0
1WwAVSB0J8faKs2UWRDVjf,0
0KtJ0y5Q2xS9UAjucbkcH2,0
5uMHnkSFTkYV764nfjoGKM,0
1faolBLC36cigtao56kZHM,0
1fPDldWK8SRdIjGPXrDqZT,0
3EXrtClWmgsM7dw75Mw2M1,68
3J58Ccc5iTbCRnYx2xjo6d,67
1AWXiUQjoQfcmqaBEtaOoL,0
2IZZqH4K02UIYg5EohpNHF,6
0f0k0OJ9VbaLHX4J1t2qUy,64
42e1QfTyPYWuoddr0ghc0i,51
4JGKZS7h4Qa16gOU3oNETV,83
15Trb1S2FDZSMLDzWfnlbg,60
4wUAQIiwXE4i1jPFWvz9zf,0
2Uovs7m5wttaD4qkr8vrzo,0
1ayRJ4dlr48VJ3FK6uPq2i,57
3mayeyaPg5DQGBa78LJM59,55
1ASMqs9x07lQPj4iMz46O3,46
0M7wMmWaB3ZIkGuRFE4457,49
45ipml9tB0PVrLFAJegcWE,0
38RI4pQFGNyWFVnhogStzH,44
0gEyKnHvgkrkBM6fbeHdwK,86
6jEcFhllWB0clBHFylomJZ,53
44qXe4KIx8bu9eLtTV1BB8,0
3g1iyXOgxuPm9zkzqpDOeT,0
3N6V8ppRNlbAhqwFzlGgHP,0
1ODEng2FFlNltR6S949ynx,0
4zEvxRDaKDoFlHxK7Hy0wg,71
5nYZAg64b6sEpukTSuuSUZ,0
2uFBqk6flKDuXiaWt0vV68,45
4azFYRLO5CCUXl7DSpluma,29
0YK7uBYSa7ereS84nm9ElY,0
5RApJB3xWzniVnHtQDAaCP,0
7EJvwHjf9NKCmYBBGOuwQS,59
7Lyl8T6UVffsrp0gx7HzgW,0
1aZLIbKEdsyqxyD6iNcrbA,67
18URo35acNKRTHfEdjTcGn,70
4qWizh4UB8BuSypZ3T1zAz,60
11C6xtJLOaKqqMrl9hQwQ0,47
54JsCk6p4v9nka5elPcRcM,32
4qjscZh4jfhkpcQG4ZQfi2,69
7dRhHLtfdZaIrlQAJEUZuz,36
0RVeadY2MbHz4Pe4MreLNw,59
1PUCeAtLlyLCSeoBkfb9my,34
4A2K78HeRoJAnhiHpCaSH8,35
3ybF6Iaia01EbXg5VmxPcb,53
4OYSOVUNixTBGRjcIKpne1,43
4eXGF4fOubY0IhWieQ0OoF,49
2PFIZFcGry0po3ZfRZkzKc,74
7iEVmnzJr1V7duYKPWplzp,61
1wv8bYmoqY3TAKKQY3Qn7t,64
26vKwxgkbm2jcKyjvmScPK,0
1A2PWRltFrX8iB8IP3CUgo,62
1lx8ddGT5wCD6W2xmLeRKG,73
0GIOPJKTSxagq3rq07Ch3U,0
3g3PQ6TTd6Dnb4zt2d8B9S,0
6uPnJMpmcYw9f8oyQZP4XD,0
2lNm3PtNIj5DDZa96edje6,0
5PM96PMKMfD1lLX2lryUsG,55
0VMGij4wSGBM5pSTcqjxeD,56
41th2RVnBYzhP4EQse7jAC,23
23IK8TF2MSiLnuEjaYPfVV,66
0t6DdFmFQhQYWhmfa5FJer,54
10b7RJ4vWHQFxpTikfsf6A,32
2LfPYFstoasEmLDNK9geH0,36
090rX2ouW974AT3dFCxJpc,34
4rOuAGIlNReuhNunv0eZUp,0
3i749PIamGcEauiV4s1ZN4,0
5BugaNbZM9Lc7qUtd5FDir,0
2fnuoul0x4g8ZYkAYNgAgZ,0
5vuWELDzHEtD5K7yADIBpz,0
1lJZSsMoWEbrgaY6CxPMf8,49
4ybDW0xfRBCPwsjwFOUzZW,50
6BtlcfCWVBUEZwFaNJ0QMO,21
4FwiCTQiiopyzLJ14cGCsW,0
3r7wIvLStJVlbTZsibIL2t,20
5fSVerSB7TpXkUF9BxTUcP,35
4sr4NdrPfds9Qfors9UkiO,55
4bSWx86yHmy6OOMsQPU60F,0
7JmsQwxDlC89imxewJcnHO,0
4H3vuLX59XPqdtTpIesGyS,45
6FSTE58Y4IDxTj8vbfHQc6,0
7aHRctaQ7vjxVTVmY8OhAA,3
1cOj24fUMnBSXhtp7waHVW,50
5lQyKTM5MZsrObdRbIjJv4,0
5tdKaKLnC4SgtDZ6RlWeal,74
6N5DRCQUSXT1qQqmqsO92B,62
2avaSeKHI5l4sLruVfLdi2,68
5BXj1QDRU77J1ngVavG1tI,52
6yJxCltgtmGxIgKOS6ndnu,73
19u5G7pWq3Nj6lQiP4W4Hp,38
1eyq8cjUQ2daFthW2PC2GM,75
2phcupbmqItBvC3OnsHQLF,0
4Jg1nU6FYvCWkqFw8Kr4bO,0
1vhNjOtmfgoGy4J6ijCUSS,0
6V775dYuMO5BKjo9C3nhqL,35
537yo062QIz16oQOgxmul3,53
044fQJmT2fZUYcA3BnaOL2,0
1Hs3XZxhdpHrOyiZBB4kEK,0
5fRTUCS48zwiGai2Ku8gSg,0
2uXewDKMktNkkMfotqSxN6,52
0snPJPxkk0MbTc0xeUvAPt,67
3FdHgoJbH3DXNtGLh56pFu,68
2qxrA7khrMA6icoq9cn2wY,37
7DGIv9rjJSL7Bfls23QMeh,0
5xbqrbNPBTAOGDA6GD3O46,49
4gpext9x0CbdD9NWaa4nDj,64
2dURQIBrw3XcHyVZlfdpC1,66
2sYLlZU3FuCF8SKNeIvdKA,42
6VzfdkKU7J6ideJPwVJnAN,37
0xpBr84T3FTm9j4D1MdPtk,72
1xAkznu4j1yRIkPz16JpNP,0
07OzC5JlcaDwEkzWmvqp6y,53
2Q0HXXMkR28ZZkyX30UmLc,30
3WrOAryvCUOVsm8P8O2DoE,0
4Y5yjzs9FFw5qIgfZBd43I,54
7LoGfKBAaOl0nxhodJ1240,64
4m3OS54KWywYhP7WD7z1cg,57
5AM6VOkN7ficA2O04f5JG1,47
1ESuT2y9AKu1zMdxq47qW5,0
3LVRM23d9ltvRoquuZy1Yb,20
0UhZkk4agmJpbMCvT3OgLG,24
1I5PbTAcWMqV66XR8B2vzK,36
7kZZ2Hmkg1zfwrQLsmypNE,35
0rEFyT5IzHweiULf6QZXmz,0
6nbi2AJ9hAi2SE8jH6mRKV,47
54b8qPFqYqIndfdxiLApea,77
7yqU5HODQU91zj8ahUaUX1,0
6Ce9ItNCpk2PkAMq5v6EEV,36
29pzjF6ZkzcW3ofgOVbF0t,0
6V50MyHPGhEmwYu0Wdyf0t,74
0uMMLry3hzWGn3q3loqMkm,69
4rr67zXmEYf9ykLigeEsbv,1
3bcYb4HwWlytUFLny0e0Q1,0
7BeV8s7R68eqPelMmvp5tu,43
6LDRTOMCSx81hKXAk1LuHd,40
5MEMiHV54Y5ODV1zvEPsyp,0
5UqqOfFa9DYXALpCCF8VwB,0
7zSDDsIlks515d0tZGM64x,64
5vywtoD7fO1CP0B2wtm6I6,45
6twIBPybEvGydyNzNz89FT,67
4P0uyibZjcXZLVeNOHBd8Q,69
0bkUkbJ1nEalT9uPKFP3Vc,0
5CnOM4UnkKNqTHO7SP5ega,0
4wUcvUiC3ljCSJrhwGz6M6,0
2dqhEdgLRNDz8s94Q9ouiF,0
3OcSljx3a7Ha50Zjyt5Cwv,0
2FOxO0DQmH32E28IyVJVzJ,0
7k6ntkoyptAT1c665S5LMj,0
1ODyPlxqhN8892ycF9CSyF,0
21W8a3ihSeIcRjOPn1Lz5F,0
3a47k5x3BNXyUiQTSSm358,0
24pgFEZBuCv40IQKO3RKkR,0
1RLwpJUmnVkJ5VbhhFTh1j,0
2vtC4gCZCmpojflO8HEjIT,0
40DlQgMasTSTNt06AyjLa9,0
3M9WVp2rdXs4B6a2hzJQZZ,0
0EpssAjtQP1OTQtrX2pUz1,0
3zWGkKlCfc6DUwV8AB2VAV,0
1Mj7rQgu2HTtDhKD90nnDS,0
4zQTsDZqgODryotrqkBvED,0
6aseQce2VFSVDSGCkXsso8,0
0HYw8jQDGqs1rBOOBSiV4d,0
4EHa21Wr2EPDZvA3LG0yOk,0
2tEloWf7PDkzLiJhxd5P5T,0
4JHdcxMIq6cPZMEqUYY7cD,0
1UrdPGorbZEZsV7o7zSLd4,0
4OYOndzBbcjxfM3UPKmOIF,0
3mXBM0LLk0bemiuCHyvQ9S,0
2rltyO7XkTWXTmn6dIU8by,0
3suGVjo7xyvFbK0WHbDlUA,0
5bycn7SuJzYnxte0W54mNX,62
70uUF91sbfXOyH4AInWYUw,0
2BURVLCtzmNylUqMVCLUbg,0
66w1iMtSQUJz5dsqJx4QPS,35
1TO1KYnFeSUqyRWuprjmZz,0
0Ll60pqkEBHqzdeclRHdnl,0
2BeTdjsTKX95HrrGolFaCJ,34
75n6R38rfp87ElycXr7OJq,0
2de98HzQLgj4mN9X68IjAu,45
4BzNqGFc5lil9r9i7b3Xzg,32
5UuikgHTxSRFRnC0zXx10i,62
6iZtDWu3FTuxu7AprIqA3Y,52
0DbRkFE2KAyNXnKzD9inpV,0
24tIKfTc9JBuBsmi6uNvcS,0
6ul8Krzy7gmzTtC0I6s0T5,0
0nDQu5i6B93GvUJH8iJ0y9,0
0VLETiR8ft4wZHlCQf3UAf,42
0r5Ju8WyodpXBHmg3f4zYf,64
0MYNeFsKpzBHwrJGfWZysV,61
7s4eOa9D4Qt7o3iRChaVIu,39
4De9grPWp74WguGnlhepOL,36
12UjiJ9QUzkjOeupCndZBd,14
1d4lS5M1URec80lUeRqUsn,0
3fmBFzP5khfnH8cyU6BAgl,0
2HuKPBTjdwDz4AgyScuMDe,0
3q4hJtKfWjpJrEFtSFmqAf,34
1N0tGBaY1qyZ7GLBoggpNi,0
1HfVdg6TNKHtpsMPc07HTO,0
7CaHAD3zQcvUBZ5ygN8cQS,0
3Q69IS4SzCvFCWkPd7o7Ny,0
4IcEBPHjmpQIRk1WZKfOdO,23
0RJJfHHtI0cSUyCzNUdBEX,0
0PgnokuwZfyZHpvGFITIsI,41
5PsCkpjTbGl6Z3BHwFHRMJ,1
6T4YnHyR1x4RfZD9dejJsO,0
0IHkWt2zUk8j35w9zqd1sZ,13
6go1wE4EM2aTQy4ciVbCWe,0
2j1lh6fHsusuOuMyxdlERT,7
4YrqGPC6YcQx7jtdtVpGyc,36
6A8NdRN6j5wlrxOl40pp4r,4
4lt2tEWKpwjxetsjy2psl6,0
60Evtx3MICRBjDGgMX04Co,33
5S7OgDkPpqVApvYR3pz75X,0
39BRogniQcxFIi9zKLxwxk,0
71lboXdN743zXxlfrsOSC1,0
71uQWxtXZDImodR71xdaWN,0
0BCHLiF9rkE4yk5yfoVDWH,0
37sATnMqADzYq0phTcUD0t,33
5AS7FLo2cPNO1r9SdYn0r3,0
2OgY6eAw7bnNwJLWPEtFLB,5
7tMGrAfLAtujIkw3vZDekN,10
42qlo3Oi69rOnHMmOKB8uq,0
1SXaNlT88KkWotaPlJwosb,27
6OUZosSgCrPo7WpS8daqUW,0
0twmhBUYGuEM0OnJDzrhC1,0
51YoY9qjpQlzNFtFnxW7as,0
5IbYzV2VzATfYU8JElbQgo,52
1o25WyHfc8wliyBaxF3RbT,0
6laytN8QTrImYMil9yMySN,4
1Da2lHU95BdwjkViCcMgvp,0
07iEoapGlHKFWWdM2YRsiy,21
0Xl09GwykxY4OFCjAKneHh,14
3Xw3GUiSfGxfyjKzaKZljD,0
78aWb3IqcEa8n7mInJiatR,0
1XyztmdCr3DrtpsBBrOkgj,0
0ePfZpWW9eDNreAMxT1rjg,0
60WI0RpQhFyXuyPvrPPFiH,0
2iyt4kiacKRcY93YbdnPCQ,1
7hf0pfANPP2TgaDTcbUuhP,0
1IH7pla7FUzFjkYud5zzNX,0
17u0JZTlZgmKeL2cd9DaP4,0
0OeBUQzpwf7PYIvGtSPGAE,6
0FZvr22qlD6sEJ0RDJWmvE,48
6LwAhn0BtAVreza2frwwiq,0
10qruR2WKhxzAOPnPsu6n0,0
6Xu68vlqiu05qseJTVKlbw,0
7rKCxh1LEubDSotIwPA75Y,0
0vqV7lfbSZ5QDs9qgw3PKZ,0
1lCRw5FEZ1gPDNPzy1K4zW,75
7uRcUUmZpU4YVZFNVZnyXd,0
08JVaI77aIffN0wNjTOG4b,56
4ndDbJMhpCC5DxFOzMmf4t,0
3eebg5U0X8EMw1Om4syYqY,0
0RdUX4WE0fO30VnlUbDVL6,76
2OgVsp77En2nju8pnCieVU,78
3k58VAgUkM9cSvRpjIVaC7,0
43GS3mtezoIFiuIZCLLiDY,70
5rpo9tGeFdtPSQtE5bbPDL,42
1EB3Z38oKDKVp4K2yEO2dl,55
2VVkqfGIVZdM6j0bDoaMkI,0
1HlGblweLq0eAwnb0NY1EQ,2
12axV6NUqaYH3yFUWwArzr,1
61Q9oJNd9hJQFhSDh6Qlap,58
2LawezPeJhN4AWuSB0GtAU,86
39shmbIHICJ2Wxnk1fPSdz,81
5MxNLUsfh7uzROypsoO5qe,8
6cr6UDpkjEaMQ80OjWqEBQ,72
2zYzyRzz6pRmhPzyfMEC8s,86
70YvYr2hGlS01bKRIho1HM,8
2X6gdRlGOQgfaXU9ALUQFQ,1
5e6x5YRnMJIKvYpZxLqdpH,0
2d4e45fmUnguxh6yqC7gNT,75
2EqlS6tkEnglzr7tkKAAYD,78
4gMgiXfqyzZLMhsksGmbQV,81
1Ly0ssAgeM7YqdHptao8Oe,1
6NxsCnLeLd8Ai1TrgGxzIx,1
2aoo2jlRnM3A0NyLQqMN2f,75
2PzU4IB8Dr6mxV3lHuaG34,77
1lhpxZT57yw5toGJtt8fGE,0
2vX5WL7s6UdeQyweZEx7PP,1
5UwbnHhjnbinJH8TefuQfN,3
63OFKbMaZSDZ4wtesuuq6f,10
2udGjDmpK1dH9VGyw7nrei,71
1UBQ5GK8JaQjm5VbkBZY66,8
5y4761pjcksXs1hNsCmc4n,0
6NTqBHONQqmud0ONBzsLfZ,0
0832Tptls5YicHPGgw7ssP,0
2f0P7iELCvAlV8j6Z3rGDE,64
0QwZfbw26QeUoIy82Z2jYp,68
6Vjk8MNXpQpi0F4BefdTyq,70
6HSXNV0b4M4cLJ7ljgVVeh,82
14XWXWv5FoCbFzLksawpEe,73
1oG2vWELiGjIqxwqGcyqwF,0
7cy1bEJV6FCtDaYpsk8aG6,66
4ItljeeAXtHsnsnnQojaO2,66
3QZ7uX97s82HFYSmQUAN1D,71
5X76oXHcR5uCXali0gOyX5,0
0wJoRiX5K5BxlqZTolB2LD,68
371VkfwKiXJxgH5ZPoQNHD,0
3UDmHZcBTQp8Iu8droNtUl,59
3gLlcZQMvpwgtV9THHXrGp,0
6qnhXRedMi71TBYRc9jm4o,0
3okPiJwW5nCLpug12sCL4p,0
1xKQbqQtQWrtQS47fUJBtl,66
3MODES4TNtygekLl146Dxd,71
5UYPZZDQfpCE7A0FDDqv4k,0
5uvosCdMlFdTXhoazkTI5R,70
5ZgZhzQGCqVwPydT4CkH0W,33
3RkS5epxKd1SFlDdLuKJMJ,0
4pj8ElgSWmmy5LT9a7jb0s,0
74JdR9aXE6I74oS1BVRsvb,63
6mFkJmJqdDVQ1REhVfGgd1,83
5HNCy40Ni5BZJFw1TKzRsC,80
7BtYJLWUl3zms8owH9J8ZY,29
4xh7W7tlNMIczFhupCPniY,67
6K4t31amVTZDgR3sKmwUJJ,89
1CnN9udhDokm7lARZjMji2,0
45Zo6ftGzq6wRckCUrMoBJ,29
54flyrjcdnQdco7300avMJ,70
0fsj3HxzBHev6EJ7OLFE3r,62
2djdCbLj1pzRmrDNe7PkW2,44
48emF8Tq5PYlChp9ImqZ1o,20
1Krtfh550kyhfWPcRp6SnD,0
6kZFIsYCBeuH0f1zGk1UoM,0
5LNiqEqpDc8TuqPy79kDBu,59
7N3PAbqfTjSEU1edb2tY8j,77
6zeE5tKyr8Nu882DQhhSQI,78
1dv3ePjze9tPq2pk8eWJdR,1
7IhkWF9zpiYKlU7CxHxYT9,0
3aoDEt6zSuYQ47gzarlaVo,0
1qRA5BS78u3gME0loMl9AA,78
2KmEgiY8fQs0G6WNxtzQKr,1
1zGk1kgAxCpg6PHjGuLe4J,0
3sY6z4pGcxpMwx3W026WtU,0
6KTv0Z8BmVqM7DPxbGzpVC,70
3IOQZRcEkplCXg6LofKqE9,70
7Ar4G7Ci11gpt6sfH9Cgz5,78
5EcvzboYmDIfXo9gPplsSB,0
0N0q5D8KmH13mmODXJsJqS,0
4Zau4QvgyxWiWQ5KQrwL43,60
7iLGljK0LNpGamQQEOuCRC,0
6FsQrRpBLgsrFeAeiQqytm,63
4vO9dmzNRqDhFY3jD1a3P7,67
3x2bXiU0o4WbsPkawXlfDA,0
6ToM0uwxtPKo9CMpbPGYvM,71
3KPwt1LBpt1jVSHz8GXERo,66
5uujhDA7WTFfGBkLh491KI,0
45s88Xopo6KvHc0PQ05aGg,48
1ZhrREyOOeFV6TxDOyiPwu,67
3x1v32I3SZNvC7q7bDhcGm,50
6hTcuIQa0sxrrByu9wTD7s,73
0hMNAUx9fFBdYQRO5FoQvL,0
1xMhXZTBy7ijeYHEcroUzA,0
0FMjqbY3aWo1QDbo3GwXib,67
23khhseCLQqVMCIT1WMAns,72
6c6W25YoDGjTq3qSPOga5t,61
0fQuzbQNLcD1ofo7B2NcFI,58
4GKk1uNzpxIptBuaY97Dkj,61
22uzF19LxQW87kOVkR79Fq,52
2u4uhtETtcULnkBfFHSnDX,50
77yuzxCS3csrgTPSW0pvyk,66
5RcZ84RmZ0TVTZQR3fWHoG,35
0VAQB7OYAoeRZH7sLmhVT6,41
1NleqQdTDGWJBk0bVxldab,32
54eZmuggBFJbV7k248bTTt,81
4IU1RL4BKvFyXtbTwaHAvW,78
2Xb6wJYGi0QXwURw5WWvI5,75
2DnJjbjNTV9Nd5NOa1KGba,76
74DrA5fFoGSy4xgkZarZtP,62
4LvtB7drFpQ4UzmFHcSnCC,0
4mxaH9MLP8VN8vXX46y3Jd,40
23IataC4bHhT7D6KHA5VOe,9
6FBT2DHxQUjiECpwgYIBDH,0
6ixpB9xuMwMj4skSaF0Pay,0
707Sfl5gopQ04y2WcqBIc0,16
4TjrIZw2QxJxbVjdc3XKsj,0
14IKLtPlsqWL077svIJYey,42
1b7LMtXCXGc2EwOIplI35z,63
500h8jAdr7LvzzXlm1qxtK,64
23DZLSxCK6kM8FF2RlzKDl,61
6V1bLBjSgfpRfzYHiWvg3B,0
5kK5QHkx544IrrXBngWct3,0
1lL1jDnZTH60djVb6vKIQj,44
4tCLN0iZFhc06cQvqtkp0Z,0
0eti3iRdEgUxwcIcN2N9DY,57
4OqbIfA4l8zGnGBnjBBlFg,25
3c6vdiLeV9DUbTMWk5H3se,64
2bS2tETCzUmjALnXEvhOGo,58
3bRcSxW2FnSSwrzoYT1knV,0
2OyaNAq8BcGstyzueloqpE,59
60VcYHxoyOdZyFb1EaKJdN,0
4jkn5PRfAJoKfXF0OPL7n7,44
0oAJ0BThYPkafNe8PNLqIq,32
5vDybLvL75lAj2JGh9jS18,31
4c68Z9wLdHc36y3CNjwQKM,51
5dFoWIiJ2814hRwMYDcFiU,68
7eth0jUe6YneLljRNBeplO,0
7vqubB6rY1NpGVGpHYobbQ,0
4sUlsy0tPv9n5nqrqeA0lE,64
72hF391fEECZcAEDea2Bb5,32
4v51rv7iRmKL2c0AgeAHDr,0
5QgFvAiE7oGCBLt20wYYb4,0
1tEuta3fSTK7fXyr0kCVi6,0
0RkNZ5ZCtMEeKwJktquPQJ,37
2KHls7uaYRy37TSyOoNrqL,0
4h0Mdpmg9VXarbLIGPqJUs,43
0NIRG3SEn2Zf88o3qHJil5,54
2pkPeaj86ZEVHhgAEncfp0,60
7hxnlRuYmF1rU5WO6Obw8I,0
0Y2SrByf4G3kbq2nBEHQRn,1
6hLqEJg2GnnDG4W0Y64hyD,49
1hqvNLAmwGTh8p3wReZIhV,0
2vloGZOASh0PPNOGrFNMAO,31
63Nj3NsQkLQs2MKgWk1Di6,0
21OMoOg39izMJVeSnJjKyC,0
7ePFDzrnLt3Ynqgy2UFWri,57
6F5cYcpgvBNOG6587ur76V,22
02UCGTLUpezK4xMFGYsa4q,0
3wRiwV9HdarzkktRH7If46,47
48nCPUtpcZhA3EaeDSot7T,0
2kBAG8J7THPwTlXEm7GHG2,0
5Sr8QyyeNzeYHZ9yQ9Y9ZV,0
0FeCO85RKW8fDRytwXof2x,2
6bKuIK89XZFe5fwW8whUlK,51
2xRSduz8OjTtAC6HPn2qT2,0
7bs0ZFoLe8ovKY64qsvEg5,0
4FFKYMQcqGIKLp4pJRdkbm,0
4OJFkrRQqol4FsPesF8eu4,66
2QgWuCtBpNIpl5trmKCxRf,66
6xhEQmrVvtpEdw5mfySgJw,0
10kmdx4OFs3OHwGa1CfYOF,0
3HFdPsHeAtmIrCz5fOYnp4,41
4LG2jXgisjVZq5SUAPvkV5,0
7lPjS6Yd4lRk4BsboDsm1H,47
0s45sL9DLOcro6VbmagQKl,40
2x0supcZhd6NEH1nem9DnR,0
7IBfmCrfaR3SLVemWhsucQ,0
6o5UNB9tYzUiTPwizwjDov,0
7MX4vfOgVipkrlMyBM2jEq,0
4dBI72rgkmG0gTzswyBTzz,61
2oezpnnea1VXHpJEbqnBhw,48
7CAhxeaTYXn1qWNRkZl9ad,0
4FdDorlbJTVHcH3djLbIfn,52
19Xy2vr5mS7l9T3S90Jlvs,36
6KjJGpDZ4wdshirWmqBcT3,0
3CKLPDN1AIOYa7QPpy6oDH,0
0uRzka6sn4LVUj8sHQELYz,42
0kYIsBXBR8bg8JN6xuqIDK,0
0SkmxNE5ydxiEN0hzJbMac,48
1HOMkjp0nHMaTnfAkslCQj,71
714hERk9U1W8FMYkoC83CO,72
7utoClKnLShFg6u6dZ20gp,46
1gIKd24bixkgYzuxse32oR,0
4twhYPDyCP6ICeW3TtQVxP,52
2BY7ALEWdloFHgQZG6VMLA,76
1jU4fy1b3oA3V02ELBiXsm,16
2bwYGPDCC31QTdFca1mQRh,51
4uTTd2SlalZoG0zVgI63kH,70
5gOd6zDC8vhlYjqbQdJVWP,72
7gSeGMqiOrv7ftmxYLFaOA,0
23IWhAK0cYRwnBT5EE8i3u,0
0qUNXZL3rzJ8cXM2DCmQcU,0
4VqPOruhp5EdPBeR92t6lQ,78
1hwJKpe0BPUsq6UUrwBWTw,73
0vg4WnUWvze6pBOJDTq99k,77
0qAMjeQFyd1qD0LDiV8gWp,66
0d28khcov6AiegSCpG5TuT,90
2UXjdnCvgGGIXLrAwCVVQT,65
0ZSmRnXnP5fdANtVlCok1g,0
1tUuMjAJR9vBu2vNWvlYmy,44
0d2YnyIPgmPQqNSzDg8s8Q,0
4yjlWacI4vXSwtE7Kq7rUH,38
6n8TMVyFKoUmDc4apxceRD,69
1hHuyqVCZCbhYQixEkdQCo,0
4eNR2akrNSKuDAJSJ8qLor,46
5UOr8cSoXfiwK0jnuAQbmi,0
0UrWr7Jnu1heq1o99ZwUd0,71
2DO7ywgu9cdNqXf7Cukys9,0
10rChmECwPcvTTj4w07hq4,71
2MJrwP7dCWU3Eh3BKfum0O,0
1vxw6aYJls2oq3gW0DujAo,81
5F9Pe2Tg20NRi8N4cHHXUD,43
5LKdAzDeMyMXezSTIHkXcE,47
2bfGNzdiRa1jXZRdfssSzR,77
4Qmm1kIX3RO1DKdsYQbLK0,47
3fjmSxt0PskST13CSdBUFx,83
13yEuYLJYxPCLJR0KNOqpk,59
2takcwOaAZWiXQijPHIx7B,4
2hYGXe0QDxegyHwiZnWUeY,9
2LxUVIA86AjulMdEDQT8DX,0
5TwHsJUggwl7XFDv23ihSq,32
4E89wfYbGzoNolObrFhoG4,56
3skn2lauGk7Dx6bVIt5DVj,77
6xM8oBy40nK1rOd8WmoOPx,70
3OK8lPgSMxSLNEQjzCxQXj,47
6EhC21cpA8PyzPctiOn0A2,5
5yakRZmZ20eaZ1J4nDgQhN,41
4843z32hdeFmLo6QBFPsCz,15
6bFsQ6yOp3z5mGNkhWP0P1,68
3qg3xTiFPdUgyUOcpoaAHU,29
172u95XX2JxIfBZi1v0vKN,1
54V4rnG41aq4tWzs76S2oh,5
79z9QkhHePTFsSeVw9uyj0,75
5YscJrQyvJVR7vPznSj0gy,0
5fVTi3rIiLvsEVYp0cRvaI,0
2AeVt1I87bc51FMKBauPGU,32
5wQnmLuC1W7ATsArWACrgW,80
3twNvmDtFQtAd5gMKedhLD,59
2r9210ixI5FD7YPopfJXnf,26
4faFAhOflLzhfJECveRwva,60
7My5AMVGC5KUYgsxZVOQUI,0
6sqNctd7MlJoKDOxPVCAvU,73
4pt3aXQojX8kMhpLUfqz2C,0
7afSN5zhUhkbpRFpYKYztK,0
63peVCtLTPd0aM9x5j97sB,0
2KArbNRAnfGcnZ1gSYhVy5,0
37qI0mchgzUSeUhPiwUWPY,59
6wvOaXPldVKgvpFx7E7hI2,31
3ZaS7Bcz9tpFIjfst63tSw,49
73O15OI7KZXrLdsjCbY9aq,55
2YIkyCfSVOoMUfN22gqttg,35
3yhWEBPvWuUIsCWeK3OqR9,0
4JYX9gxAGrRduTHDVMqYXj,0
1Tk40VZ0LpBjlIEbATg5NA,24
4x5WbFaTTCexxBKbUyfBcG,53
4ePP9So5xRzspjLFVVbj90,72
7ANcjNhtvlfmb2RVCJP7an,0
0DqMWvzd9AU6z5LBEYSs4r,34
0jqK7sGTLsHPkQrrcrGuKD,71
4wzt5Rrk3W98pHXAqutuJw,69
4Yf5bqU3NK4kNOypcrLYwU,84
1ZAWaJppxtA3zPh1R2W2wS,0
1zZvPumuScWPZKZOCC6yq0,43
2OCnv9RtflG2LLlnhK328S,30
672N8DGGTOLCOgWe0koX5g,56
1UEraN1dxpAjEQwqrgYaYf,51
6l9HDwqU46DHCuNyvbmFdP,0
4e7bYFhQe4OWwecjtHyq1m,0
0xM88xobymkMgg46MStfnV,0
6XRNCAnxJIB1p4RPdFVSq0,60
5UAtga7XRwi2Y7Pp0sTNE5,0
4E6cwWJWZw2zWf7VFbH7wf,73
7mp3ILyl8RaBLr6zzhPyWD,45
3Lc9RexjkRH4ButA7diDoj,40
6zuJ3bs99RchNQ7JUOSY1k,0
7jULmqRvuEsvu6OkWkjBgl,30
1zVBU0PAj7ZUVmVfG2pgQG,65
59kTVUKhpcFw9zMLPSbFvH,53
3rtkoN3YlwVmDgXf4DOBee,38
265Anh9hGoozFigjUVLUeD,66
305WCRhhS10XUcH6AEwZk6,11
0UY4FvG4f9JI6kBR1BlWrZ,71
65N5mnAk0WOubXkCryAxEe,0
0UFDKFqW2oGspYeYqo9wjA,81
0lP4HYLmvowOKdsQ7CVkuq,80
57QoP2UP5AtmqSmrwcj0r6,0
0N5x5UmYcbBeHFJtCCqf62,0
1qPkQp5Q9R0kZYy4qcvRPw,0
1xgxSfIhXS817JOmsiaG4P,23
6KBj27Bko8gh71gpx0PzIG,30
2MvsO4jP0zj8nBrKEfZaWt,39
5Sbf1ONFdUHbb88m9VUqDN,53
3gy6JIMU5Z7e9Yswdv49fG,44
3N29lMZHMKTVGXUN5aqzl5,43
4Gaco6SiHpZhnPvNsXH6Iy,52
6VwCoudO8cLDMyxTtIBu4N,43
3AsOyKDvFbDpqNXkcpehf3,36
1w0hboEMff54kez5XXyRNP,54
6MYt4UaoTAi7brJd9USgyX,40
1vVm7saDXHk99SU5BFUDpp,0
5eNlrdrZSTnfJjXpPg1ykV,52
4f3nDjgqXurMryYBSp0TZD,62
3guN9JoezwUL5AmQa8Iiz6,51
19XYXNGFgeb6Y6bYvMg3eD,41
57sk9X1fPLXRfkw74XNrmK,61
30hzxa3MaRd2XXB6kXGlPh,61
4Y1pFoYkE9aulSGRD39nqU,39
6PT7wUJefYPEU1lX1lcLRJ,42
385Urz8Qa8CIcK9tl3SA8g,36
3G0FqZoEi8Za1oEXdGYcNG,37
6wSIhcotMYMwAwcO21uZCl,33
2msar6CW5wBQlhm3YCYPTa,33
16SdVJYuXEufNaMgGv4d4A,32
1zK7i2QyuCmpYE209BMcPZ,33
4caYbCanhI1iKxVsLETOh1,33
6Si9ImvDVWAgjX3pfsldGM,31
3T0wVh9SHCwI0NtMoqPnbm,35
4jhf92TFSbLis5IFBEgimq,39
0TiXAAVOLdhZnto4Kwsgtm,34
520tzZUTVcjEmxiTjYNj7y,35
5Ztwhn7zR0q7wRe2ZZsrmN,34
5d7gSSTkL4syrnxli8dLYJ,33
1rzyMlUqq6MvTvzZYdB3C3,34
04XOESV0aVnKMlUU1NhIG1,35
4FX8fPOIDRR2voDqOkfeKk,37
6yDXKV8vEcJQgFievS1SbZ,34
1qP7KmHJbzvV8KsFPhW8wY,39
5XL2uuMLIYLefXJsxmLXus,37
2AKOOhml62GZNFWDN7VqzT,49
5m53JNox7zkJDMfoeLEa8D,33
0oHH9pt7O822uyspUQW0NW,35
3PnczrUPUE8F2gDYw4Eyt5,34
2DRRh5Q7WJtMt11MDMlC70,36
18a6Hmy684ySE4RX3evAqJ,33
489S9D7zr1jSMlNZHLnKKX,37
2qdpQrNXOuGGGvFmbKGpZM,32
1Pq0jcWJlEYBgteQ1triQq,32
2eSAEd4El60OeatNib90TT,31
1zqzDv6vyh8JUHiG4yaElS,30
4cw0I3t6oxDCmnI1XGL0A2,35
1cN13ivH3D66m9DoW2Z7iU,44
1DL2gvMBTCFmg2dREI9Lwp,43
253ewjP2R1LjKqA70mGdnk,49
4vhVDkSx9RSb2k6mWFMYNI,67
6aNP9GlBi3VHPXl7w3Qjr9,45
0K4USWqV0DZZ5sffa3wxh0,41
0VU7avDE4OZ36oVmLPSEZA,46
6C3wj5V8mqLYtYqgJCABZW,44
2BlNyI35idBaI6BN6WGZeQ,50
5ajVHIX0J3vyUmPhqCBx9U,41
4u7EnebtmKWzUH433cf5Qv,82
2ISPUUp4pzssWuR2Ic09vR,45
6In9ynCY22Ed1YRhpLMZLl,36
6CD2NyrQ5rHmik1DjhdDdn,35
5L8t6EbGKFKc6MQlqQzYZz,32
62daWSLgfeezIl4MTQFb08,35
6susMmS2fohWe6TSlOfi1O,34
2u9vZyQU7Ld88MJ35nS55u,46
0YI4wdf0gMuM3CgzrRslur,30
7mg3XY5ti0yzp8RZL939Da,44
3yuJVbCLjxcu0T6bZoiWXg,31
4OOuZMDLHw37tWy9XJu3F7,33
4pbJqGIASGPr0ZpGpnWkDn,78
4WLcEC8RoscRuzmNf2EeXf,37
6SvRYfsIeNSVV2EAH7I9P0,37
0nUCaKwNqO5whVAhEX1A1R,54
1pQQRiL4O3weDAqk85hrYN,35
4omLxn4XuiHhpwTpO9Yj68,33
2N5mE30V04xDvsX2caDLlj,33
02lvTeAFIIsOd0wVNoRkQ5,38
7pgv0D1HCBAFbGHNqHmegV,36
1WttHhgIl0N0vXZYrOxF0C,47
3uaVLkgDqlYy153yFBUVtl,41
6IAVxNFi1W88UhDeyvOsdo,66
6VH7sh6fC6YPi297UC2Fkg,45
5CTAcf8aS0a0sIsDwQRF9C,60
5HJiNvg6s7ovq5kPrztHKp,39
00ITtxUozN0vifE2uYvtqn,39
3OCQ5ybKASY4EIb4i9hsd7,38
06UXtRLTF6kdMSM3uaVCCU,39
0TpWjIOuNMnpuRjriPbGiF,44
6jtctBYvybxCAmlg7nT6CS,35
16aW2zHbbpDDoSy0HCA8xc,36
5T8EDUDqKcs6OSOwEsfqG7,83
2YrfSHux2BaTXQs1535EHC,36
5p6xhgQCwzX0G9PadMU9GA,57
32wghPySDJ1mNdqhwW9YMh,45
5vdp5UmvTsnMEMESIF2Ym7,82
3vVSwkIqE7j6AaIxsxXzNA,43
6xdLJrVj4vIXwhuG8TMopk,78
4w09y5LHv5vJDZO4hWS846,39
0V7AVcMTaQqLKzxVloxWHj,55
4tmERaVkzL7X64Oku4vDo0,41
4xSDpJJNXAUis65Ogl7f7i,37
1pBFEy8cz0Fq4Pru0c4awd,59
3S1RgaEOY4JxjIIS0kt5Nu,37
4ejjjAuVya6bapdTjZE9Lx,36
14YQ2SSnv07HZjPP4Ud9mX,40
26FJA5apYWeehOGnZdUPob,40
6nnH5zeFZOH3HMpEOG5DLg,34
30vbOgHRjyUbUZ1KWOY11C,35
6xYHezItSIXOpxMvrVRJTb,37
47KKOdexdhKL2jgX673WrW,34
3QfLERjG54GUIAS9w86kul,44
7nhWtCc3v6Vem80gYPlppQ,69
6CWbF5O3DuLExK7M60TmmJ,0
3aFoTYsFE6N4g7M7b362cp,0
3XRZYgmphJbmMEclYCx7Wx,0
3R9pp84rf8oe5OYtOYRvya,0
1vO74sgANNL6FF380qz5zb,0
69Op4XR486hl5LSiBtPHmp,0
57GgptBE1aWcVn83dWVjU1,0
39fYCFxeafJIYvL34AienF,0
6L9WzM01uxki7u0NTK6xLN,0
7ltU7qHAjo7XFCTznK1OeR,0
6KEEQ2YKESpvvurl6l2eIg,0
5HmDTAedbpgzSkyU7CuVzE,48
0es33Xx9LmJoIPwlezBCmJ,49
22RKxY3GXYzNiJu36nFueQ,44
6wo8yue6rY0pY2zmztMMCj,42
7KCTbCIcb2acPttGcCkKbe,44
2LxyITcslKIKdMyYdHdA5l,56
0zp92Miwhh5vO3B3dhxrxI,43
67XS7eWumbLVktm0QSkks4,47
1hQ02BkTnR0BNs3SAznttM,47
62jnuBopQmg4qx6hpYltC9,48
6M33ukGn1XGp1Lv5FhbcZy,44
1zfFle2YCXuUFXlAAZ4QOS,0
4zXvB4MoQD8onk0NCZbeHG,1
06EC9TibZK2mACTZ2usK1h,0
1Y373MqadDRtclJNdnUXVc,75
383QXk8nb2YrARMUwDdjQS,67
4GetBW8bJ8lB2Y9ugFb30p,28
3HcRaJ9jRDE9NUrbUNym0E,0
2WqCgsVO8BvllitpNi13gN,0
0b0v9MiKhNBbgxSYpMZTVg,0
5X0bLSho0KTiSQYCI0IOcl,1
7dbjRLY969SvR0inx3h1eP,0
3BnVqaDfgKyI4CFCfozors,37
7ny2ATvjtKszCpLpfsGnVQ,56
3KhF2YiNpJvGpfiCW45R6D,67
5lN1EH25gdiqT1SFALMAq1,64
3YU9X8ryOR20beT7wOlDIJ,57
1IkCG9jkzCrl3TadPTh4dU,0
2DDiTcZiC9iuluUyHE2yXo,0
1AnNNZspExK2PwVFbhw7G1,0
2E2r97GUoaRP3jCVX3nLa5,0
7GonnnalI2s19OCQO1J7Tf,7
2ccUQnjjNWT0rsNnsBpsCA,67
4KfSdst7rW39C0sfhArdrz,74
0HOrDVS349XFcpCYsO2hAP,69
1CQqupcyMg7176PPmIVmSj,71
5QTxFnGygVM4jFQiBovmRo,78
1ynmMEK1fkyiZ6Z6F3ThEt,70
6BD1X1PeV5UzYUdiVaD2yL,65
52KvuGmgcgRdrLMXOtda0E,68
1XxUDJp9zsjd6tBSvE3la4,56
4QwcuKjGjtl5fZe7kDdULV,2
4MYb7NWLwXNDB7bYs3HeX8,63
1nmZ8yqKkfooOuYvtFctDp,71
4gvea7UlDkAvsJBPZAd4oB,10
1bp2IO61zbQrbWNmKKxg3f,74
3jYRpwbctfqB77uU7T7K3U,66
7b4yGtR0rujvLi5EBfKKJ2,72
57trQKFZdJxHia4sMJioWk,63
43DeSV93pJPT4lCZaWZ6b1,72
4alHo6RGd0D3OUbTPExTHN,70
2RNd6VgxG19db0zs0M1C4Z,62
4bHsxqR3GMrXTxEPLuK5ue,13
5fsU7AtSTp0zySUf46hwbt,0
1cU34sZG9kF4FYHCoAD0Ib,66
5Okf7KBikV8we3uqCMFjiL,0
61BywQA7q8KjpGjp3rHuRv,57
5RsUlxLto4NZbhJpqJbHfN,73
3pyoAvbBO4kDKkh999Miyj,0
0gaMmmhGi5buPXpquSAfxg,61
648BMGrt98kUbLo24A4vgj,64
6mpAOrpdrq5mJTGo8nrvSO,48
1i5oEx2vFczQ2sCY3c6Kn5,61
0vOkmmJEtjuFZDzrQSFzEE,71
3vV3cr2TpPqFk07zxYUbla,70
43btz2xjMKpcmjkuRsvxyg,72
7257drAN3eTtaaUUPw95B3,61
7pkWZL0kA26s754CwyK0SH,2
3aAuIvgJGdp4wWd60riWfB,68
34D6mvDTAPypm92EPs8Rxa,0
6Nd6ntkzr4t8o1FKPGOSMt,69
5ZY7Gug850kv4heJcWZGHM,57
5XcZRgJv3zMhTqCyESjQrF,73
5t5rCnsgRBtcKqTB7SbD1Q,61
7MRyJPksH3G2cXHN8UKYzP,6
5h6SovHOYpIMlAkafxcbq3,58
1j06ieEC2BOCM0fTmYhn2l,2
4zEi4tr3lEhiAvTRxEzbEz,63
1grnSNpTAe14gjtqfArZan,52
2ymeOsYijJz09LfKw3yM2x,63
2U2ByqoO82fnayaPzO4x2d,54
3obciWcyGwsVNZ76PYge6C,43
5ZIU2kT1wNjQNclQeVCz5O,56
2HHtWyy5CgaQbC7XSoOb0e,78
6s0NHplywwr1IjnQpUpWJk,71
46E4di5YoT3Ab5bheoiEId,53
6L5BZEcZmD6RBJnimzlyKr,68
5MMnwYs0hIxkENRsbkWJ2G,74
3LQPTJEqOfljGBxmpgUnoC,4
5bSpsKGoGKXOOfg7F3ZtKz,57
4TIJ7zSBNejpoIPaWpWRKc,77
1zrba5qe6xkC84AlbXNa6u,52
4iQZi2sMZlbTpcUlo5YGBf,56
2RlgNHKcydI9sayD2Df2xp,80
5B6Z7NwVqA7W3UFiqBdEJC,4
1Qrdlkgg9I4J7r3P4kZNwr,72
3qiyyUfYe7CRYLucrPmulD,75
0PXw9NKvolWTo7U9JkNzmc,64
5QRs63VVKNaqUjg6XSSckM,63
7HF88mJXq8DpotZohoW2mo,56
0GTK6TesV108Jj5D3MHsYb,76
5izGeTxueiFX1UPFGohY9w,66
3Sm5TYFgMXyXwgAcY2xweX,64
2374M0fQpWi3dLnB54qaLX,86
6JHXiRD1QjMK1N6AQEnL04,65
40riOy7x9W7GXjyGp4pjAv,85
6WCeKlgDg5zzOY1OvMA3q9,45
6XUHsYE38CEbYunT983O9G,75
0KMGxYKeUzK9wc5DZCt3HT,78
25suYHVUwWFTG6G31kuhZH,49
3Pu3IChaAoa5EjgUBv5F6x,62
0tKjVEJlX3IZ5L1rEJc5hh,63
2ZS0wDcdfrJPC86u5aJGo9,0
6OSyCAmXT4Gkd3OQ2aPOaF,62
2dEgwtRjYl6TJkIwjRwn6z,60
6cqwDeMvlCKI9CoeVahGrM,70
6P9iLOJ9FwBe6S9xrdp5jK,60
6QJCZyJv1fhkCyZA3lRoAD,77
0iFlO6zAJQf5tAwScQXWOx,50
6cVHu0HmKo4oEOSOqooTa3,66
4YKBYzHTtBZA2P12N5VomO,63
0N9TTISCReU2I9PNtMVixa,57
5mB0MGsRfKZALHrXjnktCK,77
3aYLIO4htUZCAygXUbbc3Q,70
11yEJucml1zdV41bZIX6nD,51
3ZuGavt1YrOkg6G93lgfUw,64
7w4ojcH8NJ4LBmJZhSBTcT,69
3UvB63cZSpGUL3LvAj03dI,51
5nzEilkVhvnCD0xpW3raTy,76
59UINV3c9gQ4bzgXbMf9aS,58
0wmzw4EVXp2XrOC47r6IOK,54
3pJfnBjO3kjudEchcPEDxS,76
1bWcjMOceu7dFyBGBo3jJ9,61
02KG9DpLT3bV4fzUM1bORW,70
6gpsPg8kaMbc8rcuHw7t1i,63
70Bcx7FG6i9ad90se4kSS9,56
7lta1NBNyp50gaTqHT6U4S,54
2aSFLiDPreOVP6KHiWk4lF,52
4cCQ0wBIc9YHhvOWvWNj7S,0
2sXp9Qmvc7mRaDBjBgcGGi,1
1AhDOtG9vPSOmsWgNW0BEY,4
5SAUIWdZ04OxYfJFDchC7S,63
57JVGBtBLCfHw2muk5416J,73
3KiexfmhxHvG5IgAElmTkd,66
1Q5kgpp4pmyGqPwNBzkSrw,73
4pbG9SUmWIvsROVLF0zF9s,65
0hCB0YR03f6AmQaHbwWDe8,77
4nuUssdgKFy2QyYHHNkZQW,58
32kgOw8wejH7zUhtXCM8DH,1
263aNAQCeFSWipk896byo6,70
0SYRVn2YF7HBscQEmlkpTI,0
1RJeiAIwR9pZBgJA8ndZLL,55
66lOpKgTyFjOrac4S1s94g,1
10igKaIKsSB6ZnWxPxPvKO,1
3RZMzCvYsmJ0u2ioKTOsmJ,56
0eFvoRSTTaR2q8bSWVjwfp,2
3qT4bUD1MaWpGrTwcvguhb,72
6Qg7cgN1oZ5mG5nZe9UG0X,0
3G69vJMWsX6ZohTykad2AU,77
4YMLW13PuuO7o3jkIWlKAs,0
52dm9op3rbfAkc1LGXgipW,74
1fDsrQ23eTAVFElUMaf38X,79
3HfB5hBU0dmBt8T0iCmH42,2
4BVE5tIIpYabZcYCbephNW,65
5BIMPccDwShpXq784RJlJp,5
5tVA6TkbaAH9QMITTQRrNv,78
3CPeWqqaHR0hmyfsWhMJQs,58
6FBmHx1FuaSnTnnnaThgbF,60
11dCfArPrM7kzYpUrFHal9,1
6gXrEUzibufX9xYPk3HD5p,71
7LRMbd3LEoV5wZJvXT1Lwb,81
0dOg1ySSI7NkpAe89Zo0b9,76
5jzma6gCzYtKB1DbEwFZKH,71
4d8CxkF9zNGiHWd7lUqyOo,0
3d9DChrdc6BOeFsbrZ3Is0,85
75wP08AtMfGfjk0nPdvVw3,1
07KHJvlYBeQVqrmifTEqEp,1
2Cdvbe2G4hZsnhNMKyGrie,78
0qRR9d89hIS0MHRkQ0ejxX,77
7xdLNxZCtY68x5MAOBEmBq,54
6QewNVIDKdSl8Y3ycuHIei,81
5sMIFZaagXcwKiSfl95zIW,50
0C4bx13JIMSWOAxd8TaoVq,55
1Cr0L9EsOePPOAoXRTxo1p,41
395C2pn0PdOYPzM4B1jLoO,0
64UioB4Nmwgn2f4cbIpAkl,70
6QZo2TgclkUMwJgggi8QSQ,43
29AqPjeqZcXpGvdxLchZoP,0
5OQsiBsky2k2kDKy2bX2eT,76
52MmMUuyjO64Y1EiF7Y8KH,29
669cOBjpY4Y5O98Nmk6139,52
6qd8ZujxMAQXQeVuQBFHTZ,0
6RXBjCDKM6vAGiX4ojUD1E,0
0sgDEFq9oeC8ueOK0mR5IA,0
6NdcSEhpGGAYXNnnhGS2s6,59
5YxEnjsmZ7evSmOFaRuvRt,41
5tmrnhMxx39jnu3kjopMdP,64
1oT20g6f8rvymheUIdFr19,48
24NwBd5vZ2CK8VOQVnqdxr,5
1hKdDCpiI9mqz1jVHRKG0E,7
1xOXXYh6lTW8laxlW7JP2J,68
7CR06UPgZvsd2Y3MNjIVnA,39
1L94M3KIu7QluZe63g64rv,76
7D04SIiYAZq6Kpc4qFhBKY,35
2b9lp5A6CqSzwOrBfAFhof,5
5SZ6zX4rOrEQferfFC2MfP,12
5p3JunprHCxClJjOmcLV8G,71
7FwBtcecmlpc1sLySPXeGE,83
5u5qlnyVaewWugJIjzilIc,61
6hnCx2jmD0RPkbtzUXSBn4,48
4o6BgsqLIBViaGVbx5rbRk,80
1pwE0jB6MTtTWx8fzqriAj,0
0WNGPpmWqzPnk0psUhJ3SX,60
3JbE6e17yvNdPggjPDrCyO,0
1CtAzw53AIXKjAemxy4b1j,75
4oDZ5L8izBals6jKBJDBcX,5
6ITuEsxEy2qPhqMowdDAeI,64
70C4NyhjD5OZUMzvWZ3njJ,85
4nmne9J3YCEdhvjTzwiAgu,62
2hdNya0b6Cc2YJ8IyaQIWp,73
5yEwEUGYpCWsSOC0rm8gFJ,38
34x6hEJgGAOQvmlMql5Ige,74
3clIHVzJ9J2rvvrFUKLICo,66
44M6Wd0vAzN9khoCQSR6ji,0
5UWwZ5lm5PKu6eKsHAGxOk,85
3EM42kT3ARiZJhXJPoFaZe,0
3ycOJKN5U4l1nLPM5IYJh6,0
3YuaBvuZqcwN3CEAyyoaei,80
4sQdW03IQh3tsZeBELdt5G,41
4X1LS2LEYxKdlvHq5oZesi,0
3fkPMWQ6cBNBLuFcPyMS8s,68
07ANB9prOyNTWnMbDGNzdW,0
0SvfyHYDp2uIsHt53LDlI9,53
32qR2DcQRSJ6G2s8SC16oP,0
5LPGZnsy07YNxeuTI1X3RT,43
1K89oHPxT4wRg5ocaDLq3J,0
23aXhG2x664ZNxtgU7gjzE,7
1QLyDdhB9gmxbGv0K1kFyT,55
3dix9ONSeCaR05vk8K2kEQ,22
3f0U5NaD1bCk8nmKpn2ZJY,65
1H4idkmruFoJBg1DvUv2tY,72
4gRA0i5sxx3jAhHaVjPnUN,72
5PHGTeEdFxTEb4hepxug86,20
1xair0UVVvZdwvtPJb0X4B,0
1A3OA6zON5HHueFm4ejrRF,52
4yugZvBYaoREkJKtbG08Qr,78
7gSQv1OHpkIoAdUiRLdmI6,74
6hQszXJIYhtjmSTmDqZpeU,54
0vSiz90JRxvYsbCTx84oVM,0
41aOyMZXFwvwRpugIlNCGF,0
78Pny5O5RDkHJNPZf1QcFs,43
3noZh3GynRLHd9QxtbmAyX,47
05NYcsjJwOYq4jIiKPVj9p,68
7J4WbEdRTZGJDsSr5AACCw,0
0K6yUnIKNsFtfIpTgGtcHm,67
1ju7EsSGvRybSNEsRvc7qY,80
7kNNylJ1kswWbHeRM6UDuE,63
42Lq6GBO5KUSNeSgJsOoke,53
1GqlvSEtMx5xbGptxOTTyk,67
1orVKbp6vqtfAPOmvRofVq,68
5NK8jad728pj6YeqM5VJD4,68
67eX1ovaHyVPUinMHeUtIM,70
1JkZg3eMQTmTn93E8Yd3UL,65
20OFwXhEXf12DzwXmaV7fj,79
2fY6tqgrlrg1ky9fgs0t5u,1
1qOU8KzFifXE9YrgjVwYvc,65
1gcESexgftSuLuML57Y69q,70
1gZOnv0YjmFIM2oXVin9ZR,0
28eg5bkYvIHT7HPmzZFwLN,66
6LoSKNsYkRQbyuiReooMjG,48
2kkvB3RNRzwjFdGhaUA0tz,75
4mcZYzoGwPRDdhWVlygiHf,68
7LbfuQVct78YoghmoPtsQ8,58
4e9hUiLsN4mx61ARosFi7p,65
2Y90nL1ohB4sgYELDs7uNx,71
6QDbGdbJ57Mtkflsg42WV5,67
36vTL8WP4ZoD1bbUaW0V3E,65
2XwYeBzumtjxVbFWwhJpsy,55
5gys5nzVQIYhgHIfiOJYva,70
0S3gpZzlT9Hb7CCSV2owX7,76
7GNf8GN66LzBmENFQWxBKb,0
7vidktgNZFQylTgH1GEnMs,73
02DurCgOvDdX0uKEjqcl3W,0
7GqWnsKhMtEW0nzki5o0d8,69
4Y7fEQ4PAzhlLnLviRw2P4,64
4qbiCq2xkNPyojuZFeNeqx,59
7HKez549fwJQDzx3zLjHKC,77
6cFZ4PLC19taNlpl9pbGMf,69
4aWn4NHlELpOehxsBaQeoe,1
7mzHEzbsl5iOvBRuXwReZU,50
2V8KvnD5LVeeDChMWEkSzC,68
6n5lHdpuBDdA7pYDpiKzEI,58
1W1GpfPujmgp2vQqcpUhtU,45
3lN8PP6R2IxbLP05QpYXng,75
3XcjIvaZVUFAIdIYZqY9bd,60
6H3kDe7CGoWYBabAeVWGiD,77
4MhTFsyqIJnjsOweVcU8ug,6
2Z9B8sd6HgEfCWqvOfhFD0,55
61jAJ5ggUq9nDzjc0Yr5CH,39
5NIPsWpDjJTFBoPxCUUeXp,6
5UhpceEr5XmbVwyoIUIRnh,0
1JC4niMbshPlor1BPagn2L,63
21LMl54FIe7J5oOoZzgeiQ,60
6WEhrGVoouF4bTVxnZAC1X,0
0oSpCoA0I9wg2UAKT4XGTX,60
6mQzZ2aRnKSNgckAehBgwD,0
1OaKrd3kWUOrltf6hoTZjk,0
2OqQDFY4MgzkAoAZ67CscA,0
0HZ3OUVrGHxttD2EuHqRm3,0
4Yp8lnGcIde2SWAqrMM3v9,0
6SHSvo6OGgpneKfsxFGhhk,59
5zMR44ZH4KVZj4FlhTj3SE,69
7l77r7rGqag5Y6gL2Oz6Lx,0
7zzZmpw8L66ZPjH1M6qmOs,61
1Xf5tZY0WFqH975R8OJL21,0
46rq5IQZbOUszZRY5Ys2Gp,0
7IqUmDJ2GjaOqrzDCXhrV5,0
6aDYL0klsShJ1NDScruk2G,58
4wIlE0wVdqBi1tFGuSAx03,0
3pGeMszs8vgG4osWUTMEk9,53
4N4SnTk6rQbLAcARYnjGD9,0
23YKjuTD2esIoc2ICqTLxZ,0
1F9SIR4geHCMuZcdkRzvPz,0
6pz4tdLoIDJdnpXnisSDCK,0
7uuirrtCr8O8fz7kQS6VUR,65
6379OM1UeWonOckjr8ikLh,0
2wM7hjeO69ca2EjJMRyx8q,0
4B3UHhdjB6dkOtjalFQREm,57
6F4kIwgUAFU87bqpga91TR,0
2kmlroaeR5LXqij5Z73i1q,0
3ljSgbje1smfadZ2vdeQF2,0
4lEuGfkju3qDWHgn8inAZ9,53
1jImST6hhs1EV45p78RBpM,68
4ze6zk0fJVjqfbeUSBGjzf,0
7gZ3kWNtIxFgxjsm5OTVMB,67
6urc3cyjdF95Ip04L0rDDE,54
6Pdjal5UmVNsjaMB5Jnmke,57
3nQtkvFMNkRwxjKVAlGPcG,0
5YdzyRQJpBP6Ca3SP1e1dj,0
1yLFnEUfKDGCDeXcp1nIem,55
0yBNB2Ba5Wdh2YDIVqZJTW,57
4f2N5TmeBDDHjBuuGUgFF7,0
7CGJHhn4CmqNSNQJrSlbLm,0
6Ql7vGoL1FE7FgRW54l3NC,0
2vVW17crZs4KInids0h9SE,0
3gyEt1vswIEbpQqBs18Lha,0
0GQjTATSapMJFHoKXiqprG,51
42LotTOpEfngkjuzHH3vme,49
4jzj9Pt1UiXpGt7gA0KSVb,0
0017A6SJgTbfQVU2EtsPNo,0
1mgYxX4S3g147iVfxsKgtr,0
22OyxyfNgc0xRVWLfcDSwE,23
2fLL9lFVduAN0QHgbQ5oSV,0
0B6Y0XZfvH7T45Z70tIGjM,0
2c6nvEo7EDzIEX40wbx7iL,42
4qLLIwHNbT5etFv8o9pDGc,0
3YVPfN7weMRxqSCrKRW6pj,17
3x8N0uirzvvWp3Fjhz7p3o,0
1O1sgYGqEI6amm67FVsRmF,0
7bXDWW3m5d1siUC0ML4uYq,9
6eEYGGFfFbtKHCgJM4uh9v,55
2I2i2xm7RFAz06ZYsvlzPT,0
6kdM8ydQjUwkGkxCozayJy,27
2E5ufno5JwzZiA96JiHUGN,0
03HA3VjUvxG7BiYX146J0a,38
5bpaHLJ08GNBKW35ZfCYJy,45
2dhJM2skHC9D41gHj34Kgw,52
3FF0SMFxv6zHwNzl4WrhtR,10
7DbukmbGCAGAArcRdQwHen,0
7mHKh4SM1RrPfGqcSLnzkq,23
124qbCWKsFvtyzbu8b4HJN,44
22UgD3bRXzveuNnhZP72a4,0
6Pt9gKCvcb970sLaTXhld1,0
5Op9PcisNc0oGnS4dysmbu,0
4ZxEF6c6dHYiRkGQjsZEY5,39
7FUwV2j6iYeLemfKodARmw,10
176kpV6izJDVUwkG7GSurq,5
2Hmz8V8A5S23VT0h4Y2ZDB,20
1fVzpydMREur3ZJYTiDSgq,34
4Yq4i6ISO9v5NFYaiWgR4C,0
6QsaoM6upioGbe4WZhLCmc,19
5qm4gm7bgRqOsle2HhlaF7,0
4IRSKJjzbeO0qJoT6yejDZ,23
2YsRHLJ87gpTeseu6EfVLx,0
5YIvqEmx62bGzXluzNkHAP,25
1t8VoYuUY5oA2QKbquMZQp,24
3d9snMJKWWca3FB7PwJ5gx,0
2w9kljwEMm6gVFhPSQrzmE,0
0luikRcaiVx5eejcYyNh3Y,10
6jFp2s1RhPF5piYacNLsYd,34
7pse475uICmWRY5hEkvPvI,28
1xvbeaWhNbKdYqr1AQaXyx,0
0DERH4d9UnaJJuFoufN3dg,0
3aZ3etcvQTzgRn2X4WZlzX,0
0NrWlujfMeGgRlWRJi00zL,34
7uWPQnmMjqyhcGuHNY79ob,15
2CuXNmzClkDWeTl6AsXBMt,26
4iGBPovu7Hy7TUg6Wk6pjt,0
6pymDBwVLIAyoiW8BdlRbF,0
0toYxUoM8HP6isTJsKNKqa,0
4j6Pq3SGop6DSZLd28DTjx,0
0DYFK6GnldzwhuA2wwAnmn,0
12XBk6u0E6HIkrjImA3tzC,22
4fM3IUQ9kh3fYh2Ni1iPZU,0
4tRR0oqkIFjs39wC5cAuK6,13
2GORop0i2cyx8C0A3JzL44,54
1Q34tAtTWI6RdW1qzFQiPb,58
49MHCPzvMLXhRjDantBMVH,75
1qjrYozGqc7upUgfN776lZ,72
2dtK02TSAuTvVYU2wGAVG0,65
5X9778yPpYFP4nHjdn9B4s,0
7wWw7hBmErNg9u5w6Xx0vy,72
5MLLuLqPdUlx8bfKtdkLwO,62
2yBVeksU2EtrPJbTu4ZslK,75
2RwFdFIN9JAyVUzevwkzez,0
0gZXockVcE7rEhSf4mcGLO,68
608xszaAxVh4m7NcKJiAbF,77
0Vth3l4XAo8hNYmxjzhr2y,61
064SVQsmWl5EF0zahmzkQk,72
5RgFlk1fcClZd0Y4SGYhqH,80
7Gr61S9VTm8fcYfAo4Fd9g,59
0UHiH4dy1hXULYl8CgNxRV,56
7cDzJyC95jtGO9zAeZsWOg,64
2r008pcfVYc0zgQvSRqUJE,68
1oar8gdDX5yHWzVstAHDav,60
18a9EGG4xhRELv7bgAw5hb,0
7IX2e7pEShera9T1QIMvi7,66
6suCI1pLqqvVVLLvLzjoKc,49
4AjKVyNUMdUveKK5OH1OJD,0
3GVhCuS4BRxCTvVj4Cmc8w,70
6wGMLoEqD2k3RBXFHD0yUp,54
3FGcQkWQlkeB82RdZwlw8V,57
7qpuECko60EoztznowMWj1,51
0B1zVsLqmV9ibIFdNS5tGs,62
10LRRKPmx8uHcSxLVWK0ct,58
1tjK9HhmpEfk0ijyIKsoUk,0
4IYoyOVK9oQyJS1QZt5Vyj,44
3gHFKiDanj4d2rqgHlRFFc,61
3u9g38eyqu5eJxU4Mhhzam,45
05oETzWbd4SI33qK2gbJfR,79
7gUMShP1l20tC0xf17Zplk,69
30upl1YT1suEgSDpIopSky,52
5AHjRKFCVUaRClF2Oxx8Ld,51
7v5rsCN3LhX9XaIlWyTdx3,58
6tUkfUpdIx14aSoKkTxrfa,52
5zVKisBri6JH1fooBhUaVq,54
2eRYuzlSOBk3HlMsCSOLPJ,64
31S6oGx81hVIjWz6cu5oNw,50
5ljGmNLjvQZm2hw8cDJXNJ,62
2BstRQGodshjGpeDGQiNgo,1
2U2EMuFyUk5LYMPlMUpOxM,44
7pgAdesi3gGZO8lAyzOTvu,0
2hw2fDtNPkIowTNuQRmlnN,0
41v56RunWqxgqTD4H2cwOD,2
08o75xMKmGrKny6GsXrNJW,67
0nlZjTPzW6S9JIESuGfImT,1
3ggTCH9i9dJ0sRdAxFGzcr,40
6tunhVGD8C05MZNjSVIsjw,67
5EdlwzcgIAYs2HGvOnczPN,68
4M0m4FUdc4wD2guhUHogLF,67
4WSbbEjRQ7uE3IT9crL10B,0
5VBcEJ4mtXTmVEJtc7hx2g,51
2TcwEYyydQuEMJwdmSgVLD,59
2JWKzkQbYsNzx019WyGzaH,68
3qxBN4nWvSDibXmEq5of9E,51
0rhyBUAgNXwdyvGVXSrLzc,61
72wERbZ4yx2cNaoEj5jYnl,32
478thMMvYGris8eJPcDRoq,57
6MfVSA5iKBPHzo6RGARjL0,69
2Up5Gs5EJeAPeR3Ce5Aspi,45
58gin7AIJheIrPffOdiE1z,35
39qYD4J4BKvZMQgxfXl5bv,55
6vuEG9sZtC4W2zT64f7zLF,0
2ySmDfSawPEwvjDOxUQvnq,45
4DvepM4TNDah4107ZPVHP6,23
0hOA8SoraNo2ZP1amtVYnY,69
15taea6JZLAfG5OX0pzfG6,52
3rPM2HGZFQxdRghP6LCJ9w,0
7AWeyu0x4vJp3pb2RKadBT,0
61DLPczTvnkCwvwNqwPKgv,0
2PfBSkCKZDXMsJogMT0wML,4
2NL4BBBSgypHnxUKmQdYcT,0
5RHG4SQ6iJ1qQJmt3EFJCX,4
3iM9wFGlyR28IBZrXYZK9j,52
72h0DNOOO4HLaZHOW6cW7t,4
2RaA6kIcvomt77qlIgGhCT,70
473dVAB97y06dfl6OBb1uj,51
2Q7LpkYrS0PBpoq3iCqypa,0
17lu4tymfnhmcIDlzBbtAb,68
0mDpR6DpKc2DyiGtH0NcX8,1
0SFS1LxNP5wgnoDA7nGKQu,0
2KH16WveTQWT6KOG9Rg6e2,77
1Jwj7grActJ0oT50gGyoPw,31
3VsqqDTRWI8TfFV3QZ1Y2J,6
0bJncTmVkKIzgKK5jNopV8,0
6gjOXtpuILSt4KB5vptcVY,0
34IWciPnoNci5KlmSBjQiv,21
7LZyhNjhyXj27iEXUYQYHo,0
2BVzcBHL8C2Cu44AfAkfLJ,5
13Yvvh5y6C8dKR6JlTr0GQ,0
4mS1Su5zf50QwNcjYjYzG6,0
1yl4Lly0mQBJwDeocjsbxc,0
6DXv7vJPrDRxo3Lnh4bacS,46
0PsbWiVtix5FoTZ1s00mEl,66
2OUd03ZVU4iNMhuMUIXiny,0
5ipiDdraWgsMVmL3htk7P5,6
63tg0BOsXkohsjx3B87ui6,38
3XC7Jd6SfrQYKZJ6inyRHK,62
4fQMGlCawbTkH9yPPZ49kP,70
33o8XKWJMbMrfXz5TZYEgC,0
2PHYxHUFjHUGmdj8MbVINJ,0
2B9i8K60LxOChRDUnmx2Fk,0
2lC8mX6MPdp8bDabe80ZPH,0
7KA66zSwthBv5X9bNQEeX1,0
3bIgVAJqxzUKUIg5Wj72C8,35
505lCWNDROW6OMK02H8SPw,0
3SczV3nRJdCX1Tt1cO5481,27
6ap9lSRJ0iLriGLqoJ44cq,66
4Qt4C8wHxu4TSjrUivLy3O,34
3bB66GhyUtnqYDQHm9ZBR5,0
2bMlSOpa1WVMQZT9zWYUZc,0
6EWIZKl3rQUSnvT7EI3uta,0
24GaspdcJWLts2R1wurDfW,0
4gVTozEmzwAUXpwj3jEetX,59
02138lFv3Bzncr6ScNbLAF,0
4wCD1vI3vPwhvQsrHH5XAb,3
54s7NH3Lnu8nlrX08VPwFI,0
0f9h8awV1X4jSllHXXYdfX,0
0GoXEhMzYwI1LCaohRqxGl,0
3OXc6xDxasnl4uj2jl1q4Y,46
1FOUJzuApMpMM1wiuy3qfl,45
1nE78lQ7ix7XNrjuzTE4Jz,0
5NnZ4JJxWiqqhYNu3rwmFj,55
3R47BVunpwXhQbLWrClD94,39
1uZOev7V8UkfhCKuMDnAdy,0
7elZqrBZysXba7cTLkrw05,1
5nk6wxUSFUBxUKxjz0fKD6,58
38GIXryQTvtuteKojD6YIv,0
59CsbfwLNCAUGbBQV3Tki4,1
25fowDvPAUn4hUkZKzudZp,0
2fja4gHzPsIXiK4bMeU0hN,54
3w2GGz0HjIu9OcWXINRFJR,1
1PqETpgGlfWvkWRF4ypD9w,0
0ZGLuduCPjgWY1n85ykgMe,0
5fx7fRMsdrj56XSbY2iudA,38
75dBEvc6WfD8ZJpHV7CQSp,0
6uufS093628MRruPbXiW5g,35
7C0rG4oWO7VeZcffyW1sK9,61
6Ip2Ia3DPgc9PJ6hcQW6Xa,56
0BKsUAAa9voObnXzs4PJbd,19
6LR5yuN6XStHDZiusCxqYe,48
0wCgXw7v9mjsLum925Jh3n,0
1vYP1P0mj1KlRrlpnm7LgA,15
3qrEG6rQ9Qm72MNWeUKKiU,70
6K4444NmCw909sumeZS9Ba,0
4yJZP61jBhVTesHBZ0gpQn,58
0DgevHFzyhzIWN8hzrO98C,31
2bD9x9kN4wYyVoyckeqlLk,54
6O5ukuckMu68CLrU0sN8FW,0
2ZSCy3P1QzpJySCWA6NRIU,4
0TF3F5Lw5apoD1zvR8LikO,55
6vvmYYUvGXtZLU8msxKvzF,56
7990Xs9HQx7FXVIDVPEwj9,1
0MnI39P9Dze0PSUjetb8Va,53
0wzABO1igQsSy8cQ7dIeHK,0
3LTMnFa0hhwisyq6ILahyj,3
3AhXZa8sUQht0UEdBJgpGc,73
4moXVLw4YS7tVNmjs8v60A,0
4GbnjrrobeVLCl1FQ5C0OY,49
1a2iF9XymafjRk56q7oCxo,67
1eujVQsT9v7ZTtvAkTEdZr,0
3D1Xnj2Q7oh7Vz3RH9fDvC,50
4nXkbcTj3nyww1cHkw5RAP,76
5WSsTyBvMEFG3ac6JKb9gY,60
6MvGg9X7lIt64WW28Nxfxo,41
7nfGP5B3Pc508kEb6zL6r9,55
5AICUm2wDa8bSu2HFRyMyU,14
0EFEkt29P7Icr7dO4vN6yk,0
5dIgg4mrQHOlVm1ZFYHW29,0
0oWHLtxWeMJhmwxtrxhNK0,1
48C69MxPGtl8Yk49ruZvIU,17
3EZEk457H0jGFXajWbk67G,4
2G2WsFEP8lqYr8vg1mPtyI,24
7aHgY12niQRYzKDmFAAoeA,2
0QlvzPsVzBJBQmO5roImhq,20
5Rso4igx5lTkTAbDEN9nuQ,0
0NgtsllfAuvDGUts5g8EKT,0
2VYz9OtMHyQOB3mpF6y9oD,0
3UhcjjQsLKFbsC0GaymXWu,2
1rNyaI4WQlNHb4P2p3YIwg,1
2mYYk3wqFEERVj93fW05iM,1
2AIE0bOki9EgMaiGHM6PJV,10
5X9mQ7bV2wY5S9uIZsasbs,37
1Pf45EbaIsoGsXixOSYx88,0
1W0DtbgeAM61FfLnyHjrbQ,0
1kXPcN9OPdz7kPxc8HjFsY,10
3bN4tg6rnNPy9GCkGhym4T,1
6P6oguLJZicO3F84oQli3F,0
5qzZf8QtBUCdlsRDinh3jP,0
3MrRksHupTVEQ7YbA0FsZK,77
6ejipC6dh8CGi2WiUACOvN,0
0d1ZZw6gP3koov69lrmnvM,2
7btm8gdGvpuRg3ElLZDbKw,9
72UIwMy0emYgGGZlT7zhcf,0
7oKLdbEvgGUgqgMyhiptrS,1
0Z5Mw2KAMIY1VCY62veecM,0
60wMiIhXXdMwgdUwlbx420,11
5bmS5SJDhaPfT03jMjiv2F,8
1Ot0nJcwTYaZRUEbMLQmJN,1
4kkMJy3pYxAyRnqMzb3HZE,2
4AeQoeXXT9MgJzbVGrjUov,0
3YXHTOLPqPlSfRqZCHtFol,0
6oE2dMTxyo0lwqdfzRFPQw,0
2Y0mzGRYmmzBHO9wXCCBHe,0
4q5cQyhhUW5X0PQVzA8VsG,1
4Y8lQSCa7EwVhoyEOEPYsh,7
1ICvGsUKmoCTgerSITAqFq,2
5C4eNmmQrEGRDx9iBGYzC4,8
5TFyNdCLlC1ZRuwczqaS97,0
3JWIByW6qzV0IGsElrPkAj,0
6jmtQXRzJSaryAZQyK8cCI,3
2Ix5ordj9fc9QSurgrfZOu,0
5VFlp5zYtHPG19O2gRd2iU,1
3760Ge809Qt37dtRMHsG1f,0
1KdGSnUj7Zr1XdTbyuSr7T,0
5ZtpVv3d9py9ecQdyaFTws,0
1aG2YL1eOMjXnfYsHp8vFR,4
6fMITQo0DZUceKEoDPvk2C,13
7HR024DKw3SnKzCDJp3Bnf,0
3aY5lNTXxsZB3S0CJPsBAH,1
1wkoUfVkyqldOTu9t27gaf,1
2dYye56XHC7zq7RVrIXndl,2
5aYVqxyetmT5OYmvZCA90X,55
1yjq6IfLqwnoBRputaLwFg,2
3uWeSkSVIAWrZPnVSaYSJS,0
4cVkkJcOhkRfuTRqAL2Fvj,10
0Jci9dBlCSDgL5ivMMSAQx,0
11OyQRCOBtmQqD3Nq3UtMq,4
5RcRBIMNpdxL8zeVE6hSwr,2
4bYJKHG6KLdGzHQRJMaFc8,0
6nVH9xeaOrcQlQJjnMoVXs,1
5hojlRf8Cm3C1GFXI80fFO,0
5G9xdPkixKrrlH6sNfNBUV,0
311VVjCigMAhxSb47qMMjv,4
0UDWsKlQFNj0O3aFEdFvjH,10
27pKk8jhBwIzeb0A7Kkn9T,4
37TpGJkcnu8Ap7tdTbwGlD,0
52oNaIc30LGjyfat254Bk6,19
5xpyX5m0fivzAred2yI8og,21
13aKGvTil3UUw1yk0pA9fG,0
4QpQD2qeHHwzEKZ1rCJLcv,5
3Z9mE6hpkwil8jogHOy4Lk,0
5nchmPYCCHoHS2AdmHv1Xg,0
2YtxwlU3XKbiGWRxooaHRb,0
1Uqhs2YD4ghyiI73wDX5eb,5
01R0Xdwje645C6xFCnMRvm,52
2RJhl1DeqFFwHhyHVcoArh,2
2oCtKhTsYRh1S9lbzvyxoQ,0
4si2egyVFj30L8gLvjuA6n,0
66Wrh0XOTSV49oNZThsXe2,9
5htRl6zcd0y426EKHTZHhn,0
27Fnx28gzhfHybaVvE2ZY4,0
7itr4N5bXkAWesPUomCNf7,50
51pQ7vY7WXzxskwloaeqyj,1
7r45JFRfUkMjj5PHdAmRYk,0
1IBk5PttmnPcGnysEwtiXi,0
0NB68WBmKfJNC3fhhqfZGv,0
1ni7sP45dNxWgh9eUs8jRn,0
15mlPrdH10GLQJafz07Q8X,42
2bPg5VMINVxErc926XcyOu,0
4IiRAL0swv6SGt92wsFXlG,51
0BG2iE6McPhmAEKIhfqy1X,0
0FMhMAFPLg8EljnROSoVnj,1
0OBwxFLu6Yj61s2OagYbgY,6
5dGVIZ6oc0ScR4ldWGbXSU,0
39upzShiWUjweO2v6Ewfjw,0
7t6CAWplijBj4sdl0q3z0e,1
4I72mMJwJ3jnnRls1SBxws,0
6O9WS3SoRGTGPOXz5wT2Yr,22
4fUU9WKxEgJXyrZJsUA2iP,7
4delgtiKX7L3nsbC0exhCS,3
3T3aWHBbX85hqRPsd8vhJB,0
4LQ33pNDlSJwKmwXNfupbv,0
5lmIYnlQtX87TBSo7A2eUI,9
5YgaxBGE09BdrdpEwkvpx2,59
7egyR1d4Xmr1TsmpJct9bL,0
5qMfl9sJQN2ernHq3kB6mT,0
6J9IYh4Vhaq54x84vcet3H,0
4JwjzS9WFkWlpzGCwh82fn,60
1FK6vbNH6Ew6Sid3467GLa,9
5GyPVseTXBFhXEOXYaTeXh,5
6K6et6hTnu1IyWAZsyQlYO,3
2yrRiQtE34zp4EuL9DvrdZ,2
0B9mYgnAQ1MHmhnfHNuo45,4
4WW0AkyHHZgXq79tU76cVG,2
7cG5fCOSThJTaKxDHoRT0s,7
0xycFQK4tNdLoM9DFE7TSn,28
6FRwDxXsvSasw0y2eDArsz,62
0NSeXLBOh16zjbENkAu0P6,0
2axEs8bWWk4TVXVzFU4rkO,15
49wUEruAhNTs6rIUJkla9B,32
5iJCAZlmEXMG24BcZYV9j5,38
3ykSdTGmYPFl8pDBXer1zG,66
71gU4Kd5eQXcg5npdYheJE,1
0Gql9hTkMSka2wbWxworri,0
4Qs8uJL6dhsJJKl2rX8a9F,47
7lY8aoN3wUR3NY4nUwigPv,52
2nVHqZbOGkKWzlcy1aMbE7,2
2NfX1qsrbx4SHVsVuUgrpH,0
5cowxw11VmCvuGQrRQJCc6,2
6hu1f1cXSw7OAqhpSQ2zDy,65
6WE7jSshLCuVKoCmobVKVf,65
0A52Tcklg6nNjkCNFrHwyM,0
7a014uMHF3nlqzXCxV551C,54
58fdemGY4fTjdB37nTPGRk,0
3GbgDxpsb0uydqD8haxjwn,0
0JWKLrluTUkqd3HD19d03E,0
1S2KfHhrRCLG7AC83P9PhV,0
2ENr1hGfAEGoPpWYxAYgRi,0
3Cgv8rC4pdfRTmmQEpRjkO,0
5lrrbifCju6fWX4n1GPRuY,0
1KDsONFxp3YtnJTaLeWFIi,0
5ptH9OIrv5HW9s6BGjr7Np,0
5DePdEDIcKXwsNqAlw1sie,0
4zQxhaMV9hNuDX1PBNQmMA,0
7fgqezDkkq9WWg1KhtyyBL,0
4TmV78jWcevcBeObrLmauE,0
0DC5wcWwsGTGlBkVsb6PVe,0
1StVUopuLYusKECak8YT8J,0
4WAOeFAymBTuAHQjR095Xy,0
6i4hX1H06CZsc5GPSjnVRB,0
2pWfaDaWA4M7Km2BVl8Rgq,0
4C9vR1eo9GlJ1ZX7lvhi0I,0
5pC50BNFKFiyfQpj2zATB6,0
1WX03sdsyg3x6pggvGTvT4,0
5aJVMQMvdAYYkdMjNnPXLo,0
73lJYoFl2F1Sii50fJtgRI,0
0rwrNoVmmr7iLxY3VFqjJ8,0
2RaVpm8NbOkejowL9KlSO8,0
2DyHhPyCZgZzNXn1IrtsTu,56
1SRkKyJ2JjMZgyDWC30zKv,64
4Nfwdpfq2WIxtQ9buCC5qO,35
00MI0oGDVJYM1qWbyUOIhH,39
63diy8Bzm0pHMAU37By2Nh,51
0FWRA2sewbJ491kmjRRFw6,0
34HVMLzEcmItJU1nLSf53v,0
5zS9mvTXCSPToAYlSHiG4i,40
11G0yprQtMU53BLPMSr093,46
7nrtHjt4Vk4Z5jMHOwaS8F,0
1iQpStZpzBb5TOuTDKJKdj,55
19kuZ0IExry8qYJ4lU2A0r,34
3QfJhbiVGJucxyUbOFiaLY,0
5LY8GsHfU7G6tmeXxStEb6,34
2IJzqbcbQZjcca53yGkX7t,48
5TIWXsp1qTrUs34C1o2QVc,0
3rfEkOyccbDSBNBi4xQLnm,0
1LqimLGplEGwREUMplhIcC,0
7h9fTEEMKLoZZVAoJFdlKz,0
1u1DBObkLFscNCpRpXbYb9,2
1sRNnxZZDt6rPyvSbCw5im,34
7dkqXFtfMDbz5h6iYcrUmU,0
6D9p4KYFB9wC5e3osnpVkU,36
5mz1m4rdUWDHOnIy9fEWyo,0
2yEcS5L2x98hPVjRn5TVnN,0
7d1eEz2jOjE7wPIn5LLRmc,0
1ZZZO1HhRYkCeY545WzBUw,39
46FW5ZZ6fOF1WpMTEOVEHX,46
5l3iCMN9GLxofclApZXcmR,0
5Fz2wrKAjhKpWeTwvE1Ct3,0
54Yce4HmJFORYQVIfnmyLc,40
64HCsmzpvUpSTM4mNAOR5S,0
6DrxbTWxIr2lATrvikvaTp,40
3zoTVFoX4ecPuwqKoTshPF,0
1MTMedlCphum6mRcd8YzvE,0
17S4XrLvF5jlGvGCJHgF51,71
71PgBc2BnQtIBq6Ct2jDMO,0
67SMaSkF6rOBiTkwLCMUIW,0
225xvV8r1yKMHErSWivnow,75
6HzZhqXNyfJxuvQ9zfCc1U,56
463j73X5yU9FdnoI0XaU9k,33
2wEyJ0yjLLuE8Nk74vvqZC,33
5ESovjf8cOPtYanYJ26gKy,0
0aEb1gDzaQMb53iXXoM7Lj,0
7yi70YT2UBu5FpNLUUpkc6,0
1VhxPhSHM8YAg9KZv94oKb,0
4egaPLMx5eZuXyOzf8R5Dw,0
2xIC6uINg7ThWUrUXPA70q,36
0ygHFKdqHqikl2mOFtGeRQ,0
1uTbFcWsB8Vptdf7U9qCHT,0
4K2Tu79vpqrLNyDVtCvBNR,0
4dYLOPfFc3mAErEJwr2Oo2,24
7uDhxDSeMgt6QNsYhlw7OU,0
5FKkbyGm42hw1y08l2knlO,53
7d7nFnedVJnEeeGMMNhyKC,0
3ulPX3lyADhCnIaxJv8nxv,0
2oBoGj6WvCA3dUcpJ4L9Pb,0
5HkFTCxSeJ3kGNyQJbT4rJ,0
5sUrlBp7h4aijnw9QwntnI,0
1lhmgubpHo0AGAX7BCiO2a,43
0h7lem3jmeZbW7wa0q9k16,41
2PnNomkEqlg9ADKCVG0Wt0,1
5lXG3SLCMVk7dJzp1YeMni,38
10LWVafpsc00GjdXTQqITk,27
6EthdXeeDRmN2enXANpFiV,29
2A6yzRGMgSQCUapR2ptm6A,71
02eF5vF3ASltFpWHDVWkdQ,0
5UQzaJnSGvBD5QyA6VpHy8,0
22CIOfLZB9z8He7WgHYAgH,62
4bID7c3Y5FmaIOEhVsE8xi,25
7MooGz4ZPE4bNxjFegR6Jx,67
2ORySgkn0CbUMFbEoP1wwE,49
1PtzhbVrXUYq8YodSbOXzT,20
2BdSaGVMxZzEeJYjjrlo6n,49
2ipxxnFmqMLWLcjpiIaKMc,37
4bEqHXsdbYBOghD2DUYROa,0
2qgudkFpaRq2YcJDWhKW44,0
6IwbrqhA8HxDwcIWNbAbGV,34
7bJSFZJzWv8J7AyzZIGASJ,0
4Ua2SU25r2XCnT8CpmYAyM,0
1106NpuH96tUmf53qlKsoA,30
17WvocrxbKL2t7HyoSpSCK,42
3nl8DKWk06tn3aC7McNxth,0
2NQF9buClFG8eImtyKajAI,24
7rZWvXQPGt0IC3q2jmt9yO,22
5mpjIvDq4cgQFyZviKwSRP,0
4F8DMoCuGvaa5kVMZOetWX,0
5PHMByfnN7hGWSnZsUoomX,31
63x2g8hqYpKJZ58oxglyhG,0
29hGEpz5e8binaL8xQT1EI,30
5ihuK1TOIWSNfLdlJvO3Yh,12
39ebdsdmxmnX8NmL6ya2es,22
2TBhRXwBxfIJwhrB9gLlnn,36
59K4PhnglJahRrNs6lu83D,21
7C112D2j1nPQyBXTWYhzbn,29
3eDKAKSjpTFVESPkMlfNXa,27
3btLTcvS1uOk5IVGTn7Gh4,25
0Ky98GMSlZQdctbAhU3I0Z,0
2pm72A1aBHKwqr05xaDW8h,38
6myCSm2QEXMrgtUxVN313f,29
7fvX8AXBlE44ahviQ4Ailz,33
4bGdBAWrCkz4ZxXbWOreoK,0
4oYwvjJ2Yq3Yn4Fqgn3uOg,42
6lXQpIvwBSi7u1BTfud2N0,0
3SOSAvBON7ZfpxPvNm3KJ1,20
3aup2Wb74T0uWASlue8sqP,30
63xoPxJFZUrgNKJtnmDPaZ,0
0RleEAKmcUbJ3R7AK0dSfV,0
08LwN4NnSGYzDWcdKtV92V,0
7lSNZV9U8D7BnzwTIM8zlG,0
6iNLRaWoB35tb4l7SKLqB5,0
6lx5aHjUesS2XEyLxXknLQ,0
1C493ttl2J8v0Glb3jzPjQ,0
2YvGLm7HGIRwzH1pgQDmRP,0
7DxbMj1H50Yk439xXi86JI,0
0V9B1YARzvYkmnS3U5RuQk,0
6YnhY4SuFyx3gMgeyTlVdI,0
01M4pDUAFpAiuvtNSDRSlE,0
2qWDv8zJ4xRQWMT6BSjCNk,0
3hcUREHAHIjauQzwrxmJIk,0
4hu0hZxoEAgGnf1wgpEax8,0
4XEQqy7GlKVKKoC34yE0RU,31
1D3NaA8JL6QrKoYNj4BKN0,0
4ttKTDA9f5i2dAPSOqTRtB,0
2vbRZMSsenMBhpF6am4uRc,32
0Etl0p4Z6doS0xFxqdhrOn,0
4u3oXuVeOGoByIMz9pnOKf,62
7tFiyTwD0nx5a1eklYtX2J,76
6lSxM9BKcEZBSDKl2VODsF,46
6lFZbCc7pn6Lme1NP7qQqQ,69
0vFOzaXqZHahrZp6enQwQb,76
3YZa4IzxK2UtEKTvdTgsi8,60
3gdewACMIVMEWVbyb8O9sY,83
0LN5gIsS5tQSmRzQrHSaTR,69
58XWGx7KNNkKneHdprcprX,73
7hVhRCDV100Jq26NGR7adw,64
5CQ30WqJwcep0pYcV4AMNc,81
0mtUvL8w3vQiMm93AfnRpO,47
5E89Izp4YhPyNShoxiOJ1u,57
6AAa4zIwllv49ACRh2ndLh,40
2nluoJKvE7rTBN7kve8dnr,0
6aqm56xP40foYBBtAWWrnY,66
5eo3Oql60QR7NL2zcEsbe8,52
183Klch3PBWLz2S6zNUVxR,50
5nTnApD6zNvuHJe0fXU5Jg,43
6Pis6qeFRgoQnRLFiuuPaJ,14
7pu8AhGUxHZSCWTkQ2eb5M,69
7cdnq45E9aP2XDStHg5vd7,67
1pH0ZuY6owJ8sao2eZsx7g,30
1dWoKufYqWrjfxYhFnHyMP,51
29SyMC0plk6qw8NMF7lfRL,3
6kotXaSQaGYxE62hVpdHWu,67
22wxe2Yc9JzihICXYLGAQ7,58
632wpQN4nWLEvxUyGZxyLM,41
4i6wwcBc3Qrqir83xBdbM6,32
3PzsbWSQdLCKDLxn7YZfkM,80
6KrMDGTp9CtkMLKyftDUTD,7
5JbsyfzMUtqXKgx9s4oqn1,31
3TO7bbrUKrOSPGRTB5MeCz,77
57MflfPN3ObQQAQtPUp0WF,59
3uVmR6oQq0NluVZXkipKHV,53
423hwXFgoN8RYmqLoLuVvY,65
2PuUFT13yCzUOZun94WOXv,60
5WyuRWUcOOhAic0tj9Pl28,56
5Pjx3qeo3aCwSYQ6R3yMzE,35
57F04Uot63WsXQC3sE5TLq,0
4rVvheUQ2wQpn5uXX5l0gS,46
6uZtMNTfU5u8w6fsnXeOdb,56
37jorMjJhyf20GU3blbbPh,46
5e9TFTbltYBg2xThimr0rU,87
5x53pbGk6sbl1BGom19QQ5,1
0hnlRgTh80b1emNnM0jmwt,45
5Wj1rJnCLpMHdLaxsFtJLs,75
1BCfh9P3b9ghCYrt3N5Bkp,34
5qRJD1yaLJ5s0J3JpbgnwA,65
1CM1wOqD2AIjt2MWd31LV2,64
4RIp4UTguC0F6TRV7xfKjv,41
76TpWFiK5YCgw1hy26DWZp,0
1YhyOTcVjHe73cm6tYrHkA,53
6C4LXC9UFH1IKiHYOp0BiJ,71
1Jmqubf9kGkWeYQXQKImL5,73
31010AUbrLuIM46ucf88QA,24
5xD021bM8VbqrhCVhxRozx,0
06ku5BBS2HufqSDVkcSR15,51
69eihm0ByPDKtOnZ2B9mA7,43
5eU8qMd0TpaLqTGDZJaLDs,68
6iwWFPOSfhH6kArlU52fp0,38
64dHj8ZxaI2Wj0brEehVMN,60
2TNJMzB30nuEpww7EOx75L,0
66LhCsc06aTa2Ig7iYPDSP,69
5FBIJ3i1CWaZLf1VTNIh7B,0
6yl8Es1tCYD9WdSkeVLFw4,67
5ERnPWGQc5QK7M7HW3rjC6,1
78Az0Z1vNJgqv9QSB0ULLV,1
74EV0g12ihUoOUXMprFpZB,3
6q9CRTF8dyABIcKj7bCJwf,48
48UPSzbZjgc449aqz8bxox,85
7pmNNEJcBcODkrPHEIf7Cy,0
4P5KoWXOxwuobLmHXLMobV,81
3bbUkaQYGQHkx1TJi7gPSL,1
6xy6jNeNTYwjnKTDzMyHw2,2
2SUpC3UgKwLVOS2FtZif9N,60
5SnOyuBtyzufoXBAKOdcxD,3
4VHvZjaD1sdWA7vC4Dm2Au,47
61lqNlVRnWYiR9C7BDJw2l,2
2JS1iE5A5RHvUPH5Zl9jlF,3
0LN0ASTtcGIbNTnjSHG6eO,0
6wjSNO6uJYlgbbfauyWhiw,1
0AJ62x1CXjJf3VW25CeZXa,0
6bOTe8T116DNpwp2H6Hxgh,40
1gij27s31tFKcTHa8f1u4g,60
6fXseQ4TPa02SRGDf7Hm2p,33
5Uf6OfGfz436zAegn1kui6,0
57J2znxukXsXzS3XPuZ1TG,0
6hDegaGv8VwBoMhGqoPfxR,43
4o6dYxgEN6ZIlY8rwdrSPz,33
3yP0cohcr97BUNJcgvmSVg,2
5kUdKwPCyamXAKGgF1WnCk,40
3oAV5Aa8zx9buAu15zHNlq,44
2miAut6dp9BWdGmOxwSGEC,1
6fZO4Uk2yM4MwrY13n2zBI,0
7u5dBtASrtOuBTTZjJrvuJ,55
40IzXkMLfTKAgRvfJvqmCx,0
5BHfKRD3LTxFz1tX8AH0DN,51
0yd0NF2DaG04KLqJT5LLV2,0
6crBy2sODw2HS53xquM6us,65
6YEOmCsXSk9ZPE0FkcCiuQ,0
39J10NL0mFTAdJbapoo2rC,51
5pQYjzkALsgYOcFTC8DMmU,3
12A0IAyIegPcMStxpk47YM,0
4zmx3vEPgRPjRT2CszUsZo,0
5C0LFQARavkPpn7JgA4sLk,3
0IXpUl1fn2QZcBavfuq0H4,62
3fBuhWRaAlkXOUFFJL0Mag,0
3cwDSDzTiWr5H5xMQhQ6Mx,2
1i8TVeZA6ZiSyrdLKQ4DEd,0
0swJk3Hoi5woYCdfnL5lWj,1
4xrlTtOEd3OHvQT8eu5JYY,0
4f2QcB0RYGz70dXGjvpR0w,0
0gmbgwZ8iqyMPmXefof8Yf,85
521gC8oqqmUknLZpodHOh9,0
0eaZbB3SewakRxB9uHKjjj,0
31dqpLUModJWNbxrXu6TWd,69
54yLLvpezvPO1lA3GspiZj,67
0O712LGGTk8e0CFMdUPSB5,0
3eOFG0vqpsMqhGHTQJmjQi,0
7cvzMbuaFpFH3ZkutMcfNc,0
3G0EKJZy0j3rMG077UawaC,45
1wHSxWBfPr3GO31y8KGrWe,0
2RH10TTlPhq8S61rXlVssL,53
2iGtdYI4lI0jDpnxJOqZRw,47
7mN0AL5ZsYMxJOftvVclOi,0
6FEKEO3y7QFcMwoGeR0GtU,54
5LFtkeNjLpZAey3Arj3h4M,0
37i6z8YqVrsvlx9jAaF6Rf,35
3HKthdb7Ejnydb74BvmQW0,0
3UCsoEI6l71mhwaiNM8DOD,0
060AenZFpUKot40Pv0CJ0l,41
65eRcjlStTnk8opG5eIQ8Z,46
0Bs0hUYxz7REyIHH7tRhL2,61
1GcVa4jFySlun4jLSuMhiq,74
4P90OxmWTJI5uAt9e65lMV,34
1KYzwQbt73OvhLAta0KQ4j,0
0uvBet3H0Q08SIAl90hIp1,0
5QoFWpXoaUyT44VmR98wLl,56
4wpBgGZWcMPQA1iusHwl2t,0
7r6KRHz2HAjoaBQCtQJfzR,0
6lnP51cMlqpZ8bwmyVlgvG,46
0BTYL86ryKRHvAndNeoiuP,0
7vUyjcxGN6qLETksF03PYZ,0
107Jwc012wRPAvjI7WKCPI,0
564Z6w6IbtUnIO4QLg4y3P,41
2WLFdsAANOvUECXFk3OKgK,0
0hKRSZhUGEhKU6aNSPBACZ,62
1DgMJfHxwxypi3CpC8veV3,43
3rXfT58koa2PevJMNT5ahk,27
4KkGTqja19AHqItq3XBV3C,48
291jfQK5C4tNrLUJyMARNl,39
4trhHl9s0gsBsm2FLPll03,0
3aSNNi8Xp5WGv7EcQNM7RW,31
4t6NQkpUmvpvLDCkl3XuwA,44
4qxsM71CUQmCD5eRIJIqpy,38
3bWGaqVeYKMlLss40mPgNn,60
1JO1xLtVc8mWhIoE3YaCL0,76
0HZlND4giwzgolBpaNIRGV,58
0jHkgTtTaqg5LNCiYDQPUB,0
1oDUsoyto2Yu6hBFxVyMqw,0
0sOoGrE5PY5EBDQnR7Yysu,36
6lrh9jZ1xoMwoErgPSj2rY,0
664NjRsLgSJtqX8VM0Ghh1,0
3o3HURR06RatkEIE2Kcsht,0
4bjvLvKovcWqZwDbXT5QQX,61
5MDgUvbBUi1nu1yt11mzH6,0
6xMHglHoafdDFGXS6qfwSH,67
29jLxTAZZwJPIpnHITiybK,0
7t5G1WOeZAf3H8IiSzE4uW,38
1Dg4dFJr3HW7sbA7vPejre,63
1I7zHEdDx8Ny5RxzYPqsU2,1
1CyCmgz0gm4AjvLE7JUYRm,0
6l5XnGdX73q4zuniAQgKYC,25
0OzwLNVnzfG43IyQB2RMPH,0
5ho8fuTb1GIvakAGy0ZbWD,28
6PF9OvMNlndPgJ4ArsJCq3,0
0JiEGVMAF8wzdnmXVNxELS,0
5q04ftJMH7VjaKEbNUz18u,0
2sKDXzkpDYJZCP810LQ1Sg,0
3KfbEIOC7YIv90FIfNSZpo,78
6O9lWxS5X8htEKFIwzFF7T,0
50JK22El2PTIzZBU2liLDI,63
4yqtwO7MQIIXqoiRBPHAgR,68
4pYVwcwdWc0SaBeGpUbaja,0
4fG5viBmXibOWwN119zORo,24
4XP7yeRNVAR3sAmgK0ZX9k,0
73kgeinD9RMBp6r6yqUA6w,0
7g6j2SGvsvcUi6OLD9Qe1o,31
1EpNicLvl0fmssAOAxBIfW,18
0pNeVovbiZHkulpGeOx1Gj,76
4DhbiXEuV7JxSR0wuqetTa,57
0LoMT7TGL2p2n1TFx1cNRT,39
6LnjelBSl5xYpdfhfFTJbX,50
3yI282DoIJyERd0vGukMoB,3
4GHF75LwRT2Hsv9z3ZXpM8,0
6qb0O5HW7H4q6R0AbP38Ko,0
2I3CLotxmAz4SgJDU9yFjl,0
5s9sZ2i76iAZeFt5f9uUKP,0
03ZIYIkSXFEe8eKeG6qzE8,0
4lzwvEOsDWdJ9qWpa83pnS,0
2BcvvHttiZRvguFM4hR398,0
4OQjzsqsnSy4YPB9yaRh0f,39
5c5a2Ptu8eyIpljhQHjIqk,1
6pWsAhgMZzoLAJ0hJP41iq,0
1hMFIOaHdvpWK7XI80Wx4d,0
0NWPxcsf5vdjdiFUI8NgkP,68
0fUeXvuwXDKRNqvrxveHWF,0
5aagC9VbZrcwYUZDhgC8Ej,44
1SwE3FURO4wYshsLRggtfv,0
3bre1AeDLj7UFDj3VO12Tb,0
6bxqVA0hflgfiVxdBcs7KY,0
3L8DnKNfRS3vv13t1E5jc3,38
6HqWcIutC3Bwk6awM1jnGP,0
2Rtya81WOGAAQNoCMRmJRD,41
3xRzUblYGZhVs52fMjii7R,55
4iu49FeQQGiUh2Dn1A8qCl,43
2KHuxWSwK8fB1zZSL1pECV,0
7d9sZF7jmepe2EYdETlNWK,65
27rgTetikreqkvedaxrF5N,54
1Wj8TbAEUGChMPD1vvsUat,0
4iFiqGqxaEQzm1CfoGVZib,0
3azzw8vbVQUYQP4SXajDVN,0
7oy11oZXWxwRYn5DUxk0oW,0
4g78lI7TkiIXIOZwzflR2U,0
5nbNdS5SKdpiDZjCBh8W7b,0
4dSHIPkmOqNMG3pE5O6vPn,0
2c32F1jt47FbgVmJXwkDGq,0
1VJ7wyKWyXuhLxCMnk8EMT,0
4akqDi0F86Avv9yhujAk9P,44
66afTtzrwCnkeUvoZsWqHX,0
5RTeMqtMcVCOukwgiNg11H,28
0RQubSwJFQaAHxKC5HQfFb,0
3nABlIAhAuI5YdL4EExmvt,0
6n7eECmtIZt6TX6wF6vHZe,0
4YJHaGo3uS2LqLjNz0ubTQ,0
3fxETTPvwxkkpq3Ax2ZbcN,0
5sKEMQmbR2QKn3xXs9KVTk,0
1LKGxJ4AVGDXTFBNOe0804,0
10XGiS6tt8eNJg2HeXVQEJ,0
6VL8CcFIupoA2VBt4GDoGv,0
4gphxUgq0JSFv2BCLhNDiE,67
0fmsS6mNtTTKjsBTXoh0KN,0
7ydzsqzHWi8djS4baQoWbT,0
1SBfo3rRQiP9RnBvgtk0hF,0
3QrwftqtZ1D3jybjudsxnt,36
6NWD6siQErobvmydHcmhCw,38
6urgMsfVicYs3mGUEcJg0m,26
4Oiztg8nd9FOrBoSmvSzrB,0
2rbsEUWhJoC1fwTFihoOWI,0
0ofHAoxe9vBkTCp2UQIavz,89
5zH710lFSLtkHbMkslLDjR,70
0S2cMsSo3KgOQF8QdxgYrk,0
6mHOcVtsHLMuesJkswc0GZ,77
0GjzyfE9VVSVVkheoweAGs,0
4ewmSyDLQ8Bl3Y6nRQsL7Q,24
0Rp4akmfqBTpbDM6EoqtNy,0
2Nz6aF1umHh5Et6I5H581L,68
67oyFnjJnn78fZP9KjeZx0,69
4RGxUjaCmVtD30pIhtEi7w,55
541EP6U9FXMjq1ulE7v3w8,34
4BCmdMShfg9uz1WeyXaFae,47
6JWlRd8ZFnXhCzg0mi3N5V,45
4wumYSGWMGz0EZazVy9sRd,46
0Osbam159ngkQww6isBBQJ,48
0LHzd11GIXVmND7TfQnGiy,46
7nCUy2nKoBQQDwT5f2GDQW,0
7fLCvzXRYVJWbxQ0q55kFN,0
74QCZPlpayjvQ4yJJFljfQ,0
2GAIycsMaDVtMtdvxzR2xI,48
2U9v51tNOoLRhwrU6j83uU,34
4OKf7CcYuw5H2HptkcKxcP,63
49Eukh9IsVghsZJoQRmAXi,0
2ZFxZ4QNiciMhvJV2GjKWL,54
1wy56SOfUlZ55h9IqSH00g,0
3mP3rF78g5vC9RthCEXvtV,0
5XE8c07vbpQBUriwybOHtd,61
5tGGKJ8OXHQk9DxX1BABUD,0
5kJQrSESEFOEnEaLfiUot1,0
5OU2RLatJbkSdqbQy2fMna,0
0bl3loogtnE6ssdEGb9GCn,0
2A0IRQ2Wq0dCoTfZGWoGkI,47
5DkORVajfAFyI6PJnFFfng,0
2w4EpqGasrz9qdTwocx54t,2
5IK2FtuC0qmHHam9sWFxUI,0
7EHmKkyAr6MZv5Y2FdZbXw,66
7z85Sqa3JrNebHK8sDtcRG,0
3vmOEg3JBiNxaz0mHxPSPC,0
4oE8zFdponjE1mtTi4geXA,0
5ihS6UUlyQAfmp48eSkxuQ,84
6XDdmCAuodZfXtEgJcxpS2,0
30g3R8mv8qyLKv1A0cAFil,0
45rEbIrmTMmPfmvmDEqdEo,32
4f1KbnoiixqLu6EEDBwopj,26
4XJyrGQgwFr4nV1UkSp9t9,26
4SXU3lUZ1eb4JWWbkQw43Y,0
4MZEZz8MqVgvIMXU6AVP22,1
6Pa1NQGHUceBVf0ygeC4wa,0
7ufDF5ePKsnxYgP0DAZoZE,43
5R0v2GLujsGk37QCkGdvMQ,46
7nfiM8DuaSJ61KaerHchcA,0
5FMlUJ6wd2aN0lkdlRrEtH,0
4uKop5eqeLow56qacdfO1P,48
3wlYKN4v231l7qvZFxYFeo,0
10pcZvQ4QTKeHRvTUAeHVD,42
62leJoS03BiNzdoQmb9ByN,0
1DzQvaFztN7CnbqcXOO5k0,0
7kigmgx2tJJsZHKaa2QC0w,0
08onVqQ8YicJ98Ycm1qoLf,69
4rcHWl68ai6KvpXlc8vbnE,73
16x9viSmRS3PII71Pdeowc,58
1PUwqWUz1Zz345y1s9YRv1,56
57ebBLITHpRgRKGrlbxMZS,2
4hWUOIDHda9XOb1zDchftP,60
60F6ntlU0uSzgChmyQyVJP,58
0S6bnMvhuqWG3ZDJuc5rGF,3
5AzpZ5ADn1AFPxcEBd2Ugf,63
300zfRaCgTmEm5Eqe3HqZZ,59
0hKF8N8aflF1uDzEEnPr2j,57
3zECldeBYO8lj8QZlUB2Be,0
2JEiLgAJl2jRakXjgAyATX,35
2ZOTtG7v1OrSNs6EINIGb4,65
3Cx4yrFaX8CeHwBMReOWXI,78
5zA8vzDGqPl2AzZkEYQGKh,83
2xabqm0YNQCTcPteQjJ22K,51
5KRRcT67VNIZUygEbMoIC1,0
27BiHcQDEkxVn69zy1t3Es,0
15rjQH7nTcTomKwfVMd4xl,62
7Dm3dV3WPNdTgxoNY7YFnc,64
07GvNcU1WdyZJq3XxP0kZa,82
5uw9UIOXj6R8pOwXte8F5h,0
19Ym5Sg0YyOCa6ao21bdoG,78
6i8ecOsx4J2Px1maiqzqoG,1
4bEb3KE4mSKlTFjtWJQBqO,76
36xEjbl8DtevPJgw6i9IuY,55
2LbkpJUH052AvFcNIgjHTO,10
4RvWPyQ5RL0ao9LPZeSouE,88
2olVm1lHicpveMAo4AUDRB,76
5cOM0fTHceCkJVwuyHdMnk,51
5ZpDiWqCG93McsnuHu9uCR,1
6t1FIJlZWTQfIZhsGjaulM,64
4GDmAT5ZZyHdBo32UYDIvM,44
2GVYPY8Sv7U7cJkDFu3Ft1,52
7ptv3yXdBWwzO7rVA62rwy,58
5ChkMS8OtdzJeqyybCc9R5,79
7gXdAqJLCa5aYUeLVxosOz,1
5lWFrW5T3JtxVCLDb7etPu,67
70Z9t1qhytWtG4cCmmi7mU,6
69QHm3pustz01CJRwdo20z,77
05RgAMGypEvqhNs5hPCbMS,73
6gQUbFwwdYXlKdmqRoWKJe,68
72hcFp4tYkd3dbNA9dZ3Pv,70
1jF5Id0OPFU1Mae8BEUF5u,3
6iX1f3r7oUJnMbGgQ2gx1j,64
2jz6rWGqVCYsymwxGoaON4,0
02Y5MRZD7AsElSRxsQtQzw,29
0C80GCp0mMuBzLf3EAXqxv,76
6fybp4N6eW3bsFAvARxyVe,70
0s6e7ZafqOAUBDoQYGmxrc,64
2APxH5XbOLDTmW9X5yi6Hw,64
0c1gHntWjKD7QShC8s99sq,2
11hrac0abM5C78XGjnxsNx,31
7pN5EnbsRXnuYlsTHPzj6J,14
0X1sqQ652p1sceKM2nJlIJ,76
4RS9PmtHQe7I0o5fEeweOY,64
07q0QVgO56EorrSGHC48y3,85
4igIYHF3B5VBxEafHauVo3,67
4ZpXHlV2vQVfPXUvbDSZ92,4
7nemcVsXVFZF01iqpIIo2Y,74
0TaT50ZZxT4ytZxuqkE3A9,68
4f3RDq9nYPBeR1yMSgnmBm,66
2AmEv442DGwSxMGZ9XEvBA,65
5wTM2Bm8phDwHAuOsfBwhU,65
35E2eKIEXXnP5q9L51iOAk,65
14g6foD6sxO1qgkDKuPgWv,60
6mcxQ1Y3uQRU0IHsvdNLH1,2
2fXKyAyPrEa24c6PJyqznF,68
4W4wYHtsrgDiivRASVOINL,71
5QLHGv0DfpeXLNFo7SFEy1,80
48mJX8glOrQkrSdVBjc0Wb,61
0i19MAZbyn8uTir7FprXId,59
28c4nfBHdb3xviamRCEsIe,1
4R7kumtHnf5SsKyPYrVO5r,0
1i6N76fftMZhijOzFQ5ZtL,37
7c1Dar0pIAW7w5TzaGjt9t,63
57iDDD9N9tTWe75x6qhStw,85
0kA5scXMiaO5Ms2GQ4pRWa,65
31Tp5iKrVUayn65qhg06nE,65
6ZAwEE4kTdtvyE66iRhFxR,59
77XlfkvXtMwppbEU5sku97,54
3NYCaxkggl0Hh8vQptSUvV,68
79MMMdYL00iwKVHBSAUkLY,58
4QlzkaRHtU8gAdwqjWmO8n,79
29SRvYOKbMLOZeOubNGtLb,56
2VmyLy2HQlkevZYboXHM5O,58
0WQiDwKJclirSYG9v5tayI,84
1IsGA5ceSC4a5nxgAEYnQd,60
0a4agFmqHXxcZl1nho1BxM,67
6HZ67VImxqr8aMBEEhblzf,0
6UGpcXcENaUqQKPc6oqOe4,0
2CdS3DRqWR5LAhy4hM5X9W,69
37EJtTS7jT5WUyXGZzrwnI,70
09QZAEmdbq28OaNyqTOEvY,0
6PNvv1dmDbOWrAYwEcuKBX,65
3tRv4ZYZimrL27flnjgeR6,3
5kz9GDBTX846OXwqWoyKzF,59
3pRaLNL3b8x5uBOcsgvdqM,71
0EqtsCvcDjEz6svFsaV5HN,58
1300POeOaj8qho30FRHjgf,61
3ZpQiJ78LKINrW9SQTgbXd,71
407ltk0BtcZI8kgu0HH4Yj,0
5YSI1311X8t31PBjkBG4CZ,70
4o7ZPI2fmEi3piRe0Hrfpy,65
1JSTJqkT5qHq8MDJnJbRE1,92
7aQjPecQdIuNd1sz3KCDhD,83
5PntSbMHC1ud6Vvl8x56qd,72
6b2oQwSGFkzsMtQruIWm2p,5
57Xjny5yNzAcsxnusKmAfA,76
38paDDziQ57k1f4VfKTeGk,1
3TW48DvQ7ChwY1Yy1tkMaP,71
2UWdUez9MB9yzL7Y81Mcip,56
48Ej1CDmpsETlImicgiXWC,0
3zwmW1gM4E8FlHXV5nE16u,74
5qqabIl2vWzo9ApSC317sa,80
760xFXFj5Fksa3jawSCn5g,52
3CMVjlbvNJMHDfYPX7xCpi,0
3kxT1j8Q7BgRuuz85NZwav,0
7H8zey5My6uNdD2TxeCb9F,2
4mpAm83XX1iS63l8wmkEC6,0
6ctbCIikHbC6tSOL1rewQX,64
6vZZtivPrtpggT5SSXsYTy,69
2LUGAmTUIgFyHPVWmFRzvw,0
6Qyc6fS4DsZjB2mRW9DsQs,93
7wXJyWtRktzx7shORVNX5B,58
7d8GetOsjbxYnlo6Y9e5Kw,4
7LdKMBKthcdBnAqlAIGqCB,38
7G7tgVYORlDuVprcYHuFJh,82
4jKq1e80xAYixkIwt6YyV1,54
4KcH1ZRV2W1q7Flq0QqC76,71
0qxYx4F3vm1AOnfux6dDxP,75
1Q1b8eVkUPGlpSArl8JAVw,65
1f3yAtsJtY87CTmM8RLnxf,11
6G8fblD9DbcEmaKOKDy3XL,0
7Hj5QvOZvdZKtlBuq8nTXE,33
14sVnTYvfzo9sQM4RkQTaq,0
11bD1JtSjlIgKgZG2134DZ,3
7yzbimr8WVyAtBX3Eg6UL9,64
1pHP4JeQV9wDx87D6qH9hD,64
1dQOMZz9SkT7ig0w65lQWC,0
0wCrg1LhgPcGMw51qqpI6k,57
3bHhUEOTIbezeZ856R0BX5,69
4VGvosVIeFMCUwHibq7a9Z,54
1G391cbiT3v3Cywg8T7DM1,86
1AfYo6cKm3yHsJHdmNoGO1,2
7fURZRPkB2S70sYR1naKTK,2
6PypGyiu0Y2lCDBN1XZEnP,76
6y20BV5L33R8YXM0YuI38N,73
0yac0FPhLRH9i9lOng3f81,79
6wpGqhRvJGNNXwWlPmkMyO,79
0ntQJM78wzOLVeCUAW7Y45,84
64BbK9SFKH2jk86U3dGj2P,85
2N2yrmodOnVF10mKvItC9P,81
4JiEyzf0Md7KEFFGWDDdCr,82
3vNFsxBbA4dPkymPF5Jm1b,61
4xqw8JSmfNdHLCuT23pHiv,0
3SVAN3BRByDmHOhKyIDxfC,2
5Xak5fmy089t0FYmh3VJiY,81
2gANywSFYF58YFMPdDSAjC,66
3ovjw5HZZv43SxTwApooCM,82
4KFM3A5QF2IMcc6nHsu3Wp,75
0UvCh63URrLFcPkKt99hHd,77
1gVgkQFOKa8Wc1HYsJtPdH,78
5jafMI8FLibnjkYTZ33m0c,1
1SKPmfSYaPsETbRHaiA18G,87
1Jaah2tmN9Hv81A87KZ1MU,80
6si71supnBUhddjR2FJc2L,78
0QnONzv3TvHAWk294h6DaQ,74
3bE5slaVEfaDreqARl6k4M,74
1zng9uqqXoPkmU05nsAlsw,77
37ZJ0p5Jm13JPevGcx4SkF,81
1jzDzZWeSDBg5fhNc3tczV,10
0wokCRaKD0zPNhMRXAgVsr,80
6Zyz8lsnMFpIrCTuvGurCB,71
2TVxnKdb3tqe1nhQWwwZCO,78
5y788ya4NvwhBznoDIcXwK,72
3gIBSlXYIN1mru35l4LWPB,58
612VcBshQcy4mpB2utGc3H,2
7x8dCjCr0x6x2lXKujYD34,79
1Cwsd5xI8CajJz795oy4XF,81
3yUcJwYu7fXAfqMj9krY6l,79
43z6scIZU2QcEieMQFAJRG,66
3JfkNCiXjHEVkbFfCQ417E,69
5QpaGzWp0hwB5faV8dkbAz,80
6CKoWCWAqEVWVjpeoJXyNH,78
3EYOJ48Et32uATr9ZmLnAo,79
0R8P9KfGJCDULmlEoBagcO,76
60a0Rd6pjrkxjPbaKzXjfq,89
5W8YXBz9MTIDyrpYaCg2Ky,83
2Ms33RTRCT6gArrpcrPxmo,77
1M2nd8jNUkkwrc1dgBPTJz,77
4lO57zZGFcj7vSY4QhfVDq,70
2pX4FpOgwItRVPPUFdRcxA,72
6OgWHP8rRXiq7VMaryVaVo,70
3p7hKG5voXWeSlpszlxTUF,0
5YciOakY5dB5dULkiLdCaf,78
7jP2937OACDPrN53DzO0Ye,58
2oaK4JLVnmRGIO9ytBE1bt,77
5HQEmiV2lKnSO6qa2fsR7x,79
3ZOEytgrvLwQaqXreDs2Jx,87
5MzphLubufqPp6GYQAjhQD,54
5JSMty4xsozv560lo6UxhM,0
3MCuDi4gQrf7Xms8lTpTAx,58
4yA2SM7XCLkSgkBUSoZb5S,72
3lPr8ghNDBLc2uZovNyLs9,82
0c4IEciLCDdXEhhKxj4ThA,68
47wPvRG8FEwbZP22UBgTQr,1
7xyYsOvq5Ec3P4fr6mM9fD,7
4s7gALAaoVZZ1vNJsEGyiJ,0
36qObRwoCMwNofaby36oTz,0
3Sg4TiUcWtEHGuuNxOG0X0,0
7ouMYWpwJ422jRcDASZB7P,70
1WURfdj2VWtsw4mI88DMa8,0
70wYA8oYHoMzhRRkARoMhU,79
3H261TikQodgvtJTsy62Pq,0
5PK1JCSdr34gWgzYHgt3Jq,64
0It6VJoMAare1zdV2wxqZq,70
6gAnYT3Eh3uEQJbfGbXjnm,0
7kzKAuUzOITUauHAhoMoxA,73
1C2QJNTmsTxCDBuIgai8QV,66
7nMrNxioYZvJDHkklyO1Cn,0
5VVWgWH8HFLAtM8lbttvn9,2
6EIG6z3kmWu3aOzLAHHWV5,0
20I8RduZC2PWMWTDCZuuAN,84
40pPI2TbaYSZlKfV44HRjn,63
5b44idJ3d0ethElH4Jw6uX,0
1tjHKKI0r82IB5KL29whHs,61
20j7B6mL9gnNvG3ic6Vwh5,67
2qkmPUG7ARsRwhVICQVwQS,54
3qaSqrrevBrb84xl5JlptU,73
6kyxQuFD38mo4S3urD2Wkw,61
1bCmvezFg5MRcENzCGG1Cy,71
2daZovie6pc2ZK7StayD1K,58
2D52zjCyqEIQa221lhw6uk,2
5wq8wceQvaFlOZovDtfr0j,63
5eSllZgRWCIJsDTAqFRwQw,65
5YXr4AGfUQpLSxtFSsKUh6,63
2IFqUmfW8oQoKn6ToxKsMs,54
1244xKUG27TnmQhUJlo3gU,54
2fAIfPLrPUTW1AmJRR428Q,62
0xJLcjd0gaZct43xG1UlXS,0
7aBAo2pO8LvrN8mGba7MvA,1
3lX49Bqy21Y5HneUJ7p55G,0
2Qypz4SJmX4V8i4GA95ksk,0
1ZDmAgGNPW3PgRnVOPJd3y,0
1GTPxha6U7x9ElVxkQw3OK,2
2g4LWy7YxrbWYA2RJP8nFk,44
5zRuPOBoe38AjACFMsxkof,0
0jPibF4bsrW5kLxEWYoxM7,14
3DQVgcqaP3iSMbaKsd57l5,73
0s1PewZjIU8DJqxktjeZaX,0
2cCE88eift4HGqdCVYVn3t,25
4Qievb8Mqy0qxdLNVl02zt,55
04Glred2wGdSNH11Qh4EDe,52
6EZDbjz2X5XzgIZCtbsrXh,60
0TaWdoJiAJoln9OQ1RbdNs,0
18AXbzPzBS8Y3AkgSxzJPb,81
4dPKQxaraW6CG1rTBzV6DW,0
4A48NL57P16zSRaq3yoYry,53
6sOCmuWkp0anAqgfLqzNjH,0
0R194013qdfjeFiap76Nzs,49
1PXsUXSM3LF2XNSkmIldPb,59
3Q3aKDlRbgOPsUhYVSGDBH,0
5HBUDrdplsitbrwYYXFH6u,0
7sYMg9phXqdP8L9nPjFZIu,0
7mW4uXsGvXaqZQh6bcd1Tf,12
6vluCORdF8bV6zhXfKyKBp,0
0R332cdlS9LyE0Ge2PSlVC,0
2Kzf4lpkPkxy7DwNlvbSpp,20
0AyAhgf2sihNnGt1ymLhg2,21
7jJsNoth2NoCozMjRclkMB,0
5H9y7se06T9etwuJs47e2m,0
2rxJabc4yx6mAIsTmxg1Gv,29
1STAWoWHYJh2UVUx41pYMD,53
113VT0dXCsqDAAfe8JQ2xm,0
4SE81CrzH0qPA8KHqM9Syz,0
3Vn9oCZbdI1EMO7jxdz2Rc,0
5ocPGNK6Xsu7Xk4JdcBMBq,15
6i0C8nAgzPr3vhbOMnDgTK,40
1riX7P7D7CL0ui06UqBquh,23
6ZJUTPXfcEZgPbdvvbkCvm,26
4vpeKl0vMGdAXpZiQB2Dtd,69
5oPUBUzrAnwvlmMzl1VW7Y,3
6tM8cMX9S4AyRd5sDDrzhN,44
6fJSEk0GDtPOk3gFxcnbUy,41
185ZAmEXHzplBXOWqNtwAa,0
3G2OX9eOHcgzqArjECc1Ye,13
2n59jYOpSwdLjLW8BfRQIG,2
5T7LRFc3HfK4AN0r14ZbkQ,34
6n7GUf2h8D2Ad2wUy5s7nE,0
76Q9wf2sC4BQbg6AdvLHvJ,0
6IA2MnXrjQVIwD2jufil0D,0
3Xys87IBYvgmRq8T8pkDIR,12
0E0ZAWynZx0CutIg4rb8q3,32
1jpnZg0IEI96gC0RTsBWzJ,0
5CXdKtyCJ3L6iyexETMdaW,3
0cGR1le8zMJWt8WcgCyRpv,1
1lFC3sMgOcDrVzNh8zXRnl,0
70WSr32oW4jC1na5I0j0D6,62
5UYo2NoLUzBlP09NGJRGsc,40
2iA8mMAiIVeIazjs8D7vaA,0
33TwP6hHkYLQuhAfWrcYZL,0
4PiOvTL3jYu8pvNMHjOP1B,13
3UfQlRgwo0CMiAFqacfp8C,0
7FTf3bJuCq5UYHjUwggKNB,51
0KN8JErFeAySSJhlzsVtG2,12
7erwmNbnZygmlqYHhSXKoT,9
2RhrdmXvvtjoQrVfgvKF0p,27
2qfllT4Nm0fdekD8KNcyJs,0
3rBjgY3DgrvNfY0ot2LpCo,0
1LwP9g1Hjbs64jXM2Qsxry,58
5xUz3xvyPPrNfnBrh9IOZa,47
4km6YR5kJUOgVloN4V8O64,9
3NSWmqRg23nA55Fg2ZxD1Z,35
16KCcwE616Sk4qTsW26wFf,32
7ezxnrzFzaOoy9yYUhP9S2,35
3DPFmwFtV5ElQaTniLOdgk,0
7wIQKJIOrQaTbzrZKeq6V0,15
5QH3pNXpDzSIMziqX9lL1l,51
28WbijaWIjv7D6D4qVIcYQ,0
7sPH8QGsiA2skKJL5qWW2D,0
0F4EoaMJmWNz8vS8tKgsqY,0
15ea10YpJIl3mJq75yzqsD,1
799azdZNV34Z1w8CQ1z9ds,44
4sHQ8z0qNXav4ajC8WtKKy,0
462wlElyvKcGOzrhlprJbQ,0
4oSLqDsjuAJqKYihXID8uB,0
4KacUpvbA3Mfo05gttTjhN,73
1HNE2PX70ztbEl6MLxrpNL,75
2m1hi0nfMR9vdGC8UcrnwU,82
6WkSUgo1VdpzgtiXKlFPcY,67
1LkoYGxmYpO6QSEvY5C0Zl,75
33iv3wnGMrrDugd7GBso1z,76
42et6fnHCw1HIPSrdPprMl,80
5oQcOu1omDykbIPSdSQQNJ,71
0nnwn7LWHCAu09jfuH1xTA,76
2g2a5kDeZexbUTD8abcvm6,68
1oagRT7LfpVlNJN6FSZDGp,72
7lRlq939cDG4SzWOF4VAnd,78
6fx1fKIs5e0pBL5FpdC7RB,1
5eB7w8UZJKjL5XmnC6Pctg,70
4rstj4vgkFq49R2VV0fbxX,65
6PsISpFaCEKwysPfwO9SfC,1
0gZp88SA5OcujHLDGkxtI3,67
1yKu2MhpwzDXXH2tzG6xoa,70
3mNecsYFb6LQg7822DPXCP,64
3iT4vWUWxqsn4hFTkEaJCi,60
7B5nuJ3GhcJRsXU48g5Qhu,53
40LQiUUUKXVGyNs09lHVjW,76
10fddGyyeUquZZ2uPTjD7P,65
4xNfsvj9mOVnMTvHZZ8HNk,60
2R5uY1gbIKzGB1yAOH067s,64
3hb2ScEVkGchcAQqrPLP0R,67
4Gd9PUEuOTOJtbgd4YxLXM,66
2hiB8QxWic092OablwpoVC,61
2f5N826udWfjT9iomeaBJt,67
2hKdd3qO7cWr2Jo0Bcs0MA,82
5vYA1mW9g2Coh1HUFUSmlb,74
5K7AMlpc4796JRWXb26nCV,74
2skmOCFU64Bg7Ytkgwliwe,66
1OFKUn2VLafrHj7ybnap0Q,71
2ouURa1AIXp3AvkS52Jry5,70
3uPfVXcjnpOjyzI3jb3js4,67
4GiVcDqNQI0fc0yYuRGH9m,67
5mkGfmJGFZpwK9nA5amOhv,72
6VoIBz0VhCyz7OdEoRYDiA,77
2Aqc48sn8He26hmTvQ2BMj,0
6txWz9UapYHVxEd7dDIHXT,74
0W7AbEauB7cP4pidLclApe,70
4TQeNHx85xcP9YRkvJC6K1,71
5YScXJKtefsgdskIy60N7A,59
0lnxrQAd9ZxbhBBe7d8FO8,68
0z1b34WikhOH9ZxU8QDWcv,75
7IsEXPk6qqt30FfQv4SZMa,67
75HZ6Wxnw8xbgz6HU9kKCS,61
1HL3yEnYq8LEyFQ3QegA5V,65
7vFv0yFGMJW3qVXbAd9BK9,72
3Uvx1TO0Kg5HgGPk58lHXv,71
34c09e1nnPqjQ48TKZvSnt,0
234RqTZmnDTnxWlVciXHLD,68
6ZOBP3NvffbU4SZcrnt1k6,82
0M955bMOoilikPXwKLYpoi,82
3WbphvawbMZ8FyqDxYGdSQ,75
6lSr3iZTC144PKhvbPFzMp,72
16DhvbuyvJob4Q9GHNYu2n,73
3e2KBwxibC1rq4bA5TNKW2,65
5z6xHjCZr7a7AIcy8sPBKy,75
1gyee1JuFFiP476LQpRMYU,75
6dRAAG4sB71NAtVCHJep7s,75
6FOpPA0a80RuBqqgDozvja,71
1UREw2MCfU0xwBzCAjxlUD,71
2nLtzopw4rPReszdYBJU6h,88
0COqiPhxzoWICwFCS4eZcp,88
3UygY7qW2cvG9Llkay6i1i,80
2gSVKxPDww9Eep5rdvtdem,79
6W21LNLz9Sw7sUSNWMSHRu,80
40rvBMQizxkIqnjPdEWY1v,78
1ZozJfi8u9cO2Ob8KwiwNT,78
0s8OMEGJQJIUr9VFwNEH1v,64
0QVf7U1E5qxHHill6UnYtE,51
507bYMYfbm6sUS9iEAaeSd,73
2vPZ4Lklyu75zBR3SgbFNI,71
0ADZ5dmXhlfzjMw6lefoPl,70
3NLrRZoMF0Lx6zTlYqeIo4,80
2aibwv5hGXSgw7Yru8IYTO,81
10Nmj3JCNoMeBQ87uw5j8k,80
30HCB1FoE77IfGRyNv4eFq,71
0Jur3mZsQba3vqSpcmsOPm,67
2PdIo7ewQPuAsP99LVg9uy,71
6iRrt1UtrgsxsOZUjp6VgC,0
2HMFUciWgE8VQ28QnCoBcG,43
5yoe7tMBqwQOpsfVddkw9c,0
5maosvba9QkQP14u6vtxog,0
6aXwozVYwf56zRSI5Z3lPK,0
0fD6vPYWty2Jy4VVozWzfp,57
7qjuiTw148Qqxh544oniQe,38
2N2QYANz84q0gQrWp4QTg8,54
2afK7FH9DWHYMqltxqf7IT,52
7ilOQyCyjY35pjorODPbpT,0
3aA5fk4c6a7e5HM4rJqkSF,52
5YzaostcCu9Sgp5T7bFuX3,62
3BBrd1T2R2m1GzX9dj5ify,0
0DiQAYZAOQLL9mwinkRS3E,0
1qRsC0QNSTXiTvHeeUlN5k,0
3VIJBrMpvimHEw5wtPh2wB,75
7nZ9CzhiFRPhOQCn7eDSnn,65
0Dw3M1B14FRabDfVYr5pEX,0
3AVyKOmMgvRjsC576xWw78,60
49PyCCLOdJi0jHkGyyY2vv,60
0X5C4WjQNubRysTkHOubz3,68
38wCbVfMreML5ZhF5iQuKA,0
1YrnDTqvcnUKxAIeXyaEmU,74
1mqytV5qZcmzG6MgvJCpkQ,46
60ubljabcQKHeMpjiypBcH,34
3KN1A4XVt5lYudW7M6gD9T,0
1RSy7B2vfPi84N80QJ6frX,62
1FvDJ9KGxcqwv1utyPL3JZ,79
2EEinN4Zk8MUv4OQuLsTBj,65
1xaTREM89RbIxkcjlpf4Uw,81
6aBUnkXuCEQQHAlTokv9or,74
3Oa8vnNXStoOHLbJwwMEDP,58
0F0imGVd7KnvQPkBmVtPo9,55
32TKQVwtSGCHIqmbmaNdFj,58
79CfK2gMGf0svanec6LJOj,0
5EclH1u6hKzOV3m1I3LAc3,39
5UPnBgnylUCjtAPtAH4tJY,42
0lVdukU9ejbFQwZIhg47hx,54
7twcwXwtIqOEmQPCejrSPK,0
76HJoPhDFxD7rizsbCmZND,55
1idZSAVHfLPQq9tDTYhnIA,43
6BrMEbPSSj55nQhkgf6DnE,79
2OErSh4oVVAUll0vHxdr6p,73
3O4TPMOgChXOerSdB5WENH,60
4dneV7C1yDt9UtyxrQY375,70
76GlO5H5RT6g7y0gev86Nk,72
7ABE6G4uQxbNtYgVrpBBPA,62
3c4bJL7mARZvd387847GsC,0
1xShPgQbOUa98avWJQFDBY,1
0C6EIiQu8CS4eYtOCMEiAd,1
5KMPp9asnxJwvaBuSZ5Nsn,33
27r5xwtP8VRqdkeWfaEtQ9,50
7kSAaTFnsEPCSDzfl5XB5L,0
4n5QvgYuN2oCSythoCXZeV,37
5mmn8mpZ7EHZOHmuY6GYVP,0
7zSAI7Ae6DPVepN8MksKVZ,60
7LyIoUsiMtelB1I0I4drEF,3
0F0MA0ns8oXwGw66B2BSXm,1
6mib3N4E8PZHAGQ3xy7bho,69
2h47SG8bNphmicAll4H9RV,63
6w6I3AFRv7tQMmUTgAghUB,53
0Qv7xi6uPSqH2k82tOkGSt,70
2qg5p61GthL5fsdXHw12w9,0
5rBOBI3INEw0u0rwNNGib5,1
5lwQGZYF4BXOzFtXc5zk8q,71
2gsY0pB4cJOVX32K3qOZgB,0
4CRpOsjhvgxjF7rQufmyZ1,69
2o49Twc3qrNMOt8gq9W06L,66
6MHOg9xiYC2gj8zcASaLUo,0
27Z1opuTMIEItuX9Gc0MBu,0
49wHCjiu34kM3VRgumQ1tJ,58
60TmG8cFPMBo7kTTFOLiAB,58
5bSASu4W0HJx6CuG8rbRcA,56
2xGKkcdKQUyqKKfOhd58gP,0
1lNn0udm3EHKFRCGpNKZxn,49
0pUVeEgZuNyFzIMKp67RbS,84
1bki22ZoLCkqb0QIJ5PtJF,1
6N6Yn22lGPa6PC8asQjGDZ,19
6Y0gqGszwuiaa10jYPyYRV,0
758wEKVqfYopJIHYWdLVd4,71
1D2QnxvMOac95EG9C0KbsJ,59
01q4ccXbvPlCwZ1fPiFaeM,60
3OS4XXm4S42pnESQmtN9MG,71
2VyOpoblI3AHO6R8dr87Ia,54
1bNuTve1e53C7OWoX7Kkj3,56
3bkcq1VrFlcoqa04VBs4J8,0
05oFyvdztPdpwSwpoclD4c,57
3PQEaRs2JEwtk79IqbQYt1,45
1JhORTF6h6N2lpb3lLWeqv,0
7hs0Q5T9oyYMuGg4EQZenj,53
21T9lWigjSIMg9uD6ZfRnQ,0
3eiUQTsfRQ0abO6duxLcxw,20
3XGBFBUEalGmIDcjvu4nrj,36
0gJO3qjzYbIhoHFRtArifw,26
20goDx14UZviYtCPtLbqvs,61
1PnQ1sK77wMXagGDhwfBdY,50
325ipyWkzIGakH2DJgDlOT,45
1EjQRTG53jsinzk2xlVVJP,1
35WDTZhAwkoBF65jGTzF2O,57
4tFGNFIIZ9ANSewxGZyiDD,58
5OWokvF4QOqMDQ8ByQsm6V,48
6iqQCvQ33Ss0SiAgl6MRnz,0
15049rGLXHwrWtE4euUb5C,58
1RCtHLyq1xIbgGMrYRrKJ2,61
6HlMq7SQIu9CuzsJ3yOFpv,0
7vhhU4SsMDV8uSQlCxf1Lk,0
4dVbhS6OiYvFikshyaQaCN,77
44wXefe8WB9Fd6xwtmAwbR,68
7yCPwWs66K8Ba5lFuU2bcx,7
1FkoVC85Ds3mFoK0fVqEqP,78
5OwponLnwCAYnWql6cwBru,0
5JZcX7TTLx4l0xFIXJ3DBt,3
3Y8Ff1nH44jFywAtpgmleZ,61
4iCGSi1RonREsPtfEKYj5b,57
4UJmPSJsBsIR1U0N79BU1g,68
2VFRnfx3nzHdeSrFhtq9Jj,43
0TcOuAT1fL2RA1YUgTrBvK,0
4PXH3g9qGgMqDlC52dJw07,0
3NJRRGD3IDzR39LFN7e5Ol,0
0uppYCG86ajpV2hSR3dJJ0,74
4XizBlyqR7ZGVTX0Fyonm2,52
4kAJawkLZj4Q7N5521ofP6,1
4Sxx1wd4nnB8ob8Zsujwrs,52
7j31rVgGX9Q2blT92VBEA0,81
5kD9T7GForh8LnRz5ClbL8,4
6rUp7v3l8yC4TKxAAR5Bmx,74
2tyW1uBUnYMKAFEfKDKi9B,2
46ERhnELy62toOMlxe14a3,0
1zOaxkbS1kAY1gIi0g8sOm,3
3U7H63zKWLjOuFZJUmTowp,1
5ZyXUaBaeZYAZqHxKX8cKL,0
7Le8BxBqidxMRbK6QS6DRt,0
1M4Wy6jRce1x17qyE7yQAB,44
6REiraH7Pe3akd0mkFA4l9,54
1jH0OiLvqyyhUOEUu61XPI,45
2kN05N1AQQplsgFweFAqYb,64
76Je5Wklky23mVoxiRszcN,69
0bORa4VpL8NzyMXEI6UFGK,57
2M89czls4iL4UaGx9Sh4So,0
6CZyezhfB1LTc3m4bS9VfD,0
58HpsDKeYoLtNhXFQyQmz5,63
5ZdzNVOmCSp5HFLk0EgvJS,69
4WfGrAJVC3A5xhUTja0gUG,1
1wYJnu1hMrYMNrkXKTVrYd,0
4tyl9OMKMG8F2L0RUYQMH3,3
4KOjtG3BcHOJbfuGARHPcT,0
7fmmaDJBKinXoLsZAI4FKa,0
1IRZwD3r9VOehOR8rGeV3Y,0
7rQfpOyX6Tj1dpQ10toy4H,0
1PB7gRWcvefzu7t3LJLUlf,0
2fF7mQOxo1SZuIMHTQgQD8,0
027h5P3kCyktHv9dpHUBBS,0
0ninYzj2nTdxEK457nEvSC,0
5EauMVTXVoQOkax03XXVaV,1
5A1FmxbYVRZKy4nc16MAue,70
7nnWIPM5hwE3DaUBkvOIpy,80
40e9kU9Wd4vbedqSA7Io4n,60
5LlsD7LdSMkGV4Iu0a2Zq0,70
18WHd7xm12Pz0rU6LSMJog,0
5YpTAKhJSOC1mfz9Nu4l6b,44
41QhRnFDdhMLtR8tmnolbr,67
60CirPlTOEWOUBus7HxV3B,59
59gSh5ihFRsCyB4gpwDjcC,54
0eQjA54TJkwTHDJKG8OkRg,54
1Dr1fXbc2IxaK1Mu8P8Khz,78
15HadeuRG9THazDGzLH8ZU,1
3GfOAdcoc3X5GPiiXmpBjK,69
3h2pnVxdlwh4NWjRkSiMac,0
4RDKdzgdnlBcpJ1SJoXbG8,38
7L605WhF5EGf34ggj87yK6,0
0THbsvMRmCHpFT3YLX301c,0
3oX3F14vpkCMJnFoF3DSEr,0
1b7W82wt7cFgOQQ5XVKKoN,22
3KsatAMRt1a7iryhWt5I8U,62
28Dm6CL7cbB5hv8BLNLHJH,0
6YnUxW8CtOnI6mp3oh61Gr,0
7woZGXjtaYwuvSoU1zToB3,0
7oK9VyNzrYvRFo7nQEYkWN,9
15iEXnizukvzpAFbLIRGKs,0
5j6ZZwA9BnxZi5Bk0Ng4jB,2
1bL6fctRT13NffF2JHU5zQ,0
3ttzGcgmxvD8iGyb3NEZVr,0
61US1T9Eq54jUoeMUcchQJ,0
5XkVQZWvsVwedk0Jv54SVH,0
3vls6Nh3JXB0a8sIXhnMTo,0
3ufbsUF0fpOjHmBOGjYSQ0,0
1f2V8U1BiWaC9aJWmpOARe,79
3kjg4p8oHDOFzqK0b75LzU,0
4NnWuGQujzWUEg0uZokO5M,77
3Kv4z77qhv7DZ7W16x2S0z,53
7GASUNtLpNwSmvLNkRSRiU,0
0fMdbQrsYylKuCFYldizco,0
5he7AYCR3MGloRnuWEMroT,0
5ibELGcXGqX5x9TWFeNPxY,54
44PQEofvkk0Ul7M6ZDsOGS,31
7CPiFuM7R0Os87sl3UJqPB,0
1EyRK6kk3yW8ZmtqAPLZKJ,0
3qel23hQWhHT3qGewBQ0pE,44
2V6n1Pq26T0Rdp0jgy77xp,0
5quv9YDjbVlXddPEk08N0H,0
2QN3pPQYoKsh5dIgEVnsYG,0
1U2xFfjK1QUuicENnW0iwv,0
1RTk31cNoWdx1HBRbkc02a,0
2VbOnf4BivY15wG1GS5Vtv,0
2aSqq7claHAcS7KJWI6lmO,0
4qoikTP7LVRTkoCaNj8rgG,0
3RciEQxS7PxtLqMs7OwRsU,57
2cop62KNgi55QqIozb5bMf,55
5CeL9C3bsoe4yzYS1Qz8cw,70
6vLwOFz5BYeEJPyvgUea2D,54
1qfYG2JrchEyJiqKnkE7YQ,2
35b08f3X5XiuTV0oJHZB9g,56
2zzLRQ78kKfPTx8FJQCdC2,73
59XNy4523UcEvQfYM8fdQB,1
5dKBaysNJtfpyNTRa5lqDb,3
3FzKPS0oVknVlCW3PhxIHl,0
0wzRcekWyVCSyPtlPOeJau,70
6JzzI3YxHCcjZ7MCQS2YS1,0
0uJyE3M3ecGZgzltsQKs3a,52
1KgfeuVn5OlsBEtoEmBa1t,71
1wo3UYTeizJHkwYIuLuBPF,71
0egYMfS7hjEneR86a9K61w,63
0Ui05Ov0s4PnRc4JI3Pilg,73
0VhhaYztcRWc7PEjJCjr1g,0
75ARkUKb54dQ86YezuoNhn,1
1jNOi6m3Hn8nLEeHCp5Msr,2
24FmdHoCr2jZGE6Z6dZbJT,29
2hvOsGJc6qll4WzW8Ljqc3,3
4qO03RMQm88DdpTJcxlglY,70
11VwZwNF29HrqwalYUMitb,64
1YwNlWLf8auhazSQUDQLFU,3
2xt2piJx6jlFkjS77YiqpL,75
3fNf71Ktya4CYMqGM6eRud,57
6WrnSlcN0dzTO80mVVbBto,64
6GyDY0yE47rfk8pcuKhioh,69
7oXRMDUzBPekkLRTJhSGvC,0
3eSyMBd7ERw68NVB3jlRmW,60
5FVd6KXrgO9B3JPmC8OPst,87
3rINKmrSbky6jUVEvNtIX8,27
38w6aqERgBYjyvWQsltcvs,62
0cGG2EouYCEEC3xfa0tDFV,79
4dk40nfaQav6b4ZsJ9OYUo,68
3ZXcjz3A5vNsR5dA1e6ITl,0
4WoKuMjwJXuy9IqX6AH5JE,63
4PxVSYOpsYTI9gx6ZP9IM4,1
7fRvtXvJMpGfTLdF0M09a1,71
1MANhf0nwr6gFwsRJMeDbr,51
0BJU4rYOfj43xHw6gvTIwE,0
41Laec0pItedzpw2D8HWYp,61
6HvUtPLqkP0t6zd6YNdWby,63
1EXrFPfVNVsyb32yapebbM,2
11HLyzoCyx8hXKXVmrg1Sy,55
4qngSTqniuB6PYTE1JdbPG,56
0Ytxje4D5iXTHN3MOCC5jS,62
3zLZ7AVfbYuy0BnRWLafZg,44
6IDHh3FcwLVcG5NsmpQgg2,19
78ocJAEFOYKVjYgXZ8fggD,0
4pWHlV64Ni9epy7RrKjFus,0
7wnagOAqma4Sg6JOGjWr5R,61
1p46bniF6fC9kT1v5yjJOI,49
1I6q6nwNjNgik1Qe8Oi0Y7,67
0sId1fkKRfPlyMMOSVShng,1
1oYYd2gnWZYrt89EBXdFiO,78
0ZYf6N5eBeXStMri0mf3DZ,60
3ix6K4wZY29bCujrSznwFZ,72
4ZhPLoMzZwewHLLjV1J15c,5
6SooMzpsDiPHFoLsk9XAvU,0
2X9fsxb6O6bYEopJYmUbNC,67
3EAFamlgsYPA3HijLUPszI,0
471SXWs7Ko4d2rkKOk7oPF,59
2wSAWEYUHkt92X4SBAPqZE,76
6WEBIVqiEsevfgJefTyuQQ,62
3kDNbgnKWe8rd7DL34tQwt,0
5uRsBdLhn91AYcsTCOGNOC,60
0XHGKdViVybbZKqEZ2tXqV,48
2gQaQUhDCNGfBVXTvxAmXQ,76
2mIrfke7vosXAEWfz6ucyo,72
7qm1JpihtROAIU1XpvqYHS,50
0vsRt9W2VisbZW6mqqjbp8,59
3EGI5qmVmGlfgy9BmNb1R8,69
3kkWD4jESZLL9eXrzJypGH,1
2V8FnzDA3T6Jrc19HlHy9Z,52
7eiP7dsQZybO0vw2jGJvWC,50
4d6eqRtpDX7tydHJGDZUBQ,77
7psTNaKmJxmF33orqN4a9P,62
61EQfJXizp4MIpLYWyLoQI,62
4Cn3jeDKxrpxJwRjbc5GFB,55
1gsQmDnyXfq6jPIXYCPKHB,48
4nI98GEywAAxoA0i8Vap4s,0
7AiDf42w2K2c3fWgTE4ytW,32
6j4eSvLSgkb3ehJksCtq3w,52
5QcQcmeXFT0ayv8sBcnMYY,0
4B9lC39ZaRFEku3aneRmAE,38
0WnVjkW8k8Zo37JAI7K8zF,58
1K1TFdBh7NrDyKiwiJEmsy,62
0yfNXxlyXdmP0ue1iJijx1,76
06luxtMuY4HXVpfWIK0rjw,40
05vL56xSoxthM0r7IfcQjo,67
4R6oOgh523J4M1I0XYe14f,0
2jVQ4jYVOGBUj5hHv7GYLO,0
3QtMzmaXaQnHp70RsAZ8rL,55
46sVotiw129Lx9RButaL8e,40
17XvbAd3K1GOjWy5uQvK2U,52
3cUxncrTWSA9lhlQbuIwUY,64
47R9wmldBrYFtkNRjVSPZq,21
2enPRFda84VE2wtI8c86Uf,79
69VE5kmfqG4dJSkrB1OtCI,49
5OUTFH5acycdnf8OVo21Gv,1
2lffRiAET2Xt6BNb4EmkS2,58
1QgI14YcWg3tOobXjzlNMl,0
7saliZ9OxOgVZvac91pnHH,0
0mRtoIJczBZFw3ISHr7JIN,0
70uUmt0fNudal1sT9AfGqL,0
1175r6ZmkUjX8dRJLz9Ohk,1
4k7P2LIQco8YCVbIZl1vZB,63
5H2WmzaijYOGTHeHdM3w9P,0
5Ss6DqCldgTmIo6BekVOJT,0
4yp90BbE4dxPXfGGSpbFwT,0
1b2ReMGta2fe6lEMpvU6eB,0
4cJOLN346rtOty3UPACsao,0
0puyikpyVwe8TTv2tvMHeq,0
0ZK8TGOsngrstVPsnrHbK1,56
3c0NlyfimtupjK3PlaQDLl,41
0sHFw13WH3LtSB3yP8UMYJ,0
2s1tc8yYKf0QAO70Xe1VjU,0
1wz7B02oOtrTW6SNLG0cSk,0
4yxSvdt8kl6jMdvFaiNtve,50
2ctvdKmETyOzPb2GiJJT53,80
3lOok0REf4j3790abX26PR,57
6ixkZ2Q9gQeh52C6GxbETg,0
3Y4rUyw7XBCK6hGHCOt6rp,71
0xtIp0lgccN85GfGOekS5L,76
2G1tXoGBaEMJ7FKGnkf6ud,76
045sp2JToyTaaKyXkGejPy,2
3FmAUR4SPWa3P1KyDf21Fu,0
57asCheDC0X1S9QnyTsmOQ,25
4YLTFu7iyC3q34dvf5hRDq,0
7zxLkZbUxITHabPzGN8Xgc,57
5wv2XK6ms7KBBVDD1cOwlx,58
7Fnsdfqnh9tV10Prog5RIR,33
7aJjhQlplwtUS7emsLIEWC,51
6urCAbunOQI4bLhmGpX7iS,81
4pbyDPjFgfPqFTcIMC8xpK,71
0SLtqCrXBRrnkxSOMA3X4W,66
190IqlryWu91WBKeDgZqZz,69
2fuCquhmrzHpu5xcA1ci9x,82
0mAGeks6ns4FZWBPkjD9HR,50
6hFHsQWB7HdVrSe7efRR82,70
7s41ZGjQB5Ur8T0fQlk5uM,67
6kdCN6gTWLcLxmLXoUcwuI,78
5tyznRXlcIx0XlQ7S8iCMW,72
1p4rYrxjVkj6v2eMzRhLfA,75
4KgboiBmi0XOSVLMXhnG5A,60
4oMaBqivBDg7ID3EHtydeX,66
1oA0tDRFjY5xoNDXuMBGGA,57
0E8qIw6KblOtDQYzzHQrxL,0
68UIOPderAlQy5eb7K4iUO,0
3GSMdtJphymHEsR8K9jT5Q,77
1FHNctV68GUNLgXclG2DtR,63
28V858H8DAUHqxh6KsNx5l,61
4Na0siMtWOW9pJoWJ1Ponv,0
7iN1s7xHE4ifF5povM6A48,79
3oqWr0jDWNXxWufNogGREp,72
7r7HYGxvCIXzHicl5DGIxM,0
3zksbXteOCeSusJ5Xltr3t,75
22JdTYxdp8gRcrLNSxJnX1,40
7noel9mKBqjn6D0OWA3qmK,0
66PRDvzBHhbcdbc4T4mrZY,2
5GKVcvTgnFYtfh25qKQtRg,59
4uvjOKsp7mSjrDhWdkLPBY,76
1Dfzjb9aFxgSFM0vnNTDPr,50
7i9763l5SSfOnqZ35VOcfy,72
2auNjgM4xIOANxtZT4Xe9z,72
0LEIjyWS7ByxvVKEIlg4mH,24
6EsBn1Md8C5YdbCzvwvZq8,4
11LmqTE2naFULdEP94AUBa,82
59WN2psjkt1tyaxjspN8fp,80
4EchqUKQ3qAQuRNKmeIpnf,83
2DlHlPMa4M17kufBvI2lEN,86
5sICkBXVmaCQk5aISGR3x1,18
6gZVQvQZOFpzIy3HblJ20F,79
2mHchPRtQWet3iIS3jANr1,59
5NoQvINZLBV1wMYPdNmReL,67
0cuq829zRNq4AEdmDJA4aw,72
0vek0LcCbvcMtj0GkXMMJy,0
38peLHRTxGZAd5TpEO3gB9,0
7Jh1bpe76CNTCgdgAdBw4Z,76
5G1sTBGbZT5o4PNRc75RKI,69
2EC9IJj7g0mN1Q5VrZkiYY,69
4Ai0ANRDYwx6mCD4Uty1WS,62
3cMunJsyeFbyYm7X3LgW9T,40
0pQskrTITgmCMyr85tb9qq,80
3kZUnG3jVpgwh3TQFdTv18,51
0UFLbtupYWaDGMS4io94Ml,44
0qdQUeKVyevrbKhAo0ibxS,2
3ccAZx3wLZDVB2Nq6rikf9,66
0dBatXn1vVUl0jLgXRClwD,0
1H5N26VqHR4JhuaRKY2I0u,69
1fv1OaT7y5hJksXu0fmkRt,0
07CyrZF9eVd02zzIse7tZA,61
5voO100jVn9PK4NUETgM8W,0
7bIQeY33PkduZRmR3h9BIY,0
5nrmGFJ87crVoJF5xdRqwn,0
78JmElAFmrPNhLjovDR9Jm,2
6QLFNz62dpOgQTloWuUbNh,0
6nbWsD9NuzBYxn52iRLRBL,15
7ATyLePQnHxFk5kzxWCcsh,0
1tMZpzeGkj5C0tKSnO2lrG,38
1MUbG58cE4tuynKublSM47,26
32rUsiLCvd1yZWr4UFUoiu,42
2SWpDaorS0j7fXFj9AJtFG,0
3dh2LlmeMqKJbzn2WUgt3d,61
4UQLQJu3DNvVkMVglwElU2,1
5Bkib0XUhVqvADQoJaRoWN,0
2oSpQ7QtIKTNFfA08Cy0ku,67
6s1lXoCa6EmIGnr0GrwcJp,62
63xBnyUVKIupzjHno4wFs3,61
198mZpm6peW6O3ea7VTK9L,0
2Pr1nZpt8A8WP7QYpyq6L3,66
2GB8OypbvrvCee61FKx5dp,53
6ZYuLBPPgp3fSkRykxcblQ,23
0LHItNoPqjxWcbvQzw9NIv,0
40tnCfx2mTtHozyaRDcYC5,56
2aC4dekmnklfC6edwh3Wda,0
2VXjgueoSOIxAEswR3uRsp,0
5LeB999d5zGavmLn8zxExw,0
4XMRt4xFqLzGs4wDKkSSeu,0
0xHxeH4QTqlfNrQvczkoTA,39
3rzYUfyzdZW96cHXnGn1xI,64
4GzCrjBowX9gghAPVzIKiS,18
03yOjwHoOPDlTUg0NRxN6t,64
0LrwgdLsFaWh9VXIjBRe8t,68
0ncXP2m8UxsXqGnuVkdPyV,0
1plcM0XlbKdjND7Ufokuzb,56
5SwgE4wA0P7f6AEz2UQMB2,60
1Qa0Y05al633fG8f9Peytc,66
65NTcXUtOb27NHKQ4fAcw0,56
683b4ikwa62JevCjwrmfg6,68
4wdvkTP86WAvmr1pB01KFw,0
3OeUlriM0EZHdWleJtjoVr,2
6fAADiK2jnjdm5QRI7hSYc,0
3mlMpmY8oZIBFc39D9zLbh,66
3bC0IKk62yB6TDaratb1s2,0
5tlyFGagMcqqpbqo2jYKU5,0
1ADAOmHYyKwwBbXYINniwa,0
2Gy7qnDwt8Z3MNxqat4CsK,66
6Qb7gtV6Q4MnUjSbkFcopl,73
1tuwC1Ob5vnYZhvg3zyzJg,62
4xiyq1iRdsxuU1BPUJ490Z,70
32fKHW6Eac4yBXn9WY7Aic,0
6WCeFNVAXUtNczb7lqLiZU,72
3TgMcrV32NUKjEG2ujn9eh,74
5Ohxk2dO5COHF1krpoPigN,86
3Dwq1oiOFys6Sxr5SslmXw,63
3QcuZo6WLcFkqqLmDs0d95,1
2BPjarKTt9Gbjf5Z9iMACP,0
3B1lK5gNppO22gQLozrxeA,52
16GUMo6u3D2qo9a19AkYct,70
1BvJmtaXsqtH438BcDPeBb,70
19NrEarQuj37iHHzqoA7lw,0
5VSAonaAPhhGn0G7hMYwWK,75
74y7rve8M2xupgDTSj09VO,0
7ykaUgkdQWJLsMuOymTV2A,0
6xxXrNJnnsQNLdgNk8S4y8,58
6u0x5ad9ewHvs3z6u9Oe3c,67
6gGSSrKMiV2yec1DrqGhhy,61
4iG2gAwKXsOcijVaVXzRPW,76
2wm3tJarIFNydVe0lRiBN9,24
31u6rUeIEXGrYVoh10U7eu,53
4MFQ0wsGuiKJrPNLUaCVnt,0
2YodwKJnbPyNKe8XXSE9V7,72
7yMiX7n9SBvadzox8T5jzT,75
5ZLCyAR6Ti5ueOiPGl41XH,0
6BqWhxll86CGGE6WxgdRqG,62
5Pdd4QCr0rREXM03zBM2Eh,57
1MHYAqWWdDRePmnqORynrq,64
4yEyeWa53n6yAx8kxxj8kt,0
0N3vopQgoNjJerO6u4Le43,0
15RPEE4Xjz1dQK71zdAJSA,0
7CVYxHq1L0Z4G84jTDS6Jl,0
0jBE7Fn78EAvmIs3dCd6GO,58
086myS9r57YsLbJpU0TgK9,85
1cWD3SRnt48gFWzqTC3pWM,0
2tznHmp70DxMyr2XhWLOW0,80
7HNpXPaTcX5CoNBjTAEWBr,0
3CeYdUfGPCjKMDYyI1PpCh,59
6mVD1SfTvlFAPVi7txFL5H,63
4yZB0cywBNhhpNe9fnqgjz,41
3ZffCQKLFLUvYM59XKLbVm,81
4YPhn26bIFm2KUkL1VLzQG,1
5ghIJDpPoe3CfHMGu71E6T,80
6i40XRqEwHAnSxwZWasMRp,58
1MJ5f5EYBC92ADD6xcz7nb,1
7hm4HTk9encxT0LYC0J6oI,67
0wDEiGfq4pw7FAkYKpkwMo,60
0LIU3eOAwXCZlWOiHuItkj,0
3SUusuA9jH1v6PVwtYMbdv,66
3Qa944OTMZkg8DHjET8JQv,72
3JAqEYLvkXUECDgWgY3SBv,1
2ER2utkgCONFTjKxDFA6o0,0
6LdkP7aDWJ6sWL8lb3MDDy,0
5NnFkbEjahUGx5T3qxbNCW,47
7sNCrCpi0CZ40Rz3aij7Z9,0
3Kq7kKBwHPOvdmyZanK4AP,27
0JFKj8g0LA9uMNlo8d0pM2,0
0vlgb85Gh0Acih48xPyrae,0
0n1sFgYEpGbYkp4EXFfKVp,0
6hm4hIgn2ah34vsCQEV1ao,0
5ItSkFh0VDnPTLP84t1FIQ,0
1ip7DKU9LjT6aR4FdvD3Mv,45
0v9zEZ8aSie2wi2V8YGkE0,0
5sLvtzrdkCpbyyaSaYpS9c,2
5741GhL8qxmyPbHakSOGRF,0
51MgEk3WbfGP2qbixAVAlZ,0
610SfeNHoBc4uSkKLLKVKD,12
0isFRKAT3wPwqYddnDY6Te,0
0hmxVkpxbcdHAXUoZ7DeCQ,0
0ZtvwVeDVPzdCJyYH0ALen,20
380vwKxkPp73hCveD9obIJ,21
1gGbKphHcAq2YdQm7vesO3,0
2YdyY8Wi7FmVcJ9oZqSBzf,32
6Nn49DQCmWuDD5QuOgqZlG,0
2pxjt64uD6eiFkh8R19tQu,1
0zHwJgn83eZezUw1zc8ZSf,0
5LKVaIil2MgufgyuprQmjS,1
29lIqq81nEtIeroiSNDNM2,0
5KCVBcxNjBAD6WvFXQEign,14
0UpW4nPCjKEX5D3mjQcbqJ,0
4bca5vEisb9ImSQ4PlQh2T,41
4VjCZgSxCQOKw0XM2NpK5q,8
78FouivfyGM9FXwjRmdIqd,0
3iofITmfiaB3jDsdVYGqaM,0
2ZlgqiomIrjvkuWFDSVOLY,0
7g4xNJVKi5PELSSZ3FBwbl,0
61z9wv7ZwZeNJZWW1Oi13a,0
4KzOYxD4qIkUtZV9ZYakGu,53
19RSKQNmByQMvgwQFkDMn7,0
3I8Ri6tLa4QA11MMdZywtM,0
25RxRBQozMjDnKryWpnDKh,0
3ipe1oZ60EZkyiPrIooCgl,0
3YqT6XhLAej3bRERl6ispS,13
1OmwxjOieJ3i0YHECkBEdL,0
2i76C2MZFJqg0Aq7Ldyea8,44
6lsIkghmTjTEVQAaQKVVId,8
1GXgbR3NV5Whpw6cTAjcM5,0
0OwLUCSkDeiTHKhsXRtyCT,0
0kED1UvRyzEtgVEQVid41E,0
2Uz062U0fpe2vQ0ty6occw,0
4zB544yCIaSw3cuHltMCRJ,35
4SRtBFocTtcaWP3etJb7GK,43
03vri3F9DxZ5QVZ5LWsgn1,30
5cIHoC2VDwGtH9MWgRghb5,0
4TIa51S5pZ7U9UdqHWqvsx,0
5ILkHJjfIKqrQ8yZgJsBvY,0
2D7vv36dTHmoozVTvQJUhC,0
2xrW6sZRmahuSAQMxO4BmJ,50
3Gw2X0ZJgxlggAIuG36rVF,26
2ExTlf6wuN0WPFzPSh3V3d,22
0K8N0F3efUhd55TxNGgmGD,0
7qVnkPY1UPmSeWULwXSW7a,23
5GuLKwgYs2odLi5LwK6oKA,0
1dO4IJX1pwbDamm6Kcyu4p,0
1wbUqPb4FPoZ9GPdMyu5Wo,0
4TkXg2v2OeFBaJLXz1MNFd,16
03ZDwfZKhjHLqk9tIzd2KB,44
7uLfw6yj5AbSaQTDwUVzzI,0
3jK7Phs5IsCWndQVGD4NZz,0
14z1iYshF7NLwKryltUWld,19
7a90KTDVjWGavOHJ06oaAy,0
6GGpso9iwdxajUMNRlPAm5,0
42T2QQv3xgBlpQxaSP7lnK,83
3jxrPXWriZPIXKGbuniXhW,0
0DnA2DyUwy0W4xMYtRxocL,57
5buITai6eMzU8rJonMEI6e,72
1OhctVvuAU8kVCtzDWsCTj,57
66s45uMhk7Y4z0xUgESdm3,60
15VRO9CQwMpbqUYA7e6Hwg,79
0sT86uFdDw1mfkOGYT01bQ,52
3sYWyVGfPuit80szWXhrRA,64
1D6dE2mMlGz3WN1gjKQ76E,55
76hhfwZpMKGO3phNusrquG,51
40xcrghLmBuKzRFSZ6klGZ,42
7kbQE1Xbyf7kvcn4DVICiR,43
2PwwiKJYMYbuWh7j5yAbwT,48
2b6pyyrxfP79LhV2hLtTm4,48
1ERxZwkfoHM91tdOWVPI78,34
0xuXRQJfxmdP6gvfDe2Z4L,2
7cRWPAHuHQ36agbu6Empc8,0
5TM2eqdzfWPHklI7YnBmsD,1
5fbR5XxBRLGMue3QKtDgF3,42
7pFydJbDEToJHtvl6g579k,51
6KgC7EDUXYwEa4qHLZMSuO,18
5E6bjaFJZszZHSphdOPHpE,36
2bXR3wHjJ7zBZ7RRuTVCvQ,52
55IOt0T1KbTgWpsliVyaWo,40
07K9jPEoVsqoEopODxiAUs,0
2RVQIq7bLi4Eu6xHPyQ46t,66
15BSoozSq9X6kLmXwhUX8A,45
2J7xJcaxx8IuhAheIjDzdz,27
71aq76EEn08wWdU1X9zM0g,27
0eKRwDBVWxCXWpLYFYrbd1,54
7lyjPebrs7neketibbAKB8,28
2YIeE3ClUqkonhOViNHbGq,24
0GNlKuzh7ZJTJ1iigkQEVp,23
5lnJhq2BwP8mzmAUvDBTJ8,36
2fzRBJ6xbrHGyRCBR2fE9n,0
4Lz7zvtWOXJlJ591pSo7Tu,44
2Rwux3fRY1xxl167muIo93,0
5qrNtSNkPsWfjqaYNugzYT,0
1bmX1yGa3aJkvfHgpdxwdo,54
6WK9dVrRABMkUXFLNlgWFh,76
7HDWE2Ib7cjkhzULV4K8y3,66
0gzqZ9d1jIKo9psEIthwXe,74
4qgZs0RNjdzKAS22lP0QjY,70
4mVLzFbc3gaCoWCEENLouc,67
2yzPBlE5UXK2sqvnNM9QQ0,2
4jDmJ51x1o9NZB5Nxxc7gY,9
0viZ7D81W8pD65TkzaFkXT,0
4GssB27iJeqmfGxS94Tfij,69
5t1sJQEcAltWjCfGL50aQT,43
1QJ30tpfFRvNuEHbUzudoG,32
3eDJXbkSGulxTuB2L7fP9B,0
1aWpVsNjEiqpFvV3KhJiWu,0
58Eyr2rZWIYM19qhpals74,0
6iACYlu0i0csBkEHcuq34H,0
6hyKhlwAvLvVh0ZysHFLnq,0
0bTjMx79m5NMCsHDTyAwBY,0
6E5gsJm3t0RqmiHBfUBaya,0
4uWDkbZzZZYLEcwBFyrAhY,0
56fiFTRrSiHHH3gBeaTg2P,72
3KiquXmZBWCD2qPgr4o7t3,0
0g9NUt0uI1HSWgkLynXRbP,0
6PcRGZGpM4a3wcaK59fPsZ,0
6ZfTIN0gmZft7Ewe9gjOyR,51
6wzbluFL5sh3fgx5iyxvMk,0
0FkcmHJOsWE80rlpzfT0Pq,55
77CCfbJgFZvKYpL2GY6XN9,0
5pvZGipNqXbamr7K8TVolA,24
2NgM0Rr5uLzSR4WOVR9XW9,0
5EKUb1FKsyYVaSXb41YBIj,17
1aML2CdNXjkJJvIhzqN6Ka,36
2eZjO58Qe9og2xmyfw4qwJ,50
5KdOgQ3VAK05QrGC98X9ta,36
1tS3YIyOAczsBzjub9PrZj,0
0N651LYsMd1I2fFLNmbtR0,0
08vJxMYhmZu6YTWqVmLgrA,0
6RqqIg1s1Ir7vUeDbtV91X,0
5qbtHIOOPeiALZnn7QmPJN,21
0C5X8RJXZNuGO2CfQJumb5,0
5QqMJ9JYmNU8zHbjhNRI3p,0
30XZElqGTzvdg6clMAMcEp,47
6M6enRLXXbqhUHDLuKdNQf,0
3cjPSKlHrekNwiE1fZybZ5,39
3t9seJl7Y0B556M2ndthl1,0
63Qk21b9uUm3jgNVfRckg1,0
7727SnLGNGvHlfhyj9Xj0c,0
3zXXm2D9Vh4jven3HNcDW8,0
6UsNqIqCC9WIDdg9Xxxv84,0
5hABaSxhJKWPSADAFsFjN1,11
3Ksb0Eq6OmtmYuraqpsijU,0
7EEaV81pUNKvqsTrEHGoQH,0
6nMNpGl4VvMhtYigbbOmBu,0
1848Fg5mU5Dk14CaahuasP,0
1mQaehT2IA8PAb6drI1RNB,0
7c8vaoaPChZNEFEPWoAQ4i,0
7m3GcIhH7holai6lVlEKNj,19
1n2ftY1tDVEyf1uFcNjAuN,11
0Aergaee1PD3zbWcjxcUJl,0
0XRjftXFxSo0ZEC0ZdSxWQ,51
5CxHzMIN3ZOH8f18RdNYwO,0
1Hy0m0aaG67ttQZoytmKd8,0
4aeS8uzdE2lHU6sGpwWTjH,0
6PRU3PZGzX3GAKjV3G8bpm,11
0Mw4XuHVUyFuf3qRJ3AU1h,25
7n9PZGuun1TU7YqecBsK4x,0
0zEKOcdfzNkvW1OFnazAQO,36
6x9YqifhoOc10bPCB6ABRs,16
4pbids8jHfPl0HW8XMhOgQ,0
2wJJNgD6GrKoQ435VxTRv6,58
6AyvMqZpBNwxn1bG99as1v,0
6TQkEzHzTtG2jO6TqPIIMc,0
2r9IVJY3OIDb64lplJJ8mY,0
65nxwwEt3wwNv5hFqUQWph,0
61oG7DvhBOvdXBALpVY9VG,0
5YVtM6pBdjRhPCr9iH2tMC,0
0jCVWQsoQM4UDvd4OyQbA2,0
2nrfQsRZEIkUUPGNZQgS3c,0
4KTgD62vgozCfk2Inbo9fm,0
4OLNZ3wmdoMpAjlIXsEEBV,19
7MUApcEEkcIQ2iufufk2Xw,0
2KJwci3DPtYbfg7pxczvWf,47
2XAjNdO20yRaXSGARd6fCw,27
4x241uAmPrxKZdCZKt2r5t,0
2gYCaUsqrnBOt7DymQCY6d,0
3k1vdqn4iv8hRhIZeVRNpJ,0
6Mf8ozEDo35UcgKgKajrBY,0
1w3XQHyd4stGaZmIlBU3cr,0
3tyirD3obARHIGu2GBU3sC,0
2pAUx2a1F5JCaVgytQm8fI,0
2MrmBl3qmsA26YPvaiSvmW,0
3VyTSj0Ub87UrSOfVNmzpD,0
4YOmGns9ojNuDVV4RfrY3c,0
4bPrKGqQKiBmf49XB4F4H5,0
7rGN3oqzCpG2mLcwoPwDQm,0
7DtaoVCnStRPqC1bs3xZ1Y,0
1CyXjg13hqTNIJgcNNIzDz,0
607jKEHXU6EujgA90vKARO,21
2Dacl6eI6cIwTcLtqpQcA0,0
3O4tAyCKMYy1DIosXy1wAv,28
05h5rk4vraQoYmce4dor9H,0
3rPlqhhhBvDWO5GwiDljsl,0
2NToLZNvVaQD3b8ecqiDzh,0
2ZPILPb1oDWzuB2VsIF17f,0
4EmokJEqiyqIUPJ8W1MbbW,0
71XANkrvmPFBd0bsFuLpvm,0
28Mj8V1IVsfHnHhl4RkZq2,0
2aFsfzUuXuxDr4xo8ndfUt,29
4OBrZqJzkwdDaXoYVfmIw7,0
3qXKIZYG9VJaFlyTB8OsAl,14
1OsZJVrWpTUAdoBOMEqjdx,0
6dx5S8zTzRqYulcXGNy0oy,30
6DTI3UnHdigW8AP0AIr5Wr,0
3hF0Kw2yIWzG7AOH7FK2If,0
34sgVMGuXsU6J7RFVgmlHJ,0
3L1c1cwqg8hRbehzw8beLm,0
6XaR5tiIlnHcAmX1ERxUDE,7
6PLY5MiCWMiQZrmTQdhRxC,0
6I3WvkMMeP2nB40Mvvu0zo,0
5DkwgbwtvFzj7ITGkaSGxS,38
6CCkq87g6MxHZ5uCYCqdk1,44
33W6nFqHIhVCfGLiafK3kr,20
4KPEOTaA3Ofd1Im31B1maq,17
6GbYxW4CH313YQbxtzjLNN,10
6TIBQ6xqAEbcTDcnXJqgVT,0
4SzxBp2OeQ7DTlCPwVSnYk,0
2hGEmiZnMqj683DUd11mKS,5
4ObVlpkFLvycg4mxf7pYan,4
7gY7VZlhbr6dNbRzLKkaPd,0
4PBJXOk6c6g3PcYWMft5B9,9
7lzmBLvFqqYuS0LIGSZMxh,0
6MGryNr7aENIEfPUV1cHyg,17
6VJoLxH7kLiwXuKEM2A6P0,13
6zJDw4HRcwXVsyaAfSZJQE,15
0aIXTE8LOTPZZtx6woNmAn,29
7b74X79mhsVEmJLcFsuqws,0
25BeGqGFDgTGpAnnDTRFmG,1
18jRXhmNTcKDldl6PgKvv7,0
6oTpaLzR56np5u2MpbahkK,8
4V0dhrqmMPQ8NQOgQ1EOYh,7
7yqidL1A0Pz68SvDCNE0Vg,18
2y4Q50w1Q43pVp01ZUMK75,9
58HEA9tUNHri5ZI690qxlt,0
3IsUyAWHrvSA9bZJTROLoZ,7
1qFUgLQ1FvHZsQJCBfoLrX,23
11uhroUNVpmyKCqd6gXBtn,6
6dG6mKSZnt9pvKlbP5BFsv,10
4kmkRciKhp38X9AA5INybm,20
0QRnRlNFMjjJuznhZfz0e7,9
1BPOfdf7EwvZ6NZsiZVB9N,0
7I9Xd5GMl0CNvnM6PFpS1q,10
5pGwWW3rbWmjxcxoQKB0uD,0
3PtVCgZRsZCVfyrPpGdX39,2
0zID6BkLLhlz6QTeHONlEs,7
0LDqMUfNZjXj7qNwWJqX72,0
7dnLkrhDNYymXBMiS4ZZjF,0
3t2kTBMZGwDLbcfZ0vTbaJ,0
5mLBgcrYdkJo7bo9s4vXVL,29
037Mpyr0SSSsiPxu8acXsp,18
5vJxGkAeihig5jOV5SG0uu,0
3lA5gTX9eoqgmit49ELTnY,0
2o8SO1ORcZmNh93M0xqIb7,26
2Mis0n6Zzz5XhS8vDk7hkx,0
2nkFpD41Ql0q8apFD4bpGo,2
7g74UJ4l34GKdoPniASVyv,0
5CzYPYavKzmVq87TAxal54,0
04gYIUXKUVY2bZhawtyxD0,22
1MrZOAWrE9VYYlosHFekQg,0
6iaQACKUBkVOwAVHeDxMJ9,19
4b2gt6O1WK9AbylQfZTNKI,0
2pXIvOQ6D9caGsaMS05BpE,18
19qXwSfOTLMfjVvl8BdhEW,0
108azuTlbkrLiuaRMQu2nF,33
53cI5R2gk5vekR0eSBX1Gb,10
0kZMyLzcsahrZq5kWj8ARz,15
2o2s2pMpIqJxfL8PIELLAT,0
1KyA5lXW7cAgMLwxRdVAu3,49
1DZHzaYUXBCZCQnJQx1ak2,0
5FzONa0dimxw0VFT1jNg7Z,0
3VZjogSj2XePaVubGgFOUo,0
6zKEILPnV6rmNdCQ4XGntT,12
01jEKrnZPFX961cWuMufoh,0
4SmTU8sASXN80VKKAVuJOo,16
76aP72cmBmX9fxSmeZ0fPb,0
1yu1uoq6zaCVEIYLq0OUGX,12
6GvPBeWzRMK7AZAVQnla6s,20
2KOrVm4MVVvUdYNjBcw4ki,0
6XtniGKKPgamhiF7la67fk,0
6gdVS26GmfBQP0k4mfxBSs,36
2VrwbsYYd4ZkZ0Z9bGGAg7,0
0E5EcB6lR9ku0RkBEKmkR7,0
42REV3P6Mnri7QcIunsUF8,13
1iM2zM2lMSwISrbNxvUYbQ,0
5PLPlz2rQlwMTFQqnQAPgu,0
6LFoyjCI9eFZw3QmN46x2V,0
2PpNgmrS9mAyrkRAwn6YPq,62
3D5ORNm9spaTcdRx50ksHx,2
28clONjZmul6FjfO6tZQDE,61
26fZwf1ImE4aUJ4XaqOkUg,71
43thLwzSasUUZEYjYPeJh3,64
3qwnfEm2N8lvD9BaJvOfaW,0
3cXiUuiGpFmZ8OdAWKk8Ck,66
3vPrFUtWpKT9oNW94NDDEW,0
3D3lmTEhuWaunO1yxpYPD8,2
5xLyTbCFONUGUuG0LtUxjn,2
3rdxvEfBp86WNcRDLaFEk9,0
7qQnBfwXrw2tZNFG4Uf57N,2
4NffXDmI70vw19P5Efoe0T,0
57fqmDaokbxZ3TaB0jp39q,63
2kR3B09M6KeJnchOkxwszt,43
1brpdmqkx3kSxyqzqXfW7J,67
3W1iDAW7PVwlMC2zJIKF0k,0
4QPRua3G7RQraiYX2NwdH6,0
5CWWOxTehNz94b4Xs0xFYV,41
5F8WPtrurLmNE3tv6Sm14m,0
2QfjV18pg4Ye7Vo4TsSobq,44
6QtDzKo8oVwnOx7Sg7jxUe,0
1o0hcMxI6jYzQm6ApPde3L,34
6q5vdf6Mfkk0eETYzmgokj,0
0gGJO7JM51uAUu7EE2lxx6,0
2mEk0VdrbDJ11DBC6Y92mh,51
0U2TocFjqul3sis3sE5jZl,55
2HXixVqzzm9rEUIMAWzshl,68
0kFM6t9htbB53Dg8frGDGh,55
41wWrTueWew7qUU0Ru87Mp,1
27kMqdX3aoN3gBndVKlTfR,60
1hqrYSqvNc9x3BETX1cZhk,0
1Qjpl8Kav6rrO92ZuG0OK8,58
1AsRjeavWPH8sCQbjMP8Xh,2
3iC3Numiy9P3AkF7iioKmx,58
1Z6lKdYhwp8WYoBqGCKxlM,61
2E7W1X4maFFcjHrVrFA7Vs,69
5IXUAYqwxmAFj69RWYFzbU,46
73jxc8OqPUqXEzsRnCgw8M,50
6EPRKhUOdiFSQwGBRBbvsZ,8
7wrBlgNqYBAC5yFfO4fnYb,46
7Dtukb9NLJs1i0lohMlIC5,0
4lbhQdbiTpNP7GowZG8KsM,55
46Qy1xAr2K7rylRYwdQ6Gw,56
2W7CvGjipq3EmHqNGN7lN9,2
3WW3g2scq0m7ZY5JCxrdWw,48
4N4guy1faBG6oseDnhjkWy,0
1Fu3vJJwVKY7c7JnTX3Mvi,45
37bE9UJW1aizOQVxooJPoH,0
6P8zpVE2EIzyDneBl30Hma,0
1lAFy4E0nBlf4YQaqIJ51g,12
1Q2CupFbpMieyx9VkoMjVb,0
5k3429BLhyd1s2vWoOHiBL,6
0un3Yr0M14Ro74vd4mIYkN,3
22kLfZrTORXKj0NgIIkyPD,2
5SXCQ4OJXIvA6zm6R3wkqC,7
2YC6ET3q1F29B0V7UcPV70,59
5xYGyDdPqhPPfw5T0SwWJi,0
5bU4KX47KqtDKKaLM4QCzh,65
6TQFJhzfJcUSa6rwbKMEi5,0
5ghMfHMHakVS0omjj2cBSA,56
2HP5PP8SVmoUvGKnJRodCp,0
4a9i7rCLfPjbS1sNamZeQN,65
11PKEBCjw8OCK5YUo9vm0H,38
35eDKPItEQOmf4MUwBtMMg,12
5apjl9HKCy9HTHQFivcsOe,0
5MiZQMuJnf9OXjXubJP6M6,0
5CaOMqc74KpXPJeWNUpj32,0
03AOspIZ6HveZ0fsB9bUGG,16
3tr6MkViU8Pn3pAUZ8nr9J,11
0psKtF4j2UCvtcvnjFBbkC,0
2ryXXNvDg0Owrcsq3Gs5fH,0
4KIVREKrUJ9mGs6XxdsYBE,1
4CRD9NiBb23XQEhupP97dR,1
0qTnbQeh7q3kz7UcW7kmn2,1
6FsbnJ9arnLKwqgMeKzUv6,0
2j7hWAkXq1OvuyFoobuMTc,28
6hypt8VPJxeMXTTcRUHS86,53
25zLlUDKRWiVRc6QEbX7tD,8
1OnpbKIQvroNrs7oPSCACK,0
0sfqCKMsf5GVOaRFnk2h6u,32
6e37x4epb6Ot8BNNVEINcl,0
0pvNyNdBDrdtsl30gHgbSS,10
4p6omNSlS2FcJ9QSdHMIEa,0
2oZ8mwFb167Up0PE8b9Vu0,0
28Cr95nnO5DUMQbZNYApBj,0
0FrRYymxD95kUZNhcl3QFJ,1
08QVF5OaDzIfJzSkaKGn8C,0
1RcABeMCAH0UQi0yF4drXj,45
2ewiBP3MEWfbFbrNNzefM7,0
0uViGnp3wToB4GpsGYC0FW,0
74t8ZSV8l9ifqSVZGLyMTv,0
36QG29bbGuJkxNgzY6o9Mu,61
7Eieiwd3Jm0aU9IxtaA1Ev,0
4BmRxdTggFJdMobjpsa0rj,0
2hZLdH6rzTcUJW6AH9oMgP,7
4uuxDQPVXrspcuqFIg3fin,0
0z09OVa4ZNJ4oQydl9XolX,0
3Ew1a7YR8c55e9ShskOZFO,0
004s3t0ONYlzxII9PLgU6z,3
1wSIkQa1KbiVfV3UHzUyx0,0
1aqsnPgXG1tlIAp3cOy5pR,0
2hwP5iDppOTJu60B7WIfac,1
2yXyz4NLTZx9CLdXfLTp5E,72
4JXfNOePhdgMOI7KZ1L25U,73
49n0EvY5DSiPr84KXPwuHf,0
10ASBwZsp7oUUDsJEYz3uS,70
38Oc0eRyEoB25D4sU8S7ir,0
7pDHM9huHHpRc9CrxZElsW,52
4tKqSkln4W66s7f7S6Ng8X,0
0t9ZCDl0rPqoHUSuFHX7as,45
20ctnlkFhUjbTflVEnG4WO,6
61J38XZCLXYTfhAzi3rOHI,1
4Rb1Q4OHW2uyrPb0l0dvUi,0
42lgso7JdwvXRnLygVpKBU,4
3rhGu1eB7NapjN6AunWvGO,18
4USOnl8F2U8q7KV7S1y6Ho,2
0c3fJd2HRi6uHWgTljIae5,64
2busyK7jKVJaZN4Q6gZqKw,59
6ZxrUCaynLgKSUudACOTwj,73
6hjOykTyuvJmXUkOnr9Iu8,6
2tHImX6L0zzQKyle2E99O4,59
1ZtVN326V42hioNyRjU4P2,68
0UZhP6BBkksOGmJ3hAABRD,57
0GbN4lapADSramCU7SdunV,0
6vwO2sjv52r1efQm5JzKJ3,0
6eyfNzFRKw8VqELJCcFKGM,8
2a9OPIAax8pUKzNZKCxC5L,0
06ZQwfPghgSJ2L6bXQUxO9,0
43ncKp8gVEEKQ0HM9XI8pw,0
2BOfbXKOlLwVXqUrCdQAfF,0
0faXHILILebCGnJBPU6KJJ,76
5ynWvN3bQymHVThxutO4hG,47
39f2Hv4h7zoiLDXuiQYZw0,33
4PwwOQlMospZqfThpnkypH,0
64dKauK20hL0fc4VHRWBtn,0
3anO2IahAOsmsz9p4Mb8aR,0
2gJPWGnwUMEFoTDqEndLfR,0
7rCdJQj0RPjmHTXQDsYPka,0
2qABxQZhfAthNxszLiSsUw,62
01EIjqyCHyJkiyU22Zfdfd,0
4urxRqBRiaH0i20OKBsgxc,70
1O3MJFdmFQoXhZa8hCTm83,1
5MsQuMJQRxbZpVRnqWzj0n,0
2hEYslbdYWFSIA6JboUvnR,65
6WaYiQUPel70HUaCZj5eND,64
4Htt3QaBWdLggq88rJI5MU,43
34lLAsdH4Y5TLf1B2SIj1I,0
1bKRtH1leT7y003VikaXUc,59
17gmQiUAmUvJwXOrOHDe2C,0
2yY9il1hItc4lu35EvNUvH,14
2ybM8JeSucvZwWUphBc7AX,31
4NsCz4kyuOyjVXGkBXdjBg,7
06WohfoFEUa5faNy8f9S5N,58
51rdCmgHBzg9HJ7eHjVRK9,45
4KxEJRXY977tTYIfHvL81N,30
3czEbp9uVLR9bmtoshfcj5,0
57yI1u6t6cFXbjgjQcRHug,50
7zbimINjcXaCBMbYXwaEpO,12
12nGRgtkjrqb3mvsEp4yKj,50
7vhFKZFIYkbgxt8RXputjM,19
0vPkRB52RENZMpHybpFKYK,62
6u9aD8ovEo4SJY76litOCd,0
23sOzJDUM8pWioTt1K4mX1,31
213oVyCST0lajvSSN7V5Ap,0
0ceW5TkemJUEmJERavfqQq,55
6geuGKb1jKb6TV8sGE5eaC,49
1dfqBlSZTcuoUfxDhh5FUs,23
0IdNBZt0O8R9qBgezYFGOi,58
7mzP1H0tpLX84LJbpJtD9D,9
0sWUVCkhnqQLKqVZ0oUYKK,36
2mMNBgFRyEiRoGvrdoONeq,66
3gRwYAsiX4e50J43BkmZxI,57
2lll6vULr73q49c5osOjal,0
4XETUJmrPQnmPd9elRiRE9,28
2eEGAUSEA7IFhEcgWcGWkq,0
1jHCw2Ek5I4H8gshB7DJtN,23
639L1OUV4JRqnPHaQaziYO,25
0KLTAGe0gzsG3UevFT6DMr,0
4n4SbofFYMvEFGwhSNlule,16
5qD3Qv8Wu3r5uRD0DahcZy,66
5mpUKTdskZea0gStWzeHUZ,73
0xcF2mC6MktbXOT7kRiXoF,52
31XxO16aGfm37OOK6uBGtE,15
7AJINadgHJ1AJITr6U65yI,0
3mpZzg6fdRM1uUlkLZafVH,0
1Si7crvw1M6Kgz9XiAtMiJ,1
1qAuIPMALdFtGv2Ymjy5l0,68
4jPoGu1ozcUKlftLVxOmqX,46
5FzPEGHio0vzpwBO3c5DHn,0
439sdo18d2vVo7crU9KWp1,0
5u8yv7FPvdRZLBF40BaThB,0
7b1B5NNjkoIpNbGSw1ffP8,0
4GELnDqZNS3EWPi6Mk1rmJ,0
4BUOfv1BDuFVcXIhjwDDxb,0
4rBgm0zIGwwAhuUibPehy2,0
60SI6wyS6S7dPBV6B0ILtO,0
2TFi29E9X6MPc05Vyfzout,0
5TVcX5PEr29TRSqiHtHrqq,0
1Ovgu7X7u8zYoURU62ESmu,53
6XjpxthF6oeDDSYZX0CJq0,0
1CHmeKI1Z7UX82uAUSKFnN,0
2uEz2uLMNj9ySHMkwuCDo5,0
3HeYi0kMBereApC8YFNgJO,0
0iyFMU2QF4a2SmAeCwf3it,0
44PPV27QqLimtf95CEDuC0,0
3JXOMZdeJ7uMR7UfC3BN5T,0
6ANCLKKUMPt0vfRdYQAqcd,0
5U6iZ91dNg5XirDUXWMalJ,40
0VL2zZ9Tt10nHFhG7Ks0n0,0
1HVKyOwoBkhseTKSYAt9Tg,0
3RTBg6BKtmN7TamQiLEebB,0
2R9ebQopHFiZxUtMLHalTi,0
1usmQnyxf91JTKRjIBFvGj,0
3BGlVOKQh2lRiCkS0nhfvl,0
7H1owG9Lfs1whDTDG3xRlq,0
0FviQvrqHxxFnR2p6bVOwp,0
7dcIDgKNr0OrmO441mPGQl,27
2HYJoS3SWjIct4WS02DWtB,39
7Az9kfq4JLD8auD1xoErrP,0
6mJQe0vTIojlxwyMwwy6YR,55
1gzIbdFnGJ226LTl0Cn2SX,74
7avvBGQq0tH4nY95guF7fP,51
0W9Xvd4Qx1aZPxEi94vgRY,71
5r9AgnhkPQXeKG1w5rauDq,0
1vNoA9F5ASnlBISFekDmg3,3
0YOVFzGazR21xDobJvGkxx,0
55tTwiyz2MxqwJa3uyynag,49
2nmaEzFZrSm2aMLtfJDzyG,54
7gzf8MA7ELFXecW1BB5cdw,0
1iGXvUsVVkYBas0Cniw6NB,0
57O02AuRevmxMzFXhROGv7,0
3svP6woFniGpIEqEPziJPQ,0
4OdhffpvG3HxDJMxYOKh97,65
0mfEQ5Q07mIMbrtlK8aNOS,1
4DmpyFlJ3rwi412gXqza8Q,0
56KqaFSGTb7ifpt16t5Y1N,74
7xSXEGgKFPLI5wpwdSaXOu,0
3Ud6fFep5ZlXzRWw6Sm8no,2
0thtEWfxrgpXfLTDQkNxCP,26
7EfCJIUryOFgdBEXDCfcmG,0
6IPIjf0vsB2um4Lb0v6nRE,38
0ZbYgFfUB0GZH2nFEH9DVO,0
0bSr5pybJSlgG5OZH441gF,49
44j5NKqMXzrv5tVFmH946w,0
0n0eMsX7WgEtc7dlscbuKU,52
7A1odihHBrI8n9k0Fefh2j,62
19HjHUjCfDrEYhVSIKG6nK,0
2VdmtbDiJ8K335JH45rEyp,40
0fFotmAiRwLfpogfYs48PQ,55
4y7EaP5J09FJmclmmvM1jN,52
3QkNkun3dzkeGo1jpkC76S,0
6oiODlk4XCb7SjhcY3ilv7,0
3J9NEWkd9Cx1MwSSvDySkL,61
0deI3lZkgbVt6wRsv5s0Ev,53
1m9yGw9LwTHc7s3i7ARXRn,28
0SjnBEHZVXgCKvOrpvzL2k,74
7aE5WXu5sFeNRh3Z05wwu4,6
4RFqi5JQduiSlRZCVlUDGH,54
5X20Xf7ViUNe20ZevgfHGF,12
24IdPCimVnJJDRuB5YSDiS,59
7Dj8lFTfYuB3CkfNpRuWjb,0
6H4EbYO8f2Tc0ijzJ0tqZm,0
39AKmo6kwiRcyOSzbSuD0T,0
7FIqkrMFzbORpWI8vjWp9L,26
5r35Zd5Onw3aV3Gm9XdgtI,0
4Qbjmdlv1eZDD1u8SWe1pt,0
5Q7cE6wGHMehLFo2ppkk5D,55
7y3rC6oY3Au1XGjdxT7Akn,0
5HptO0MGpoqSWWZjGEbLTr,0
3jNyatJv1JxuIlwKoYlo7Y,0
0rZTJmLQx7IquBctp98d0z,31
0USXb7vV2uLFdhjBmxAIgk,0
6FAAnrcZvVczet411n5nle,0
4PJEK76V3A1S0XzZJuTWh7,67
2pQ6i5Ll6ggtG5T4RK5J9G,0
7IjdIp3WlQtEnN2BXjr7ov,0
1jq28NGw6wdtFKx8MBPy6C,78
1cTIkQUcWtwooj2rDcNB5n,0
57x8qMZcFHx8WU07JFTUNG,0
2bHQrsgmBzX5WF7thpMZrV,0
3t343ArThcwgLwNEnabI2I,0
0SIaBQ2aaOgY1IOdhpYEtn,0
2aQvJuqjeJFOPHinHNm4mI,0
4mf4p6CEp2EOjDoH6Nnxwt,0
1XGAxBPuIMGSoCcV71V36R,0
0orySH7qPlY8KlhGRLEAlO,0
2gTj9PRAEFMpqsRNphO1k7,47
5pLgH1bCkBV3bbmvm0qvom,60
3odPjdX1SjxxjIr0EZjEht,0
5tU9JM1v72X7oM808Am6Fq,57
7s2orxqJ8qE0aG3Ngvct3C,49
2vcsxeFsY4ZuqL7czWl086,0
4YMQXzscifAREG0a7KNGhB,69
3UsbGR71AjcBYOWoUlfTdm,44
0plCazD5B9XGKqJgxhgRJm,0
5Zi5WxBEBRkucpP79iRjGR,47
21jBRxUvrWXTwBfGnQwyVy,0
4JYyMs7TpnRXmXvRi1XhXy,0
4mn2kNTqiGLwaUR8JdhJ1l,80
4PREkXFb8YawThmhZICrXR,48
1OxcIUqVmVYxT6427tbhDW,76
28P5HAF0Kll9Xd9dX4qw7A,64
29zkoUsOE50f0I3n44LjjU,0
4rTDx6EhOqj9hGTGvvntIg,0
6tvs6KCRXP8zKhMmMw3OO1,0
0qgrrDnUUhyxpxbBznUnzg,3
7uyWFXp842IIc6GzFIUDvA,34
51T1wGHtx6hXW89UCzw1Rc,0
3UUwbJd2j4RORlalTUhaDk,50
7safX55XidhznxK5eDdDm5,1
39OPZvxdhToddt29z55Ukv,0
44UYb53g0qYJyg1fe2LiA9,23
6j5XX0wwygH7kqTWplx7j4,0
0vg6ueDexrELdda2VyFlCN,21
4090PyjhaukeGh0c93jh1Y,0
6Um3XCAxl9YfFmAnGl93xc,56
5XenUjG7cRnTkUe8AVuuMX,63
5JvTbKF57YCbYAjx1uMv7k,0
25FTMokYEbEWHEdss5JLZS,83
3NMel0L1RZfekf2wLABmj2,0
4ImIJRZNJhNQLLdUFSYJoS,63
1SNipdzMky2C2LwvoVRzsv,0
3lwpE0SEaQV5DWNjqMtYEk,48
5KeMe6s7NC1h9Xg7CgDbYO,0
1ZSu2nD48t0pnj0LcpdXGt,11
3IiMnjK7S2PlsPVMuAH7rU,51
5Cl9GDb0AyQnppRr6q7ldb,0
1fH2O7d5hmU1GQQkQgmi3m,12
3WvENg99oEKz7rPg6CbLOM,0
3IALoA4pQ7vMHpD1roexrF,0
1qUoDThveJHYpSrPGK3oTt,0
6qKSmXS6AOmSFAnmSxkASx,44
0GSguwVydcDTrHPoQsS8FU,0
6x5deYIe42rgRbStECDjYQ,0
48gS3f9HDsXtlMBVdwvC2Z,0
3IqHzcXy7IsYYND6lKwPAi,0
55SUneDPq3ZOrJi8sVG78G,1
6uCzY8MKTcLDExUR6nGl99,0
69RTYXKyRkS9j3yk6Q872M,0
4VRRbrw7ai2mztUrXrAvfd,0
6nJPHXRpKYv2yqtalEjKy5,74
7hlLPJo0pxh1jQUERqf5O2,41
3r1nwFFe5Vk7y5eYvmh2Kh,0
2MIbaL6JQjKHINyx7OcaQd,0
5TYtHFn15WDPvE2UDhbzKT,0
6uEvFCaOqXyEidoO8BZbyh,63
5V3mdRI2yQxbSsJGDPc5lD,6
4YsnD5GTI8nVBUXkmlqur4,0
7mqJvR6BgtGbOssGZAfdaP,37
5wBLDkxVvclanSitx5jq8e,69
54cWVWqgyFukgDKQYmaKM3,55
7myke8Id4WyKFlWcRBJdIF,54
5eOb0vsZDRtczatY3MEVk2,0
7M1L2Cv5025QeywNsdfPDK,54
6EaGa19IlwQoB28FXba3GU,0
1DNRyoXyqj4b3sbtPjfGx3,0
4IkCvLPQfBEclen1NuIDIL,48
0hTiTU0yqthnByyZDD3bcc,1
3K4HG9evC7dg3N0R9cYqk4,84
5eek2X5459T1HoYJk2CKXv,5
47ih1BN9dECO0Gu0yPeMyD,0
2Q7nzt6BXtuDdroqKOag3D,0
1dfHpGeaXunLRNvzSZOZtc,52
6UIo6YbaXihIZ72MWUpcGb,59
0tZ3mElWcr74OOhKEiNz1x,74
1mU8A0bKStnhYuS043o6Je,0
3tMELHc8vx3wdlXardClYj,18
3MELdmLOjkgqvNdselIUEE,0
3XHnaUAFX8PfNMW1hHC75N,49
30ixK9SJmGcMcSAP4Ksf8G,37
3B2se9cssUOksWBQwkaiRr,0
6SXa1S8p30ZneTKS8W9BSG,38
2GGhdqZ8yJwgici7ko5sdg,0
7MHkweinOceprzkRWIYTTc,45
1AEYT6VxrxXPMoQUxsY0E4,73
0abrjTBmZ4xiA3seMA4pTu,0
1wsRitfRRtWyEapl0q22o8,71
0snQkGI5qnAmohLE7jTsTn,85
1wYXIhJXqlIAGS6sbzpTL6,52
5pOw4EIHqmSY7SbZETFGAc,29
62ovcuwlrPHfLxueBGokp1,0
01LODLnhlfNphZ366BqKc0,46
4Ut80ggQbyiJN2pGCs7VfB,53
5kXsUxYZbRJ58plUgjQp3r,51
2s53BFN2aKtiBA93tRQtGj,0
6sREV6MpLHTqcOmBK5mvYF,66
5XE0S3m7Qgh40sjaT4g2VU,0
75SduxBpIkgLMVSJOEn6yf,0
546QTayX6j4GcZsfTRrVnL,41
7MoA7Nfk8C52FX8f9pAzPp,0
3k4NN1toPhPi7idAtJSrHZ,0
1HrEnf8mgS1Grlf0PKjDCO,0
3FUS56gKr9mVBmzvlnodlh,57
35ZmCVnfYRdK1iLGCxNhMa,64
0WrZxwjIBUL0VNN0AAblBQ,50
4ke10RxaICD8Aigf7YTFrd,38
52g5Yh2do20q06afVynUhM,34
33UHqZ7yeEOSzeXGiM843n,0
5Pm9uuEL0q6aXSRT3161UP,39
3v0ylYF51SKkgAi4PrfKTq,57
2UREu1Y8CO4jXkbvqAtP7g,82
0JKY13K1Io2aqXJb96UyzX,62
1LMVGL3030W3mGmRrd2hCm,0
3zmduBNsQ6BPDTZAkXzG5K,74
0Cw5iiA8OHWIhuIIA8u8N5,57
0sohcbFmi4BhkQTOBf7vOv,0
7nbHTIo9Pp8wzNbN3QpStj,0
3JPMPDLIxizTViltvBQdJg,55
2KTAe6vWRor7wNIDOZrtfr,0
5FQXMRDSTkn9fowDJ3kZo8,62
56sk7jBpZV0CD31G9hEU3b,81
6NAmbftWAovcMCnJzDCFsU,57
4d4AIYFkR8MSWtKBmphyir,0
3X8WHniDzH20AXb4AxQPX9,1
3b6uenXXbpCRxXyzFzWi3J,55
3UhtakYj3bzgVgNahxpcnB,0
2uxL6E8Yq0Psc1V9uBtC4F,56
2TNPagu8Z4zvDOpmnktF00,61
5w0jXRvylCbWxFrJx2H1Fl,54
2LyZvxgFV8Fu9jXQS4uRhx,0
0GRu2odJjampqZpyubbFU6,1
6hqt1z34Oz0OZtSfy62OFD,66
1QixTwDZCcfBzA7QMyont0,52
4oCuLwHpF4oSCbtf7MGJDe,0
2ZICF8SFI5tHttaLJKMY1X,65
5VrSusNzgppBYodq9jhRus,0
2r4DozzHauSjM6NJ7szgVC,48
5tXPbEbEouMSEbqQHO0qQa,53
1Q2fYlSdwuutWj3QplhY9q,73
4FthwGFz9SVZgCVqxNXsSK,58
03zYFtluA21jFWQVPMbUYO,0
7AimHQrOUoUTYbVX87D3Zl,64
6fEztciYVlIyWTBe66clVj,51
1Z5rNEbxOW1ROlikBEk2W9,21
1Yf6xbi1dJVdiKoWwxL1Ti,18
1Bxv1MamHSiuQcLVbS4rup,42
3EKjTDAEIdyQqsA9qtb5P2,44
6yHdk5nqzCpVGHTklAS7G1,0
7kJXDNYUsgTavs6zKssNB7,0
3PYFbKFr2nDS7z2nNNkrnw,3
1kcfQBjEFgSQ75F63kQsUZ,0
4ZBLFgkbSB0YGsooiVejSz,0
31PXxAJEOYqriWiFERTmsC,30
4garVZS975VltCYQNFtQlY,20
6x9LOLRF3wnjp5GsXKSKb4,0
7ut6YM9zxmfExEEwXLFH2J,0
3XdAzyVBwPctMDkFjKRlO7,1
1A8mUUvrSicrZoP5QZaSXt,0
4BcvmkvHVazDQ5IM8wkYuP,0
1vWSlI10yWoGvUei1oLuyt,18
0pXryv4FX0gZoypZkAybkH,0
5RxCC8ecpIb6W9MVrJNmSF,58
2SL6oP2YAEQbqsrkOzRGO4,71
4e3S4W8SmflgP8jwK2ceTZ,42
6MNtx2I1QaELzsLDaxAchs,0
10qlTaZXfdAkUfsp5dcpcd,34
2imkodSyg1hOZwZuE2fJdU,0
1Ibc5RR1a2AzgkfvSJnZsX,25
4I58RPHVzDldHfK3t5HiZA,67
3jUTjCISntIUFL8jnAjzgc,67
7DnrADDBDIIXw2ZlU5q49W,42
0XHWClSz0v6RIaRSGqJH3X,3
2Vim06YsRb4uJRpbeq6NR6,61
6ofXkTz5zCaEQG2qQcSo2f,0
0DQtwZLpvln583U1WWv6To,0
5awYzFyHCxgvgtiE1H2WvK,0
2KE5Cwqi7obr78iry2jElv,0
1RvuWdj9YsXn4cMMLXr85Z,0
26Hu22OnPChPeK3II0J1Tt,0
2QnpQuh1qFzcn3ajc4OIwv,0
47FyQCd3TYLrZ9TU6MPaWK,1
26yRRQ1l9J2jhrCrPp3R1g,32
7mNlE9QwjGnxPH5TQ3wuEp,14
1WROQ5j0KmM2dEYxKcL6xN,0
4GnMGHL8UgSLKnMHCkRWxu,0
5C4yy21AJ8AeMeK0fVQCZD,0
7uCDNfNCqcJT1y7ZR5kP6t,0
0DzwkXawqzpt0k7jxjfdEf,0
18u7fTP1aMOAkDSs3h4P7l,0
3N4tKKBTxNI8OQIZbpS3u6,0
6IGTR1a8JdYKWTSOl9rtUx,0
1Rkx7ve9RqSuQ877R3X2HO,0
745PEogChr9LC3ctmXeijC,0
2FIsdQeDKKTDuts5vRspj0,0
4xB8DfbPm18bflN7fI5c1w,5
7goH985cO5l8scNvaYOmT3,7
76IcyIbm2z4TJ7VjQ1tCkS,0
5VKU0Lh9deNkVq046FVIir,0
0zPlMUMeYe9GoqN8mzaFst,0
0GuQcX8wTe8bUZ72ZncR7m,0
1ObsWA74zO0Q2QQeFZ3tH3,0
0x6sp8GeimTiAUVGkp3ZGv,0
2eMxI1qN0ft88sasJrARw3,0
0FNbtFy7loRI7jZC7QZETm,0
4x7gAMNYaYJbAP1A7OEQ2s,21
1s4Ie0cT6P73SRSfh3oyGW,2
2pxAohyJptQWTQ5ZRWYijN,3
48PBqbMjiYPq3VsY7vG5n4,0
0q9YVW7oLuDqxfjGTxb7Lx,0
1sPTEnb7kZhNRavK7BQEW4,0
2nKOUDSm0EhVvQWoDyjl27,0
1atIRUDGWlVhz7vaoGahu6,7
6fl9npjIxV6oEFrWqJ6tnp,0
1MpkOrGvHUe23gtL19NpsO,0
5cduio5YcoomK018qKCtsK,0
7vNgFQlOb4cQMqBh67XkI5,0
4UmehW6tTXGC7HsuIGujMR,0
06YVA5Ajbk0Kv4ddFSEuBM,27
0Z7O8GMQShj9TJrm2yX1R6,54
1WbMAxHieH1wOCg5WVav9n,21
4FYeIka527pqJV5Jm5EXai,0
2VXLXoliu0NTVAYE8Jx1QX,0
1A4nZYL9FOOlOLMZxRAN3y,0
3PPJVaa7maBPrYA4OS6gyG,0
5fCwwY9VFcpQr1JOKsHmPX,0
2Ekzm3AGOE0u3uXy6rhAZY,0
6pqawkYEUzzuKve6QNfBaT,0
1GuflZBOKGX6uCFXdysSU2,0
2q9ZHNJl6oCCci1DwAD45v,0
7rNzap95cCcOafjFtofpBk,0
1kDYCn9VIDmOIbLZ2Xc7OO,0
2pDPnlF496mf3EBwrTCHN2,0
6jwS43q1m1jvf76tmOo1Hc,0
4Ld00UQYL3aPcK4yOnv0JP,0
7vzvx0aTRlmmJtxMq9e7Zv,0
59Xo3BICqRNDdvNquirBot,0
3SNIh3OFpp5twMP0DJHuSE,0
6CfjAVG9FwmwRtxE8yEWlu,0
1DLbjtj2CSYt5Y9kJ0mkXE,0
56oiTsf5I580TNx3dGVB2m,15
0wkQ1NGp0D1QjC59vmbYNY,0
3VLJ7dEdTBQ5qPMd0XHKGI,17
37KWuFlX1Huz0kNzciHcAm,0
1KvFwIDhxZlVGXahX8QIGV,9
1dM25yro2mjIAO5D1SvFDr,0
0NIclV5iB1lE3mjV00ySKV,46
7oLPStzymWKxwHlCUkAwNm,19
0Ko737UNjXO17LK4Urdlwo,2
3S7hCLF0tbxelnFZMdkn32,0
4DEwVUDlGnVdJhzrb4IEYt,0
3ad2YBjPdml9PfkdoU990V,0
3UTItBKzuk2IOqxVu0C2F8,0
02gIQlGYI0KVK87Uo9Ekjj,0
0usYFHAPoXjEK1UpzwPy0i,0
5hkgrWxkobGtg30I7DsfVu,65
3kMBEnLhExewYVmOD0wGu0,40
58ubvrlEOugu8SunT0qZIv,0
2BqDbaNNOMdxKc6jfJ8O0e,46
5lzXML8WVfoQeUvEVakaHx,0
4wkKpuC990DwNJBsbVIAPJ,0
4eAwB5pnKFTmsgc3zWoYO0,75
6RJdYpFQwLyNfDc5FbjkgV,75
3cZr1Z832aXANu6a9fifkx,0
5ynxx6zC4dgzsMHLYQ04Dc,71
3jjU4Pky1ja5J1onU6ei4T,66
0NIkKL6wsLK5V2vX97zOTr,0
44NRdYQw7P0GWuiunRv3hr,72
7CpbhqKUedOIrcvc94p60Y,78
6efSwlK3LOlWOeKK9xlUKF,64
61mWefnWQOLf90gepjOCb3,83
11Ojp7JniVvwd0gmgvyKkd,67
6p2liQLGoDaLXgND68bfVt,3
16cRbq0B9cpBivRgXHk4wd,0
0EYOdF5FCkgOJJla8DI2Md,79
2Pvw7sZ7cTFMihs9RxNYvD,0
4BSjvDSi3ZtrSavQqgu6jO,0
4CbKVDZkYKdv69I4bCaKUq,77
2UDumaw7osnyjH7RZ2DLpB,71
5hheGdf1cb4rK0FNiedCfK,74
4LFBVDJV0xpayUvquQVzhS,68
7fcfNW0XxTWlwVlftzfDOR,77
2F6FfZ4w8z3eJpSxPotVO5,76
1fnULsZuORnAgCFFbM8nTZ,63
4ilzPm2qnev5hFdUz6dDyY,0
36HzhD2hKH5bLYCFUiriO0,0
2T3blUc9Jnui2a0ZhuNOag,1
4Smc57rqnTjKvz56WJaunv,0
4YDdWcdzHhLDZ5d1j9nRaJ,47
4FX7dhugVxsKsyC4DgwJyM,0
6I5gEJ0E33DgbtBUFHgD6n,0
6nULLS7CipGMSzgQDxDpd1,0
1kdiiFGX1Htx0aVZYaDwEJ,66
6264zKFgXM13JuRBX4MMyD,67
14EORgkbXqIx5K4Haucmnb,66
0pJUUPm7vb34VNImGEkg0L,49
1uwTmwkjv7wFImfzegvdI6,0
6sXETKGy5KofLecDpck5Fn,0
5xgXG5BfCNO6KJrQOHKprg,54
1x0AirtLjfVquI0A9iBVep,64
0M3adYbGtyRHACP86dey1H,78
1ZjzU4Xb44zj9oH9aYgss6,0
6tRLpMmyh0DlURAR88cy7A,0
3asFGFY3uLjMDmML1p0tYm,63
03jdl5GTBhKsgB1Yw8mVPh,64
2MH0yZZSWuPhqGI0u8iTkH,32
0i8JFpqe9cKwnrcvoNgl1L,76
4rBJhbvK48X8aoQbgOD71Y,0
12AYnMm3c7fuBfqvcXrosi,33
7q6BhGVElCaDYQqL3VhO5w,0
2GV039LpIeFtgTKKIZPrf0,54
0Xq7FPQaLJgIHSB605YUMy,47
2l83DkKT8v7ghZUiuHV0pw,0
7rSERmjAT38lC5QhJ8hnQc,70
4njLEd40fsHHYdOOeO28ME,0
5pRElcsPZrgZXkoON2o5Go,71
7piw04hPQZ1OHZ9Fq9JOXR,72
0AHHDAHFRaT82UVw5fMr1R,59
2iptAVf9jZerlywLwiGhak,64
6UBJyFbJZChFw57h5LkS3U,0
5Yz9Urz9CYn1HLiOlYkU1r,53
5HOe9xT5P0J5S5wfab48Tx,0
12C6ufD5zOWsQGHQY7aXRM,56
5Xz0Aep86l2yafsqCtMcsh,52
3Xfg7AegXaDLoD5GOUMf2e,73
6LYY1uIKNhs52KCmmBrLxD,0
1e5cCYVlVLT57ckVTEHrI3,0
1cxCqerH9jNz1B6xnlT02y,50
5K7RDuh2JihPUScuOB76Sq,0
6jg3Om6ZBMKlylforWGPEC,10
464HG7mt7NNKtKY0Hco8Y8,66
5BInskLvwqz56ClUpfqdI4,0
6CqYhhUPJORx1vvdTNc8jv,66
5TA9c4Jv04XnnYBvVOFYcT,0
1twBt7aZiy7HWPG025QGuP,1
1D1LnW0mJ46GStJcYzgA6V,18
7t6UwZU9FXcOoVwPOBGrbk,0
3zp9opbhvvgVHsEf0CU8Uj,6
4PUO11T670jn0QfvElS8FN,0
2mNr0dLMmLfkkQq4OjNQmX,0
59YF8QFkS4I8B0kC7A6kM6,0
0CXdfD4s26kKyuPHRACtlY,0
0MiA21t3re8Uh463Zrt0gp,0
0hdbpjuc7tw96jezbBOwBr,0
1OMPuhoPpUNvFviKOhbEaM,23
3XU6GFkPFhxK0hJLsIJDH7,1
477Vaa5czrnd9xB5lD4FZ2,17
0C3kqX3iJ39GorFVrNcMmi,0
36mNg15fAijSqafcNgEtIc,27
6oX2h5xIpkqcEhSionCoa2,7
2PEfsNLgQSm2zAzdRNkCr1,17
7DcwLh9k4N6hzTG7csUApr,0
2TjRHd8hs5qdzec9cOf0TY,25
3NDR5GMFW45B9wrGSOaACm,1
2G7SBK5Tr4HlN6L3N3gGzp,0
0iRk0TRxGqhQT9FTTGDQlb,0
3MWiQdv8sMw8rdJscpqeuX,0
5ZkHhBQnPdVTYPxyCvnRGo,4
0SynP0Y0Ybyr92Y94ssFRy,0
1gbb9v5diByJQgCVeWIAIc,0
0Jhe8RFNXhcWEWX6G6X2ke,0
3NwQkX8rfLO6cqqUMHBQPH,0
2C8ILREHy0CgIPVpkK1NZy,0
22h7LfwIOGE7jQce1rgs1A,0
0fOVzL7UcWEKL27LrzZPnq,0
4MWHvUN67gG10foarCrkJL,0
44Qviq32xko7hyCFdzVvWF,0
0csPrqmow5I1RC8ExuZ4Vq,1
050vmlJyVUbjkJ1C6hrWKr,0
6ItnnZvUJeM8qUvmBjbGTM,0
0LL3pUZ2iEL45h4rYZNhmS,0
5ZI0tKsFY0SD8rZO5qT7bo,5
0Cjwt7Z8UnfGFIxbT20wJe,2
0ifzgYh7ntezSHVj9qwCaH,0
2VvTyxx06Esdm48L6V0rqT,0
6ebc4E12NKONhhkHf1ud2b,0
4D2ANyqiXCtwnWHtgUuxCy,0
6TgCyNr96joTEhv1Klh9NN,1
1f6DVTZxkjVpecZ2JzilHg,0
3Gm0yg6GQN1tFnhUGYKQQT,0
4np8Hinsx8hQkajMv8myRC,0
6c2fhM38TQHn4nfNQfWvmR,0
3BAuV2yRc5r0F1VJvWmMmA,6
5UDEi8SNujka6BfNh29eTt,1
0E1SRi409dTK0QcC7hD7Bl,16
3JwZMqrd0DFaDgRalVIKCx,0
2qRoACE5NFJUfm6KdHg9vL,0
4TidZppKEGjlxB99IxZCeu,0
5r2LYZLVf8WNf8BfaeWUzq,0
1CnRd0ZgMCb9GL72Clwwkj,0
1AJ8AeP1TFvvCGizmxLyPt,0
1dWf79EQ2kJuZ7aTLdlzYd,0
1zDFq57mLkKc2wd6nfc8oq,0
6VJloY2Xxqetz3VvMYoYDo,0
2TNd4eAOe1zu28mClWcXz8,0
7IHZxpSS1FbVBIY8GKinlK,0
0VnVmLWdJt46gLpnIXsh0g,0
4mVY6EgPvdaTp1HckpWlf4,0
2M2sRE3Z8ybw1vF3w99fVv,0
0vzgV6YG3UduVRrkdW8fhc,0
13BpkO9VHwHQGxVPMlIkl9,0
0Lbw9FBbnN9vgiPWnD6Lrt,0
0AaH2y9elmyLhZDUZGBwgh,0
3IKcPRETvaJ7ARE3W3RWyN,0
21SWFVcdFhrBwJbpINQ4rJ,0
0u9c0SWTzvru9vX8IAE6Jv,0
4rNhyXX37nvNkRnoD2Gff5,0
0QjploZFoXNkEeARysbQmk,0
3pNkW6pIdmOnM3ete3N6TD,0
1Dj69qOIfqD21IisJJMie1,0
4fKAPa1mPoF0fE3C5tqQ2t,0
632Xl9n1wHgMKoxD07WZHW,41
7EUiapvzdmXuh191SHrpFT,0
2U0nXVgU5FcLTFtPbkcv1v,0
3wcAP40KVCwLnuLKxLYEs5,13
3h2BczCiAjSwHpEyq7UXja,9
2sGhn8rcR2qrMymhDIfxyO,0
7vIdRrMklCkr8fwP6kvw3m,0
7jhYBaGt3WSzYaW6CRrmL2,0
1wnq9TwifJ9ipLUFsm8vKx,58
4Y2Ck2OglehYuE8HMt46PB,5
0WrrIkbhC2H4WRqxqY1Xot,0
02MjAy2BTPTdqO19O5VtHO,34
5Z7L8FJk0aRrpxYyvoCFik,26
5anCkDvJ17aznvK5TED5uo,78
1fQaoh3imrMunWVZh5kf90,71
0uQgnWXXTGPTwgypj0MNmB,0
3uetL2NzwSqpmEbMdgcgsR,30
51EmxIMMOFEY3G6REpX9Ze,0
0Swvh86QCHSVk3yXUDeEM8,0
2fM6IykCVPDUucdkbdX5mf,0
5vJKDteoDcK1uId4IUJSmQ,0
15zUfY9L1p7bN9JsgaTAP0,59
0rSdhfeQmYAfzO3kcjsCpg,0
308BpHy6evPQz9hSPpSLNf,0
2D1O6DE5aJDGHsb0W38EAN,1
1VGoxAxuw65pJW0ATxjFpu,40
1q9ru9Wx2Q9Ez8irkGcyFa,59
6LEpnhwG1zFp7rmSgzt9qr,0
0AY6XbTfRSk9wpCIQTnwc0,3
0dnx2LK0rnPTACGzbLc1Jx,55
0fE5kL2rRlaSQ86OvZG1NX,54
2h1rjzw90ZeMgbzOHJFHao,0
2bcrVoFMJAco4bwKmFFKkm,0
0bIaAG656Kq0JGmw3N1TeS,0
4iWYPj04kHXcZK0st5yzZf,15
5jGeQRvBScdvFEkbiAlS7J,32
2e8r5YIPMCxXVJPPfwaSK8,47
2weyHZ3Rk4PZVZODz1asqz,43
24Pi0KCtYWtnKxxzopkcPG,62
3iWlbqAaoIR7H7gyO3a6rV,53
6DaCyC7XkbzvOu14letZUl,22
1ugJHNt9h6R2PSuITjw3aH,0
7vQHgaUJCODPVaAhJIJyjz,28
3iGjPHGVRKPgQ6LvSN2zJI,46
3R1dKSBSfC1qAunq9qr5nL,12
3siZ8Gr2G9zelmm1NZOmP3,49
6jEDx1AuVMOrK58yydBgmA,1
3JDq9RHax5vBjyamtba48p,0
1xBCv8m2xTSIijcgfi2HtF,15
5V2sX7luo5vAsnfp8mBA3m,0
42uM866bNjDQdd9lN9f7IY,0
5DsD9rUwGiiWZxyDPkm48V,44
1yYLeHIe61GotPPs5Cqu7s,0
3t4ZPAnEu7nkq9yWYPsbb1,40
0umQQTb1wwU3slaGJ08Y6j,0
1FgFXxPsmUmiJMoJNi8idR,43
60rHc4AkLlP4XVSATvBb6K,69
5SwCwWPx2LjBEkC8DXei4Q,34
2YBlMJksqVb0L3HiAV9B5v,0
0AGJuICX9Uhne0ER96c4Rw,53
5rHyZ8jMmAXw4C8hLww9G8,0
65XY6Cx0263J5BPnY8mPyE,58
3X8pRT8kfaXUmuDl26P5Pa,0
2nZ63SBfnreUBTnpe7YJt0,0
6bdt0GYvmh3lCMfZOMswfE,5
2opyAm6zOyjR0An5LkblfN,59
2tlETUiIcT9IiQYDUdnj4B,0
5zsgyaahJyDW91qyvzSG3Y,31
0MKH69gX6NZWTorqpAhbox,9
20H8UbFNGzekNvRbJsBoOY,19
4mgDustRkMhvBTvO0mC8Su,0
411GxeLBfejBTzT1WBXSgn,0
4ixhOZtG2MHMB5eKDM0gCg,0
2MwCQtdvtZGbW2Iu92FfFv,41
2H3RItApoG6UTTbPZuul5r,0
60OKW0mZiPFHVpHl3eHueg,61
1Iga5GHOuh3RxXbWytxGfx,0
20zGk7N5dJOBpYkkpMFYTE,0
2K7j4xrQENCi5r3Hii4cVe,64
2eDjwnjzODPYouW3en1eTw,34
5oMBsH6iijc4NjnkoHNmTL,0
084ILpH20VSBeamcU7mM4K,18
7kaVhqJkTwXOr2IEOv6vSz,12
7u57tu5WIpn9YCp6AMBzuG,16
2uU3O5BpNnOAN7RIvsPT41,0
7cDcYIYKD6Y3CzB57JwR9T,12
3K32pMnJSoDSgEex4zrzfP,32
6Bd0NxQvDsQlb7WLeSwvfO,16
1LJH0nZbVzhekkdg59Za9J,0
5txoZyuAmtCfmDjUCEphWm,64
5kaiM7WaSYPybvKqEpN1zM,18
40WtyuI7co9HbxEzmzzf9a,25
4mdcJOb3hClffn4VSpK2hw,25
4aYLAF6ckQ5ooGGGM7sWAa,10
0QbKDAp6iEC9XtQbkjRxMm,0
0GJiqR0uCbQQxYelOClLbS,34
3pyTksNccLM1jRvzQ4zTke,56
6Bd8wKokB3KwlWfG8s3GSG,15
2hjQWuAy9fsSykGerWU8Wi,48
7LIVrWcWJUeCIBsHBkcs2T,0
6DHv5Uiag2uDDgyytTThkZ,26
29wJiSQcze8HEmxkUQykyp,70
2UbB95KqBtsPOm7cFH2yXo,21
3TL3pr5KVEp2zhhgZKQhZc,0
57l7Y234WdweMtdiImaGqU,21
3SoNMDkQr86wqib28yaBI7,0
6KGXbG5wEb6WlIFAGKDQh0,0
0u04FjMR2FedXkOQIFUx2r,32
6BsbglI7wMq8AXxBqqPzmt,18
67cIB8595L7mYG1DWCqWNG,9
51H2y6YrNNXcy3dfc3qSbA,4
1Ui4pQVNf9qpwk6mUfiR1A,17
18DfMhEx4ddoreHrvZDF6Q,62
5QGcPVSJ8FD8eicZvMcNcG,0
6qB7YcFpeBEQa0D6QO482y,65
15MJ5NThPjj6xhPcts8MiY,74
3Nf8oGn1okobzjDcFCvT6n,75
528CAH5pTLq86oZ52fHifA,66
1Eb90nmqTrxylKFhcUzW8P,79
1HZ3cUZUw5htSFmah1V8Ko,1
6fqLce5TNAmNgbFwXD2DdG,54
1h22h211rde6dDCeW2hXpN,53
2SbsvihBJmgNKZ4qkXFWrp,1
4C8qZRxrteBY9F8r2oZrV3,63
4QEbXYWpDDWHzXNINdZlzW,0
5pEdaQSuxgifkk9syZvA6k,0
4vtraETxj6q2K58am1KLrT,0
4YUiaAd06ErtRJyfyAi0kZ,0
3Dj016lu9g5nVJ8ebMTfEo,0
6ULwhgWVBtR6wcv4zaXkHv,0
0kN4JHgF4LNPAPxEU3GdoX,0
1R1tWUfcrMiTb2DwI4xfrL,3
2pQR8kOm7x3oVrofuYFVBz,0
7LU2IIhnoVn722ExuO7zxd,0
2djWEUWTHHziNCGKhN10t0,0
6Hav2JJShJxEVq34t80hkA,0
4TF7GGsPSvuFEZujlrouSb,0
4HkJqkKtL0hRGH38d6yhJA,27
02WVK9TPtjSOcmy9cDkd5D,37
3kzmI3qZbtBKcVfiUyT2xI,36
4gKeCkrFA6BX1M9HKqZXNi,29
2ZMafcgiEaAx90bNT3mFiI,21
6EH4t79u6Qv9cPeSnowYlu,31
6RaoAZP9DWRgOZS5Fzayws,0
28fpHwozqEsERMGZwshWGF,0
1BgQUsAUiQFuIUVz4FFyAk,0
1BINQwBuKPKhpDyXipBXLl,0
0SrczT8VHoziloOp4adnhC,0
2wJu2DUjZx4MUL0FtKbvqG,16
7JvWO1fZaBWdIaeZ0jCtwc,23
3Zd0klcOIvoEnGi0JZ7WMP,0
0ot40eQY6BkGZGf5sV14fK,0
79q7xFOodcfIVbpNHjE2gB,1
0Kk9ucpKYg4LR8bZ3Ym5Aj,0
5yPctjzVZhi0UZppV0Vwbk,15
1wp0NDVViJ1DCoYct05RLh,17
5som7RgLrVXCadUrHxCIIF,0
1wwR242udYdQC4ggSSB5oe,0
0Ntzm4r741PnDM8Tyxlte9,0
1cnA8Zf6McVyoWTr8xf0Ml,0
6Z435tBPT5JamUR9dN7y8y,0
2lRhq1ZfHNiaVNHkTWeXUv,52
3kQ4N6OIC6hhFsVjn9ISR1,0
2JOQYyJH6lG8hxpzmInRX0,0
75aQjpPtyPhLQ6MDInibPo,0
2528tHFeJZpm2xutrKFNIb,12
2qJhgvsVb8BUp5p2RUBwUd,21
0wyr5AIL1aSrzL0Bb7zTU4,10
2Cc4xF0pwkk3G3VE1YofUu,0
7Dk2q3NMtkiHNAA4DuHIGF,0
0xmfflYlysM94u8bsP3wno,0
4JjQPwb0MnDsO5wIvxlvNi,0
5uOTvcWHsvvDQ8z1Q9K64f,0
6kjlvJLh2DBsSQtqVzFh8I,1
1UJVIPoofun8KvEAqfq8jw,0
62p6fF2r4NY6pwZbxxvmr8,7
4hLQfgtzEyxme6w5GiwAEy,0
3l85BgDKG8LVAlEnHEU8lP,0
4GHvrcL0BoG2eDCM9gPoOd,0
0jgXVGgqgU5ugcsR0J5mbo,0
631W6GfTqgZ0YAeoICDcLf,0
3PkX1lcy0f7sYzI1b5SG5H,0
3Rtv6zRNKpeSygXoaF9kCm,54
2ze3FsjHLwoT18zzAP6SMM,33
4VvzR8gK84DSY70rpIx59p,0
1SA4BHsaFWGTova6ALTjyl,0
6P3US4DIVYrPeyG2YbOCeM,0
6ijuIOZJcPMGgEMcv3pPGS,0
2wSklOtazPXsuQEBvFL6Ru,30
1Kl3i3NlvuPqN5b8ivQrrp,12
2C1HfPSxkTrp29qSc36eUN,9
3tXzOcxvj5XAjwiTiRWUGP,0
7HK8ucZ2YGocZBdijlhql7,16
3qAqWMAacEDWKuI9pMfhRm,16
5CYVudnz9adXy4VgdTvFbI,14
0zoKeqw3hbI9156qhmZ2CD,17
5CjVzwMUI6j5Y8PlfJauvf,34
49Z4NzrNVES5qz9i4hRguT,12
2WNP92cnREKAU4PmzwfKvf,0
0QyIxB3MqUoSQX0kBjG6NO,0
7gpavVMJwJYFNUzfzUdSv7,0
0gof4zJewt0Krlibe7egiR,23
53VHRWhYdLLkBli26hQ1hz,32
215wUTQQUo2PElJFEFoB0d,68
3WrjbE6biDbu8x8g6FqhMR,28
6mHMOEW1ByeAuuwlSHchVE,0
47RYQsFm8QIxEEqLIaWd6I,0
3DHWxeWr4uh19MklWjLpR0,55
0nDoWlJuMZQ3XfA70L2Loy,28
2loctOuEydT8m8V0XsbPsU,36
5tASX9SKT8vFTQpfm5UVJT,42
3ZFwuJwUpIl0GeXsvF1ELf,3
1bcklQyAGzDxQiNMczMLt6,0
0o9Vb38CB5J1GQNDkrpAV0,0
2UkAjD17Sc1bH39sKCTCJN,0
11KSXTdg8h7l2a8fjAC0Vs,0
0oqVuh6ldLQO2TKCcE3rzE,0
7zLC4HAY11GvvKsZHNrkAp,0
7ddn2swf3epWYsTFKu4Lvx,0
3m8laLj79QtBGgcOjmETNp,0
6xAORvvGEMK44FygUsiMQy,35
0docub2BW5HcsWU4WoOQqA,0
0Zj9X09LIkNOUNX0I4Tet9,0
6nxlHmpBJYicXHC0mvcKOm,43
7di8ToervYD0T8PY9cU3jq,0
6LtNEH08J18r4HLs4HzvqW,0
5O6JuXxnhwG3W5YClY2mEb,45
7MuESknZc28tXA8jrfvHfp,0
5Z8EDau8uNcP1E8JvmfkZe,67
1LDAh7QQnWvp3GJ9QDa1Pj,1
3L8WgDYS5TtwbyxOPSAiFf,2
2iAq1y8jEVOQM6OA8L0XtO,0
3ptER26gZWGlFsPT7HJfqd,0
51TG9W3y9qyO8BY5RXKgnZ,67
2lPACBENza3HRYBvQPOdWT,0
5K8gqK84cFZV1dFJAMC0jU,0
1OiXstIrdWPR7Sl4V2UhI1,0
6EFGlgetr9YSFH4gnCPVSP,0
2NhrdplfGpqU2F4vIKR4Hv,0
3ZKpdWRhiIp2t5WqFwVEG3,27
1GfG7elw3IndXv932o0Phx,0
1L8kJLp3ExF5ZGHwEZEqHe,0
42v9l3Nc8U2CZ7ZYS8n7BU,1
2JPceo9bJGGwiwjspYLhad,0
4Z4ZLBzCXSlHSCaxZ3WS7p,45
6tVs6BS4vqrFsCrHS0Ycsr,43
64Ret7Tf2M8pDE4aqbW2tX,1
5AQhw6cV5w1NipoBJbOb3f,32
0jSRZBsn3RqAhBDzAefHAD,47
2YzHSCRkNrOJmmYZ0HPBJJ,34
3uMmllZo1AfoEnVT4ENCD3,67
7mZyNgtUXX6ZVgs0zsHfAU,8
2ls7Y9Xx07TqN7WjbT9sZD,42
50Xbiaj29QvHFy6gwNeL0K,0
0YSBpDBrLyip567LPKSgAL,0
2P7D92bxIfHwo2TaP9u4k8,0
7aGqzztb8FoK1wI27EUtGP,0
63kMZoG9xuU96GQdioTCI4,0
3KK9srDOhT2rGI9XXeaevw,0
5jtKi7F4fweK8wgeK646Qp,0
2kUzt5LsTUR0ggquP7O3eN,63
6WU66nFWemwQyQNjCAfVPZ,0
2MKpKeSlLitOXA2XCmFgpq,0
4zpWGC5MmGN6zX4J9XV8Gv,0
2Th42VycrWIKjhjIfur3xO,43
200Yp0rZTkp6ITSMbGjMK3,0
1L88LDjEGFIWj8YZe6qyDz,0
6CK4xXnpKHJQA4YFoQ6Ads,34
6dTEviMGUJLTwto9AM2r5h,33
6jbUknjNdYMr4I5WB1Mmis,0
3Q5oNMl4OYrycajbOofpyY,39
4WpCUxvZhpWQynzvIAXmtR,0
1eK4KsyjAzr2xJ86Tj5SWa,0
17XgxMFNzBYv38TEJRC18D,60
5KDNFlHAdDJ84fhK27c35X,67
0ss3ny5ZmAYMpTWJDLgnV8,47
114bGIxUrj6vnZwWEfEdMP,54
7mQwxVogsnpR3h6AJLQLlR,55
4yAEzjMpN9RZxZLqjqmW0X,0
79cAPxneo5AvbNgR6ch3Cj,49
5ceGigL7CZQ3Ih6W8SIbv8,1
4e9eGQYsOiBcftrWXwsVco,83
0Ti2dlF2xLjXblvdU5fCxM,70
77eRSoQbDt4qHlAhUqovmy,62
6q61Aa2HZkqLW5zFrij5ZK,37
1aC1IBAETh2XYGOE8kCC6t,67
7v0mtl6oInUtHOmTk2b0gC,61
5BfbdJLRp9gUyyxeGJUECL,44
6PHn6aXuM2FkzonGWJxY28,64
4BdPYaw5KvboXSej5XZpAW,55
1fLlRApgzxWweF1JTf8yM5,81
3IRovqSVYx3CNtDWRebsET,54
4OSbctVD37ycS0H3rwRm72,25
4AaZtoVREGSOTMzdzLoCGK,61
7kF1iPJTj3VFJX9XokQ80F,62
43lcnmBoTbTRjaer77OBf7,41
14no1rD0brutYOOJq8h0fe,0
353YRjUfYOlM1HgNwMrWCs,33
25LbeGnYJuqbkxqc8VyhTs,62
4BL79Qie6r0TkXuNQLC8gQ,0
0CA3RxBx2xSQXPfpmUBK1v,71
3BmjRmFTESgWZLPSVGp8aG,71
1rSo624QuuCteNxAzsU3SV,56
5cZqsjVs6MevCnAkasbEOX,85
3ER2b5TBR4XRx9DHiZJ484,0
5IvKtrcNWBkvyW2yXZ2Y40,62
5tJjQIhH6mH3PhG1DjW3gD,58
1Y13csEpu3TK5gQdzGLrd8,72
6ISuXA3UCPMtsyEUGUTAyn,64
1d5UuboIPRMD4HaU3yycKC,56
2l9U0zTBpcsAfCuIUO9FxB,51
3CkjLJYnnyOtGk4Jx4iYS4,59
1lATXTBJDHwawvT1UfxWu3,72
55mJleti2WfWEFNFcBduhc,73
1vxu8vMNshg5J8z3oA7QJZ,68
2DMqiPZ8uLE2AtwHLInHOI,0
510UgVCpnUaQ5ACHW2J8gu,34
7oxHEN7q9V67XUReaq0txr,0
3876zu2BcDL39vLkkJGKLZ,0
4w3InOZmItJiSlhnkr3lv6,39
12f3UbBnYHrZ7vbRXfyDA9,0
52DNTZvyZREUZC6dEjq3J6,0
4kIYLdQ0eoiZaVrGVWLvqn,30
0toJeVTW2hHX9qYVmdOpBs,0
2vajU8g5DJCuthr5pb7RVT,0
0hsMhZA3gguNuHOcDsGmOf,41
5MFr2IB9u3t7nYdRL53viF,43
200UDgTJl6xvSejJzMP6Ne,26
70PH29yzcK8ZQVseOZlAJG,0
7MUazB4rGIqFFIkjT95rCO,6
1gAbEXZi4ZrmA5KPQARXrD,38
25xMfbsrHq7gZFtiGenVm9,0
7iymoplUkeIAat6dSn6wrR,0
0HkwDCJIbWijtfKg63gQBJ,49
3q1dhgO6MmeA7LUoz86BPh,0
58U52B6rDjT30RIquT51dE,41
6lFbdi743kgerMZDjSqbuA,43
61blBldjlrjCOiMnRfNSFk,0
7JuGl6cntiqvXVgXJFSggk,34
3t0J8vI9StQD8KIBkT2Cp5,52
4QonXqjNiT2KXPkTkZy3tD,23
5TL60rdO2ruxtVb3dCTtUJ,27
3a4UuAErF1VMAkwqzkc1tj,0
1bA2ZK7CFxEMnyn1dWP2jp,57
59bem62WIxhdH76jIWEm6S,33
310yA0OSNvWriki14qBLeY,0
4ctpogwllZ06lgqpFORcZR,42
4bAmAVdks2Y84VNVVLXFwN,56
6gyAv8ubr2vaTRdn5bftyb,11
69uCmYNvkqnvIpyTKJXZ5P,0
0e4xfVTScciruWRTHG3Myh,39
0EA7tn6U2YpoUIOjN3AP02,0
67jtXlxQs82ATZhfdywYJa,0
5fnDDcjcXKUvJ6iSnpiU0v,40
6wHdTGv5xb3HU7As15DLda,27
58aeU18mt15CnihIz4MsS3,38
1aajQbw23khpQMme1AeKI6,0
1L0ZuhK7CHY33fUTQuWG1U,30
2ZIMKOI0DT7wM3qTND0IWm,24
3nbtUMjRUH5VDwhvvcPRF8,38
3Zg6kO3S4FQ0jMfTIgHzyl,52
4PwXNVqkIM8KBuEgYFqDiE,0
5I1K6LJMvIdV5kpHS8tMkr,32
6RxxunHQUOtYojwJGDLB51,26
1Rev0uexcpMr1ERkucbXnT,33
1YEgACMNGb2EGptiOodOyZ,0
7qBNJBQJJjQjYFZlP3IPhK,53
23OzWEhGGgu7RSqzKhsGhE,28
6RBsFW2PBiJtCYZmNpia5G,38
33uV0G85zoAlzHYTJyaGRl,25
5SNTUBSq1Qzi0URdB443h1,20
6p8uFTidsF68EHK5p753gU,33
1fappIhSOUyng8mHEfYzkP,0
7uM7YZwNZqdDMG0NfGhmux,48
5JdhojQ6h2Cy2t6uH5jPAa,41
7ctdCk91bL7jjDx3hmbB5z,0
6n0OQD5aGspHuwFPJ2ePGC,56
2MmmLzAFA2XmKB4hP843gh,0
5wNJY5ICnoVqzrfZMfHx7l,22
0ZNkenDGP8wVlnEwfiBJYO,35
0DHUariIorcAgunTr0GTy2,16
57wbOuofBE6Cb3mMPuQ24i,40
6HdURgU5JoS6IbMrTCC3QM,0
1aJ1xeEQ1ivKGnTeuYolJk,43
65AuuSC0parBq0hAFyA22v,23
3d7xGRzPWvMUJtJanQiD7x,0
5ahvjrjn7ymaeaWKFZrsca,56
3CIzp3oPhSkSMZjANQPtVV,0
4MmESCOyomLv2BmcHkVAQY,0
2NsWGd3UslepVF25pKw1sp,27
5hRVBXMn6TFyOncZTYl7ej,0
340sV0G2e1h5jWsMyDRmc9,0
5ZXmCqIzh9cRaMMfdtHuyZ,26
3bu38wOOaBOOf4OYi23R6a,17
69lKbD1RGW41qnsksqtMuq,17
7MCgEv2ovQuxfijz2WZ4kH,44
1kFu2TuUmsARXGYc2eYXiC,42
66MrwENuBlVccH7t848vjD,43
5lIat5pyge2yKkV20FlgQ7,40
0elb6lDN4B5Ao3TWoXYUzs,33
1oLxfF4dmgoKunk9LCQBCX,0
1UtjCEfOU9JaAMuGIhBPBx,22
7vHshinTU8161w69EPbabY,60
1AgZA1lTtCXeIbhXrIup4W,0
7yebvgOaP8l5WkYh59dPxh,25
4mPOYg53faLL6brBcoZ5T8,0
0dqfl4l45vqw2TnNrnbsy0,62
2kBgJXGbVA6WcA40IFA9KF,55
2dy3TKVDEbIeWxeIb8JWqZ,70
1E7RHPXA9sZ30qfms18J7J,0
7nDIflSHQXzaa8zupxwv3U,5
0amRhMUb9wYrDOmSD938AQ,0
5YfqVqJwjxiyhxvofbCnHp,54
3fRIuTih8bzc0vtY9fHhvF,75
0HlMshB5JmZjPNbOuOgFHN,74
04elniHFWwwFHxi3SZlGI6,57
3yEtuhGR8jOtusa29jWrhG,74
6bum69IXoiGcZCb83ZtfGA,0
4Ih0JljQ3X3PbHfmuk05PR,0
2swZ0X1njeU32SNJeBKIfW,67
7gL0eIncXB5ELO8BFMR3Uv,50
0W8NvcMsIuygeFnfNz2KnC,48
5giBWdb2pJwFl3avFUKGXj,46
4b55fVKJprjWWj4KhKgxMf,60
5aLELbBB0Pa7TlGJJyBJo9,56
27n9VDbbjFnEJsgjYTnwTM,0
4Xqpt53kWML7eTObGxQ43i,57
4bUrpXdPZIJMPUksA8ggDB,55
35hemoZQuo9lEbFSS05I9h,53
65qnIZCLVTYdnNxWMJQ3kj,35
3zVf7Ssg55ioIak3B1aWSY,39
2MnKininlD8bY9ggRNSJ37,69
0wDEs6WvqDHq4XJZC0dHhO,74
2gT8OWcAgPg0yawg1qw4Nv,51
3zVibdZHsVH05p5Crux6xX,59
18hnXK4HWm3BxT8QijiJVO,49
00Ro1lnV3V6i87aY4t8Q43,3
7MkFd0UDHlILDrhBjGZH5K,48
6rB5eNXwpxDbVJJpWzaOlf,34
4XEXrp37kZXpQTB2r5vWbS,62
17Sfr3T1chYPGcmM4VlhCh,2
62vIBUC9hTfE4nlT3x90uH,0
35iMl0FlgdxgOycezlyrPz,39
5XyItd5rFfdtoJsWHxON5x,0
2LyHAsMcpW0Dm17rWYa79p,0
217bRMES4HVbPdUe8l8ECN,75
1soECbw2IFdWt5W8Rb4uG7,59
5ZA9ItQp7DyG6pPkSsq3Bn,66
3f0O8XWSxYA2zxLCpq95Wl,24
1ePEbbeWx3scydfir7HBcq,0
23Fw0qh3Onqn2276LiL2pT,0
5A9AILetvfQg3LHyX5X0pV,69
3QXFOKlokWXMh2x9Q29764,53
1PZ3QsCFec05Ls3PwOqKXZ,0
4SbE4uWiMlhJRyqoOwm0QV,0
20rgOJWz8xHUn75OtCYsde,0
1WbXIpiGBJkCiv3hn40iPB,77
5pCmR2xzpvlNXKvYTmiJ6S,0
3fk5fBFB27GbWGATdBpOgr,63
51Qo4o1rz2FJ5h0ie2Okjt,0
77zrNNK2FcNwjtGXOsH4R2,32
0sHZajNhJcmvkIQS4bCEIk,30
311GQYEovWbjZAyTUmakDT,41
5WZPTq3NoLhIys3RyPF5Ye,0
1A474NyT5UKjqElE2JN6Km,44
2ozv99MuHIaE4DZIzAr59q,0
6I1JuzUGxTAD0kDY65fg1s,41
1mjnPkzmQBrm5x4p1dpxnP,11
7zoa1nv5hDuoj7fWh7X4IV,30
0rZlPXF9Kx92ySiY237rsN,0
4sLW4tfhCMYPfiN7u8r9DT,0
3vCeDhrInX8te6SoaqZbvu,0
5TTKwmlIUZq4PNnpZeF6bf,0
02zyl88XvRAQdwbzLQui8y,42
2anaAv8v48ZGZTyESqIoma,0
4oUsaxFNEZUidANbrhbWaM,47
64zjvItFmkY8Q96tcmGQ6n,61
7pnPzV2XKnsCtjSLHeWQto,22
5PycBIeabfvX3n9ILG7Vrv,82
30UA08ePK3varU1cNX2Owt,43
