track_id,track_popularity
6f807x0ima9a1j3VPbc7VN,43
0r7CVbZTWZgbTCYdfa2P31,42
1z1Hg7Vb0AhHDiEmnDE79l,45
75FpbthrwQmzHlBJLuGdC7,38
1e8PAfcKUYoKkxPhrHqw4x,63
7fvUMiyapMsRRxr07cU8Ef,39
2OAylPUDDfwRGfe0lYqlCQ,38
6b1RNvAcJjQH73eZO4BLAB,45
7bF6tCO3gFb8INrEDcjNT5,41
1IXGILkPm0tOCNeq00kCPa,51
3eFJI470ALf1EYjywPRsJy,25
3iJeF2izF1QcpCgUc97BLl,46
6e0CvGZf7CouOpYF8toXHC,60
3eLdNmnRWr9gIyBcqTSSti,43
55nMnifaQWKe3f9cbwOXwx,40
1EJgymgJHcjSOGSHcYaxvW,35
5WaXMQMlQpq8pwIdaFP43L,24
3TjLsDgL0bTbSQIF6M5Ki8,39
0GfS3y8Jd7SHWd9R51s7Fo,48
2v3DuCVBbopteJqdM7aKQK,5
4QAUGy6k7c3IOAhgWz52r7,53
3Ciaf6WgvG95TGRGxQ1yO8,39
1mC2UjWt25Oixtqu7C6suL,40
2wenGTypSYHXl1sN1pNC7X,47
4sqABRRGU7CzcHXCyxUzFw,26
5dy3WUywjZcalTno1io8TQ,40
2M9GeaCQXrV12J0wzBxIwi,5
1zzOMDmkRZy0g9f4JTAZKn,0
4OFFY6L5ywYM1TwhXX69wQ,0
1hr5Y2i4NlE3LPvQZ9Q5Ao,0
1aT7vltGhkjyMI3F3aO3A4,26
4YaU1EjXIkdRdkOI4cCZys,29
0Fc9QSMX6fgEBgDjUax7t7,0
7AasLZ4TYgh7dbJXZxcZVE,0
7p4jpmyBnOpqQ3rSGJzZ7w,27
4sLtguRBis05qfsBgJ1IdN,21
508lUjbGcPrL0CfvHC7UvI,0
7FDaS1k08rwMoAThmzUkOZ,39
6m8SIT10j41SPpPFOknTmP,37
5Vwgf4MVO0vLv8fbxaGGiW,21
5scxjvcdozadBoRRN0UMaM,27
6oJ6le65B3SEqPwMRNXWjY,73
2tilX6FUl0IwFgiOYjuc6V,28
3yNZ5r3LKfdmjoS3gkhUCT,63
478QYNLw6dhTTx4oEkhBeq,0
3C4fzUgIP3ahkhOBdP38GM,36
2k4c9ZAlIYHyXiJ4i20FO7,28
79zGYOcAe2VmJsyQiJX31a,30
6B2NRQjtSOtqi67d72r5cx,0
08rBIlTMXlF5uEHobZglxv,15
1BmdqDrBU5eohtRwHBls6C,37
5rxKInBVj0QE87KenyDiLf,3
3kgKVcBpBGuSeaEC0AZGlb,53
5qCrT9lVmIGxqB8i6bb83P,0
3Lv3frZVXU7Q0JEFvLIzWW,46
2bZYJvVRN5EqIvAUFhUNls,0
3utdq3dPLVD4r7Vv9BnCAI,0
1ppOGANOzMT01Cxh9jx4hN,0
5Shjuje8PRcX7ueEVajrLH,35
6wKJjrWWP4qpzYbE8oQkc4,43
6EDH26ppl7R8oV4tGilCkS,0
4RaN7556EogBfF80klMEX2,19
1nwoWaqzB30bD4IPqRNuex,23
4fDBElPGDqZQ3rJorZTm2w,0
6AZ21kPj2a0INgf3uCviVu,33
3uXHSf9sSIpOJWuC1H8DiU,38
4Q9iBGT9b9CVTtDwsgQWnl,27
6LCsZ8ARrIq0n9nr6gM2ru,34
27F9FlipD657qYRQT3qxFm,20
6B9cqNooxIyPfr3P5EB8LA,48
05CwHjIk71RXVU40boRMnR,0
0qc4QlcCxVTGyShurEv1UU,63
5icOoE6VgqFKohjWWNp0Ac,7
6GIRtKNXokeu25nn7U6Hu8,50
4PkIDTPGedm0enzdvilLNd,51
5PYQUBXc7NYeI1obMKSJK0,66
4Gcv5SsxnQWpmOnUI19EJk,51
5YkmS18BehACOhIIeUqe6l,48
3vQhEd4lOg4mAV6CHCgoHW,36
6wo37KVqFJhtuxPTpLCcfe,2
3OTSBoYKO7HzGVj8Bu2OH9,59
4NSW0Km5ZG60L8FthUebPJ,59
1xK7enJZVdv37fnnxoZlPq,45
1z1XegUChLLQfcbtIK8ABn,53
6aoGtdWXBkYQ2O2wnyIz2x,51
5tAa8Uaqr4VvA3693mbIhU,3
18W92Zm1KjLCbUIszOhpkD,63
3D37T7euWvVJ45evRmriIh,52
3y3brCCecHC3Db18aIOnny,58
6XqvFyJGdUD5IWee02ARKU,0
575NJxNUVDqwJGdzBrlLbv,57
70YPzqSEwJvAIQ6nMs1cjY,58
7Ht0v0LWBCOEjmNQ0iMpNr,43
6nDKrPlXdpomGBgAlO7UdP,1
2b1BwUGGyKq0CoJd8G1B6M,20
09IStsImFySgyp0pIQdqAc,78
1lGVyEkGHUz7Pg78QGaS4a,49
6ksMjdec8b6C45TUawkAdu,31
1vsQb8n0icvMsFnL9663LM,57
6pooRNiLyYpxZeIA5kJ5EX,56
5WHTFyqSii0lmT9R21abT8,71
1pBO9JDqh1y3TbCKEO1OvG,0
1LjxmkW3xRQP2HzswhYyyc,44
7FCZhkhzEUVNUAlGauNKIe,0
2JoIjuzRplpYGvvLpSW2on,43
4PUWpNtDejQwwa80LjvxXl,45
1nufXiTCTTAeJfO9hLHvO8,46
1NDxZ7cFAo481dtYWdrUnR,64
1ahVFh0ViDZr8LvkEVlq3B,59
0Ev562zA4pmUsBqjxsxxdx,65
5l8AUgBTWuOECwVgYtaUyE,36
35MKhw2YBKApmD7fAnPERC,47
3Kuu5vASpXK8oRsxOvau6P,54
7KW3XQV5Or5CF57MYVj5h4,42
3M9Apu4OZfylLTFKvgEtKa,60
5N4erncE7kuUccm7zEmwzk,69
6QcrReLyoun4xrPVsZ5OJE,0
1kQhi22kyluRCnIPAXtxEZ,54
5cE201rNvIkryS8N1dJ5nR,0
4AkCyd9Nlbt8JprQq9V6o2,0
48GmVZwvkoVC5StfMLfNJE,26
01iyINEYgPQ7ThMZuHUsqS,44
6BwClo5W3VvTzJv8bvZXDD,37
108r6pnZHStBIktpyyps9w,42
24Hzd4FPhz0HPx9jhM9cap,26
4aTtHoSBB0CuQGA6vXBNyp,48
0gIZLyF3MWQVcspzrLWYod,0
6y1UtRcHQU07aUs3oxZ8Yn,59
54z0kLF0skj0Hdb9wCqPJt,38
6mPstbtzhyqKmwefY4eVWD,0
6uBhi9gBXWjanegOb2Phh0,76
1Pe3Tnahd3nNcKrTvNvNvW,35
4w8niZpiMy6qz1mntFA5uM,72
7BKLCZ1jbUBVqRi2FVlTVw,87
2IDHoSlbG0CKH9rhq68wTb,37
60wwxj6Dd9NJlirf84wr2c,79
6kPJZM97LwdG9QIsT7khp6,70
3ebXMykcMXOcLeJ9xZ17XH,76
7iNIg7XDEaYECfWD5dJ9Va,70
6cy3ki60hLwimwIje7tALf,69
5N5k9nd479b1xpDZ4usjrg,71
0qaWEvPkts34WF68r8Dzx9,66
6jq6rcOikCZAmjliAgAmfT,58
762UXiwEHYY97VL45sAUPR,52
6RUKPb4LETWmmr3iAEQktW,87
7ef4DlsgrMEH11cDZd32M6,80
3zU9rdflI65tK4dkkNSp77,74
12GEpg2XOPyqk03JZEZnJs,66
4kte3OcW800TPvOVgrLLj8,69
0lYBSQXN6rCTvUZvg9S0lU,88
3vv9phIu6Y1vX3jcqaGz5Z,81
2QtJA4gbwe1AcanB2p21aP,68
1BltsyC5W3SAABdxyrDXwi,2
3tTYxjYYcXFqFXA0AZ1Fav,35
09CtPGIpYB4BrO8qb1RGsF,86
0azC730Exh71aQlOt9Zj3y,79
4h8VwCb1MTGoLKueQ1WgbD,10
0E9ZjEAyAwOXZ7wJC0PD33,78
0lHAMNU8RGiIObScrsRgmP,72
0n8ob8S72lvznoVfiwz4qL,14
4r6eNCsrZnQWJzzvFh4nlg,72
0GzmMQizDeA2NVMUaZksv0,54
1MlAkYV0nbRKWhhfvTt3zc,44
1WkMMavIMc4JZ8cfMmxHkI,72
7C7yqFTM0ncyJ04GIKrxdV,63
0WfKDYeUAoLA3vdvLKKWMW,3
22mek4IiqubGD9ctzxc69s,77
61ZM92T2zaXIVsqncThQzC,59
6TnxdnJcZIwCWiCHq5Qds0,0
2aFAmDBycyEnj3lcS95JMe,30
0Npijoc6ZcUe1devUugKvI,0
5gwLIRjGFf3hXuHoKEsWLg,64
3d4lc8esnUl7Bx9J9d9oty,33
0U6bQIAh6MCGo1xjbIIx2S,56
3oIVK7arAFuUOCGafPLxSC,49
2I4jAMEOEUQD5V1byYCqNS,10
59QmL8ygKtVfMHmPx3GaBX,23
5EdYlCWou17k0N1PADLKfO,39
5MvsfUN0H79C24t3fPepeL,26
7CHi4DtfK4heMlQaudCuHK,70
1CW7tYkpJ95c7bQkRf6CcK,40
4bSFPMXKYaCoBhzJv276zl,0
5AFrctm65wWIqJsjHPPx85,45
3DsjHcLYMExprXJECT4QQP,0
7FjZU7XFs7P9jHI9Z0yRhK,64
5ijpy4l0nKZPIKHui6SQfE,0
6j8eH9frh703HaGBaSRS6u,12
79Vz5MNH7Qe4F7hPKT8tPz,48
65mOk4n0tfrMysFXu12ufx,0
4w5Grfxx5Rpup6mo5v6bW0,57
3uiQZlSlSDRduWLFBTSEot,0
29ikXeGM6kScvhvqfvgiwO,16
2Eld7kejX6FH9OptVyKQak,8
3BOcWxFUURAomDXRSDFve4,37
4YhN72dRYL2Z3MsaKyT7rS,53
7DQ5CZjAQdhgDgdnSXxJ7Z,38
2aXA9aQfrqaOi1Wy3NfSZI,0
62XCV3AmCMkPa9X5mCim8O,20
5llPdGZJjJFJv9aL6ZaiLY,35
7pWK1kMgHy5lNNiIfuRbkP,57
2W9pBY75aWOV39S73mqqbn,0
1JxQmgCEipmHCUiJS568pE,36
6pu5jQqenr37n0z6eBKOh0,23
3RBk0P36O7wCMxF263jRJL,30
4uRx3SdWG2cNVfRNVPwHDS,38
3ZRgqoTb7pVO11IxcKGtMo,18
0DhkTGjEaIHaSxTfC14BFm,0
4nx4h17pRj1ikT0hZecR8z,37
1tq4UL9BB7BHuT6eorlX3X,38
4TIkSdsNSfqpuq6ZYvCjAz,60
4P7F3kb2Ze1YleD6lUYwJo,37
3qeJ84Y6PRS9LtliOuT94Z,25
7sYAS4CpbV90oSemgaEQat,61
1CRy08G60mS5jvhB27xMpS,54
02itaCXOdC54J0ISjqqFAp,71
52EB2Gk1nkxZmbomJOXUde,46
4Jwp3yjIQfudmjuctLQlfJ,30
7N06jo3EnV792VFaG8vuW6,54
517cAnPxsaxfrkKHHY41wB,4
3GT2CBmJWIEdCpHiB31WYK,49
7fPuWrlpwDcHm5aHCH5D9t,2
1rRWFc2p77FYyb67m5YeVO,41
1LDDUVvutZ3qxvnOrulCBM,26
2wOVXsIRIoniqipE9I5ZVx,47
0byab45cmZntz74RxcASrf,0
4ciBIS83LHQpKf4noVKP51,26
19TOAlTFq0NDHvUPQR0tkr,54
6VP3410weACXiPCVLKSkOb,41
5ql2mP9FUhB3SgMzv2akuO,43
3jwQwGVERUXo7eaAgL1xAo,39
46W9iEjOg5nkMvb6lo4Jwz,0
0GRoERSBBky3YgdKW2w2Vc,46
3sHuIjfAzluc6S9cXoqfqC,0
4fK2NU9UyQJV74ZGiSVYsr,42
0jlpHhGUFn4aAWLsRRnwep,29
2pMntGuRgHAHVtrpC6kgGy,0
7EHCt2jdVwHp557sfMPosf,28
5YN0zHycJ0Yxz31A5QsVov,48
14nIFzHQf1OBWf6VHVR8DF,0
14sOS5L36385FJ3OL8hew4,64
23FHa9lYnG6Dr8OzombPkS,0
06BrHnTVDOydsfg0LZ6mQb,36
1YSwQvw1NrEPfA0j1iY8eV,22
1FlIzyCvRFQUE4pc7PiaIo,44
3eW2EDwNRAiQKkgom96dUa,0
1k08GK7ox8SDmEMvn81TwU,34
4raMIjIjMc8JohHth7l9lG,55
52Y5nYBQgqawttJxxtUv1e,45
4R7ZSlYoJOIaxHJFHszQCR,0
3N9YuL395rE4qNyHMsvOWC,27
6dX62wjTHi9F1srVTjV89X,0
0JumfyG7GUshFjxouEXwhw,33
3Iee2uf8UXOrOupQzfs1z5,0
6jreFSOTUAViWjKyzOC4Kg,64
5Qnk8vP5g9l5SDQKU3qyYQ,0
3Mong1BzxMKwTZ0SbfLdcQ,41
4huh5oqBz9RkgpzAkyuEAs,14
4Nu8sEejt46770gDUvFcrF,35
1IjuevPDJ8Sa97wFwQ5j4V,0
4d3cCNTG3PUgWhPButc4N7,25
7r4nPsLToVIPdsiEeZKF6Y,35
4Tvw0lweq9l2JPQKFbpbBQ,56
1yAPglN5AGf7UoLK062ZYq,54
4IAd7Vdwcc1E86P15tXjca,35
5qiQbOa6AFEO3P111y9Jry,53
7nbVbGjifh0m2fhPYqcI1R,0
5NeFmsnXBy6xVbz8pesM5l,44
6fvbl9D9VjMtLRQsuWPyYt,0
1MgpEKnO6sgMTb5zumAsgn,24
06Z7Hy2LUzbcSFmWzwkun1,24
0EdgK7ASb4kfRkW8pVMN02,44
2gqzTQEn4g5ly0n5ScdMx0,35
36orMWv2PgvnzXsd5CJ0yL,63
6DuE8kXIDJ3oiCibWXmgeN,29
5up5uXChMJLKyuop9HwtCb,0
4AMY0oGSt7vZwgxDnHCJBr,48
0VQUyufAldw4Eitv71TPmg,38
0EQeui6OBMzqJ3Z3wCOzZh,36
1o9D0rUusi2V5idyOEOPII,50
2neq77lIMkitQwBwy1EDng,36
5ow0sNF1zSqp71Ix5jEXWU,2
0vrmHPfoBadXVr2n0m1aqZ,66
0o9bHFc8Lt5tZFvTjNZTNf,44
3oN9prOZJ8jR6rFP4YMJF9,40
0Qew3aYvQPGPjfL7gbe6x1,43
5naYe7rLMZcLfO1DKg48MK,64
3LaQ1GajOXoUeiTA9UAcCK,0
3DGar7krWlmrXRFHBcQF6z,55
5VGBgPVFO3e0lWz4WHYntQ,54
6sYJuVcEu4gFHmeTLdHzRz,4
3eS1VMcEmq2IUgpaeDysCb,54
4fCAOaMs0PYL58OijKp2IS,0
2mSIu1ZPo22Ihx3EwS4E6h,49
31OqWK8Lc6GnUbnLG3GqPX,1
7rpyHKSH3dkrsKEgv1eNgv,39
5CpkVOosLFc83LbwqO6hnI,53
3cJEgWbsBmGkvXz906tgut,27
3ZqKbMO9UasuKgQeGT7QZS,29
5mYNWSc1AE7pWS3Ax4e8Dl,37
6SRWhUJcD2YKahCwHavz3X,74
7Feaw9WAEREY0DUOSXJLOM,70
7K7MUBCnzgBAvMVW2RTWNs,4
47dABAPyBgKB3iQCrC4Vrv,44
6vRCKJDtnrJEcyyzIMa0w0,56
4BM4ml3TgBFALLaCaJtVhi,36
4D3o6Hh3GydRpTTlyLP3D9,0
3R6dPfF2yBO8mHySW1XDAa,56
164C9bSF4ryqWXI4XgxTE0,45
4fC6tDEFmSBBCRBUOPeQ8b,35
7lPo7aUbqNz5qmcan9Oj3F,0
1HvCFAUIWQsWV9zud3UhDl,65
76WNl0hDHHxTUhfLrEIBSm,0
6xTU6B6nFwKKTSZ9ySXS80,65
0jvqmWRCyv7xnxqrtinbHJ,47
5itOtNx0WxtJmi1TQ3RuRd,66
1uuUnsWpJwqBh5GRQ8uxla,37
4DfxFGwreu9BquiLRClwh8,35
6Pgkp4qUoTmJIPn7ReaGxL,72
3R8lr1Y1kPgXEbnXkcMMlT,0
4ESPuOrSsRcBISzcMlzmY5,57
0Zbbxnx4SGGHoIow4PpISP,63
72gv4zhNvRVdQA0eOenCal,79
2kLf4myxQME1Nd0voeKZri,0
4q8PHoRsPUB52LFylX8Ulz,3
2devxXJUTEIFmgt8cXaqmO,48
0ct6r3EGTcMLPtrXHDvVjc,85
7dOeiXeTSfA1ixaYmQcWu7,64
7jEyX4bqaCSdMN4D4JNnVj,72
6ULQ6ZRc7JuVutRMy6gfgc,46
0FlnsBDwPglenLJoQjPd4K,1
4Vbz3osCh6DwHYv5gVv5H2,61
4OgwXdylh75fHfwUzJTUqg,64
4kWO6O1BUXcZmaxitpVUwp,67
0A5gdlrpAuQqZ2iFgnqBFW,59
0BiGd2FNDQ0eh79ZHfp6tS,45
25sgk305KZfyuqVBQIahim,6
3xE7LrW7P54CYNQYqLhl6J,0
4ut5G4rgB1ClpMTMfjoIuy,70
0uUNN1nSoUx1A4fkDCWDQ7,2
1byydVLDAt7An5Pk3SuL5j,41
1RxlBxlaJpSEVnLk4Gtvym,0
7IWTIkiWGWNQyYfOLdMrGD,56
67FPUOM5Q2sSvS3iqLxSFs,0
0Qmqhtqco9ifi7ScZh1095,29
2Fxmhks0bxGSBdJ92vM42m,82
0FC7eAz8CW9HAWnBr8Yo42,0
7LYMT7ZaJC6KaKaXod9qNq,1
6fIgsZFtGXiIvxb2Y6oCc7,32
47knrBbYhqtrggWYSkU6h1,40
46x4SztssOJ1KzRjPqVUPk,0
0AKxkfd5NLlWMXCVgH6a6X,0
43ZeyBuql1TboyWE3ElHXj,0
3EKKIR8be1kfAAwaz1fzyS,31
4u6chQOq3h6g03cnPzAxcz,18
5UaEBgRvUPFf5CEDhaTdp7,40
6wigvUlHft5QfkbxmAG5uC,15
3b0cJPguhWOh2hjY6Lu192,48
3QC33AxvY2sdxq22ym3aSL,38
6nsLzJfvp5OLd4mgqUJkpq,4
1fN2cemf6ByT2WKqtumwR5,34
6RnkFd8Fqqgk1Uni8RgqCQ,60
5fEpuvcNvERP7EHtLe28Zy,0
45NYp6HaMbhHNtn8sTnztn,0
7HdHOGbA7uyepn1jbPKqOx,39
49ziHtycEUnbFQtE8e8slt,44
3kGfazcbVvVkuZunzlLgTD,58
2ZEqEHPOhJdkI9pCCW9pBD,31
35ARq65zezGBwA7EHBXm2w,10
1N4n7soiQQ8TRsntrkItyA,0
0XOFJ634crTl8z9N5Gxh2S,0
2OlWBmSjf1aUPGLNf0UI5A,1
6UiDiFJUGEDzkGpZBL8IYq,45
5WvAo7DNuPRmk4APhdPzi8,61
4b2tcjrG1qUkSdsqEFP2dB,68
0KsB4TwgATg88aXCMBoO3Y,57
23L5CiUhw2jV1OIMwthR3S,78
3OEF72iu0qSN75kiw0qP1o,0
4zdQmfTLWgGd5mAX4MUIaX,50
5KVxCdOVauTncDKgK426XN,2
4suDPyEfKYtqDR2OGblbTi,37
7tegFBOVAZADytMG3YIR9o,27
1eIl9qFUGihchPAfSF258T,47
71jxHnEfeDyolLb6Kr2DdS,18
4eycOo0qKubeGx3g29dcHZ,0
0xTWI6HrzKHJ6LK11f8jGO,17
07uivRw9i8NFjQbxZQu6g7,56
1QNoGbedAra3cbGcQAwBRQ,19
3gMJMSrU2QETbsILNuybIh,6
6EfsZW2pPBBDkiBMTGglEi,17
1gdrNesoUadTXNdVaKS2t3,13
0j6HZwmFLvxSoYUrg29IgP,30
2MbrVxNKpsg0bu9LMlPiri,17
2gApWgkuisXedOcS9Tligs,43
5Zjge6yCThuBMdnJdOBp9A,44
34S5Vg3Jxqtjb3dosDWHpH,11
2qpuYv59RVgLKcA0DPl9Tt,0
1SV5ys0BGnN6aEsbS7prwt,18
3t5I7uoAOyRtzkAVaHgmfL,30
1g89JASxN75856KEYGmZTt,15
56FtGMGdOoONvc0XpP4Bm6,0
0HGSn0eFH5LF1MWdE9FOUC,0
2WSYYbEdxtGGo0VVP4jNjb,0
3fzCO5mdnxKvxOT03Ao0RI,21
7Bh4dzYrbYtXbbuvK8M8yE,0
6nfiboYmeoHMxPU05yEQvg,5
4ccp9ytoMerEU0967Okhu6,26
6cAaLUV2fc1b3Qpgc0z3k2,1
6dKOpmTOzAVnaHqq7hqkJa,0
1HDrG1CAVROV1BclXs400N,6
74P2i9IIx0nkki1GVQqx3R,10
3CLKvDKiVgbgfWj3fyyibl,12
00bc7A2CLjp40XNd6ZPZNa,0
7Gb3OZFw2IiNk08fSN7MrR,6
5SubtShpNoLYiVG4oLSpOG,12
5VBMFkU9emR1HDLPoXuOUQ,19
0S1lconF5qUvqUrovZDmSA,22
5QOg6uut1ybakHajEfBL8K,0
7auKfEOsSVCeYHn2pOu6uY,0
64XUlDULbJtK6xDL4mEB0Q,0
0FVUs7Kb4KKl3vsssgZCud,0
0lHYQoSwhIKqUjUsbQygyl,0
0azhsizFhBepOGgcQ3EKaL,9
3b1TJu58AWEiGvnUwDdhag,0
2TFJVb9LL54V5W53qGWDSv,4
7EdnZLYzleCTG6eVJnZbR8,0
1JSkwWA4e3OXlnOEcn0MXf,9
1RJPz4eFFP7N6VVKMYUS7O,0
6GvK5IObiZJs4PyTFJTELk,1
0qnp1W6FnL9qoadgaQdsT8,0
3pzrOuq7Zn1WlL1qes8I57,1
4vid1h1wAzoZoEKJVXoUgB,6
34Yb5ldkgXMieDcFIRQPdh,0
7MsgiyWoerebFF0zaahmCr,0
4EyjvMJ6llJ5stWDlwo8v6,28
5L3FE4WEDdQ0xZYVdN7uvE,0
63f9E8ZTvtcEdqZKHj5Vzv,1
2KJPYFHskvDeuAZ1sbbBys,3
5uHl2eYaITSX6xEX8bmaXy,0
1PNb8pRsZGa8XN1m5nJe70,0
3v5BOhyPrVQN7PYE6JnY7j,0
7JCi89HGiURxFpr6NITY7q,0
6k67RdkVjTZj79c1cRz7IQ,64
7b8YOVV5quZcSKEijDgyWB,2
1Jr8RbuOnvMHsMHcWgZ9Do,0
3IdPtyJHB1WVPM4eCiCAKM,60
42tFTth2jcF7iSo0RBjfJF,63
1UThkKR8w3WnA6lWCRhOJn,32
5WrEilrRI5cIW0DxMvQYPZ,59
24nK8tW7Pt3Inh2utttuoG,65
3BPoSr2pO34Aan6alFfVto,64
00emjlCv9azBN0fzuuyLqy,47
5sbooPcNgIE22DwO0VNGUJ,48
06mzeP9GQNSHWd1Nh2C5FM,36
5KawlOMHjWeUjQtnuRs22c,2
06Pvy98db25O7wlfFFFIRM,0
6E7jAJN2e3znSHyPCdQqx8,57
2AIWoHr9DF6y4KALCBKWQS,1
7Ed6BkggCS2KaKY5YlINaF,1
27kB4qLUCV8nZd2eOgj1Tk,0
7LJjWqhqK594nN7qJzLVXE,0
4WuKHgxdCJsaOBIh7yndty,0
3rOEipqoZpjyn8PtOMeV8k,22
0ErzcmZ2gIwX7X0xSMQPix,60
2naEVOadudtXHwtZNfjMDM,0
5Z4aqpT39KpY8gbHoJWdou,1
2U6RSyXFnDVNYoD9iUgi09,51
5SE57ljOIUJ1ybL9U6CuBH,1
6DIW7GJbuGZdHolRcPWprP,57
1S6zXoXhfalX2ETKo337Md,0
1q3C6brbmRrULTyo2mseKF,0
7gr57cYekMWriyJYbT7oZ4,58
7Cd4glTUgV0vr0DBncEg8S,0
7w3mCZJZbfXzNebD5vktMI,48
4Is1b37KJY9XVCgzp81FBW,59
3nXUfNbkv8ikaSdHwEp0oY,53
5MaDeMdqsPsZTxNWdEZPVH,0
1gsb4CFzUMERAkfzAKwrZu,0
0xHgclG2TeqIzB8N3Wb5rP,0
5gA9Xn8oPts2aewPgxVkPD,52
3NxuezMdSLgt4OwHzBoUhL,69
5unCIQfJLMtcsiU6MP5zmB,45
0dSE54vYYvRNWzVTxE2xTL,44
3sygLAUhHsJsQ0cBk6fxRd,46
1LShDXXs40R8bQFNBBupI3,0
0aLG42zaidNkblhiQgJknP,54
7qDbAc6xMW07T7yyMnQqS8,0
4lt4QTuoYOEEOhrNDZJ1o8,34
381g0b6QZxC13SzA2HRMIc,54
6sWd8ZAH5bWWyjwb7ZV2Zb,0
1IzuuPDzqh3dfKxilHbGYU,20
4knqZHNHlEBBEmfETcpTyr,42
0dHWWPN5XGWotUnM57QQZK,0
0m3W71Oliiv3gQWXi2YAmJ,44
0gxkqxGiLg1ylKzgToCcHY,38
2WDhYlm5gBepkMZHBk0LN7,0
3eOrrreH5zbp4xpfiFqy2D,36
4tYLk5axtAxynbehhU4uJn,19
7yT71nE6bb9vzdYz78iITu,0
63BGyvr6NuhA0q5NimghaG,37
1ZtG48NtqQdyN1AnXiiYL0,0
6u8epWzzk3CsJ05sqExF6T,42
7K0trO4bMEWjSiFGPG5LTQ,38
0PCRR19Pf4iiuvSrPxtQ0x,52
6TgLQJ87xq6adrAU6HzaTW,0
3pWcj8hxj3fsb9TDAcMpEl,0
4sh506lJZac1T4o4NqtIuS,37
7a4aFs6bW7TUySQviVERSI,38
4aJdmCHGL6KrrvuSXgr8Jp,0
6WbADFqMvR8N5u0BvtsWQE,4
50RJdoxw8iajGNtHQe6QeS,51
2V65y3PX4DkRhy1djlxd9p,82
5gjhnWVBIBgoWzv3SIQdwW,0
6iC7vapdKp0XlKhxOkp8QJ,63
5kOWncnXJOC1LRH0rk8SGy,0
69zxj1EFDfAouZu9JDmQld,58
5EwwwdsQfKI8ZnFG93j5Zu,53
2M1mqcNUBIAfRoD2Puhejf,45
0FDzzruyVECATHXKHFs9eJ,86
15BlympuVSfZFROojEMY2M,62
6xUy203RnyyOfbqf96Nven,38
5Iy2Jj87Ha0C0IBlNE1I4y,67
1vvNmPOiUuyCbgWmtc6yfm,74
11Fo4dAH31K7UZHGqCkCmE,0
4keoy2fqgwGnbWlm3ZVZFa,67
0kHyKhJMukHEPfeh8s7rdM,68
2tpWsVSb9UEmDRxAl1zhX1,88
36Z5wae28KlrJ4wL3KuGOe,0
2AVredtzre1KADDXWoGd4I,0
5hw9RzFpyZqkW7ADN2NKeO,26
5ypiGNhYY1GUoVB1kVZmc8,38
5GjnIpUlLGEIYk052ISOw9,72
1YDJ2f1JuKzYWZpRYiBYHu,39
6F1kPSgdnlSzZRfskE9vaV,0
07nH4ifBxUB4lZcsf44Brn,81
2i2zYdN4KCkTCDscdMYr87,53
2BVVmJQZv4fOPWavI9mkIj,1
5L2l7mI8J1USMzhsmdjat9,67
24tVqMiAtv8jmpNPhBEsDY,52
1sh6lL6cmlcwhqZKGiKBua,66
3P7qStX3ECFOLfjrXuLzbc,0
0bMbDctzMmTyK2j74j3nF3,69
3TKpJrY9q49Mj1JOsM9zGL,56
6Fvhy9aaBvsLBzC7vDEhIr,42
2a3dopgTF1q4rMVDJ1rwBU,0
7C1trmcQQ5n5RNy4l6ziCv,64
2sxjVSDvymkn264oDZCrl2,37
24Yi9hE78yPEbZ4kxyoXAI,75
6j3MJ0jtsReAgwRwqsHC7T,31
1mzARUs2kMMxcKh1ome5aX,34
0JIcWmxwEpv740agHLbVB5,35
35mMXfym6C9VOTUVrcKKZp,48
06mg22JLouk02orwxz0UfD,16
2kJIiIqbzYVtv2iTpbQts9,43
3UIGE2FXaUUcYWA31Og0XO,39
3KKrA8p6gzpYC44JmThaEq,19
7vLR7NDAadIXfWjl2nw5Nr,35
4dSS4hwl81hvbfMsIogJGZ,33
7M9w4C8WenlvWfNRAulZOX,53
5MvLsT03RBp67RLoeISCdl,0
7CthsM57gIgD2S8xyL8coq,8
4esEsg9IxiTAGMBQLe9XOu,45
3wWRbRa3OFIFRs4gNywkdd,6
5TgS4dcUAU8EEb506d8wAT,51
05P4BYqVauVxy0w9g6w2D9,35
3XEdqQtGHAM5huMrs3RaKN,45
1Pz3QmQFBFuI60rxCQBeW6,0
0SDgPPSjRPdGD3hyrCTG2S,21
035IYcHuQxZHBknOMWGAnI,24
7hzjWGFi2HKUGOXp1LiQ3V,34
1LZbNPkZE39WeytrhcoVD2,11
18KjYhghq6K3ZmfcewWDp6,47
2qv6LU59qyGRzm4X2TFYMl,9
5yzzy7Hevww3RDntQM5mG1,0
3O0e0LHTpza0rYVDbZfQ4r,51
4n7jnSxVLd8QioibtTDBDq,74
4466tjT4xLDhIdmsMymUHk,36
7hrnaeVvXFAkvQOmjHJglY,39
5OJJF2HA089n5T0ugmXCrk,23
7aQeWViSfRWSEwtJD86Eq0,55
1TVEPho7uQub2pMJyzO8JD,24
1WSGTYKLEpKfNQYYW5Oymt,60
2VDTgXwf3F6kcpX4HI0BKy,48
6TaqooOXAEcijL6G1AWS2K,68
6Qs4SXO9dwPj5GKvVOv8Ki,75
4jp4Z02kzzg8gK0NmDGgml,68
2Fap2zMMINCLylSCSGQLEa,27
0nrWZWkJM62ftQJSI8fDc0,61
15vzANxN8G9wWfwAJLLMCg,65
5masKPHeAOVNgxdLebIcK7,75
5CMjjywI0eZMixPeqNd75R,73
0YammaEkYSeo9vQYZ1OwS6,68
4jin3VK3FfPc7l3LFLxt0e,0
4qqArAiTPueDxIp7cf87h7,63
43tgC5pTYJpc5D3C9HRwEg,37
7vFoFDWqTX0mHzLfrF1Cfy,80
0WVAQaxrT0wsGEG4BCVSn2,59
13qqdlSeF8FcxsRyapDMZ0,2
79T9m6YkRCgP0955CE4UCd,42
6hmhG1b4LEyNuashVvuIAo,79
7b4vbqgzMhbFa0wdjfftQJ,47
5bcTCxgc7xVfSaMV3RuVke,77
6LCrqs85q61pfZCXYvW63B,1
4M8x1TR36VMQMFMbGCdoyA,56
6gpcs5eMhJwax4mIfKDYQk,67
2Foc5Q5nqNiosCNqttzHof,80
7ew2yVscivQRemp0MPPWtS,0
15DwFznkBJir7AK9PyMyRR,63
5xzCzOAOfRi4DOttSzvznR,53
11cDEev79fPKi6uJCjUhu8,0
0M0FvSNRZmDz0Z769rewlI,45
16q3ZjCy9TFLKReke8ul1I,11
4UuGBDjt8gLXsANZqZxMBz,40
3fNuYHHay5uUISA3fePcTH,29
5FhYGAbUG4fgK0Q8eQZocT,21
2wuDt464E6oTVNHq48fEVP,19
492edpLhOflovry0RJRQ4J,11
7dkhaBy2KuMGR9SDtUyXZ1,17
3JmyDWiGoQ37jZlU7tU9Pu,18
7dLOOzJGQnsgqFcflWiEcZ,27
1O7LD3kX8b75oLmHdCvGRb,16
4Gy6pnhY9GGE3nqD3d0CmU,35
36pYPsbeDZTNLFhDJbVv9b,44
4h2ohOfzR74qDhUmeYE2za,19
3g1MMelMBxLjtKwcIVFe0N,35
5QWsDMeukgzBiUYAVlZvhA,9
2bR6LkOC10pZ3udHdZiENF,24
5X73AYzzEE5Di0JwcQKt9N,45
66SfFlsxFNT1NI6PZDN9oy,15
4eMKEM3m4sO62SUVCxqnVI,16
2s1tFUAu7atdMKuThwOJu7,23
721s1WVdSDXkTIo1WYR8jW,9
5IxHVYf5BRnwcAUtgI4Hvy,0
1cGmFQQ2YtFFeRDZdDPvR8,18
2TZ9kaTiLewawHZK7yylSC,42
430efk5Jc5wGay4EWP4snS,51
6stXqwqZiO3JUYe6Sb1oPp,17
33PZBbcUCJkXIEzalNdnG2,31
2Lh9Vp6Bi83hNe5RFYh8SA,20
6XeMrBUyR2aNGI93l9Z27u,24
4dIrGLTW8OJ0pJNLMJG2vJ,20
0iBOGfVW1T08dRqtqnMYK0,37
0mRDCsoHDP9vbEK9MOuY7n,21
1i3zEm2BKa6N2aCtPx8br3,2
6U6gLFgQVsZKybsknbxtdZ,16
2pkYhGilLJDAX4jGGOsE8f,23
5VlYmXVnGycwv2eaDpyS5Q,0
2tnVG71enUj33Ic2nFN6kZ,76
7K4qs6xArR9izybon4i4gW,27
2OEr2lzItRFTQvtzXT0wOm,10
12gG0QAqYFNZNVi5YAruLB,39
292wwhfpjg2mA7PIyh2RjM,27
4BX9utrulgT68sAqwWjrkZ,40
5YYNdXrzjuhHe9PDPKyPq2,0
1x1tGzVEM8m3cPVcn5lXHw,22
263vZeewsC57W2EYZfzejA,8
71UYuIZf0TeXAjyy72COVr,50
48X9IcdoKdIlNIzHLtZ8D5,1
4xEgZDzeVtQqZhamdBpXDN,17
4qYpRB4HChh1T9GPIrgYJw,36
72MNORxPoYqbnaEKJArZod,13
1wsT0yP7uhXJ26ZqtgpEhW,10
0rIAC4PXANcKmitJfoqmVm,64
1MI3mljRwv2P9Nt3devOTF,20
3zysdGd91RB2oMEkSQVYno,24
4hPpVbbakQNv8YTHYaOJP4,4
1S7hEPenrIVKVTuEjtXKz9,46
1lrxKnhETdtGBk5BecESRD,43
7o9SNYNMZTLtWo5W0IH6PI,13
35FIDQv0u26DSknDahmcdz,10
2Q3uUxPpTKY4MjY5SRFSHK,40
1Pu0gOLF3enqyti4alKaad,0
58tYBkyFprVpfe0HtJqH27,23
33WaAIUnrgkyeosXb0iXNu,17
43JztBwps5nHk69OqYOv9D,13
7ka24WdTm5OWlE9FmzgfTw,3
2Wb7cfgUCj3C95H5vCrsGg,23
7Lw5FXm8nhQPvezIpA6jK5,35
6D4pMSbaW3eBTdONRoYPQr,6
56JyMaElW79S7TDWh1Zw1m,50
0EPqqVrZZw00uLDTB0pxs6,0
1aSarrHE1TK9vSmyozuo4K,50
35v112YYfNoXGOggxVlp40,11
7979U8R0HwkgpuRjcDpch2,4
5CQ6McE86ztNSOhQwRwgSf,12
5lAMOiZhF8pq4wO3uHREaY,21
2adBJEXBiScnmdgqZe5OMM,18
0XO1KK7qiUGVK8t3FZdM4w,37
7k4t7uLgtOxPwTpFmtJNTY,73
5Cbo7oz78gqkzV3EAM63VA,56
3ZCTVFBt2Brf31RLEnCkWJ,84
5fmXWEFh8vMXzKTHN9ezKV,43
6RyuoOJXNzlVWpfC5xQyeI,60
671sG3ETDxC3L6qcGIrHRM,63
3mQ6SLdxxaL52Yte7KF2Ks,60
41L3O37CECZt3N7ziG2z7l,65
6RyaV7owmVU6fzEPE17sF1,43
2usxQITOSDqvkYiI0oIwao,0
4punHldq7Jfx0Plu7SdjQ0,45
59s0s39NFWScuHDbHytI14,70
0OP1RzrglC008kj79Httv3,57
5QXQy0f2q8wJNpPwJtjifx,52
4wNIkl5XGiAACjFBlDWuSd,70
2ksOAxtIxY8yElEWw8RhgK,73
60TClTKDePeUjKyfotkLEg,37
0rsRJOlDJxfNPNTEALa2t3,36
0Cn8NxJZz7zUlsaA3rXoIU,0
7FIWs0pqAYbP91WWM0vlTQ,81
3jbT1Y5MoPwEIpZndDDwVq,78
2rc7BkzO8qepMFAxHtOrXc,55
0TK2YIli7K1leLovkQiNik,80
1sviDBcAqVOxMXq4xITVEs,26
2b8fOow8UzyDFAE27YhOZM,34
2g2N78BH9x4iAzeSvjG7dU,0
6uzGmmQ4CuG9HvZktEy0LF,64
0uW9gZMn6SVBSVp39umUy7,39
7nHUD2xhqkehsYk3PT6QDs,52
0sf12qNH5qcw8qpgymFOqD,22
7bsqRe39lKOYX45FZpzP9o,50
7qEHsqek33rTcFNT9PFqLf,87
4piZ5m1vZGDkfyHga5U97m,52
6Gg1gjgKi2AK4e0qzsR7sd,68
4500Dr4dVfnQiMjaTC4oIq,41
7IzbHY75UhGztauT7U5eKb,39
4VginDwYTP2eaHJzO0QMjG,2
6Nqi1fWKYXrVXmF3RtQbSf,45
0fea68AdmYNygeTGI4RC18,86
3mN2DtljBhnrIpc3Nu2pJ8,56
2qON8SpeBDBSoWCvDKuwbU,46
3cphb8kdsjElYR7r5icK3H,57
7tQ24skemknA6PPh6gwFi1,63
57vxBYXtHMk6H1aD29V7PU,1
4AyvLHET4Zl794yQiQvxmp,19
5w9c2J52mkdntKOmRLeM2m,79
0gcOnIUKIG6JF56iFUfE0p,51
1CPAiHBpTTtHPAlOcVWIwT,30
3i9UVldZOE0aD0JnyfAZZ0,66
4R0sTxCaskwCPbzkfXHfWg,57
7BuSE9uTIw931wtZYzvZcQ,61
5o3pP3SWueoHRCytmwaL52,18
1HfMVBKM75vxSfsQ5VefZ5,27
3dWpRjCmaHbroNahuSeX11,53
1WMfmBKlRTUGafwEjtJIhN,37
7ce20yLkzuXXLUhzIDoZih,69
5O3uMYHZpppwOrAglPoydO,27
1c0hsvHLELX6y8qymnpLKL,68
7zH4rnKKGm5vACoSEXBEDe,43
6uW0PIRcyZLvkoonm763xD,66
3a94DkjR4idw3bp8yzai59,0
24CXuh2WNpgeSYUOvz14jk,3
77j9HOrxUpWcjwra9jgvio,1
6rQ9qJPvInEqSzlh89LsPJ,2
5FgtdSf7I5lClThz2ptWvl,3
2ZCTP54O2dMSbVrdsg60to,0
2ahnofp2LbBWDXcJbMaSTu,6
0wP3e5PzSxafy2TRtlayq9,0
7cG3wfohoNDSp2M8FWrgTg,56
1bttWPpJQmn9zdi951BcAZ,2
7znm8mn8oac6FKfmLuvPZa,46
3MjUtNVVq3C8Fn0MP3zhXa,83
5dle7lDSqNS2AcFtbvgkud,1
0MhkdVUCf8ZttUXzZ3J9J6,0
5rDsAMjmB4Qa5WNciJPsfK,0
12BbMJsJi65mxneq6c9Lm7,1
3L9RIFcNF9IDGPRE96EO7N,61
270MuyUHPJJUXWApRk2Py8,0
2goLsvvODILDzeeiT4dAoR,80
36sAHywEsh50kaM6CpENHp,0
3DYVWvPh3kGwPasp7yjahc,0
6YZpyZ4gmK4VQWvN6230A2,0
4RybvT8lyLLjkWXqmAuZnX,50
4q7HqgwzTAK332xEbzuBVm,0
6JFyoWiWW69dTjPrJ0RxQ1,45
4yEXem27DzCg8xytvvO3E9,0
5a6WvCvpzP3flz3ZG0aAMp,0
5p0rUHicpwMZil8RlNGGth,0
6xjmujeAeuBznFjdKhZQNY,9
0kwENjv9F98MZLPEN3gCQT,0
0XVikcHfkoBvJ5ZU8xQBWn,39
4wtR6HB3XekEengMX17cpc,75
4lDKORchTM8Rd0PFQFXTLX,59
12DVGoYMPBebItALnmaNdT,0
5jOvmh1DYmaiBPETL6HCRY,0
4Fqm5rqB0WMx0hPOwgRjFr,68
1vuz46T61qINYeGeN93AKZ,22
1Je1IMUlBXcx1Fz0WE7oPT,81
6X5nB9TR6EK9ABabYAzcQ8,0
0b8PKDeFc2T5u9cRbLLv2r,0
2wz5weI4PREzpexKfrKgwv,64
2es5efbIHrLOLcdmBmpoiR,0
2Ld2LehpgQNREMxl9LlIzm,3
0JXXm3RqxU8EKzX4P8M0n3,64
40WzXFabdkT1KCgRYwoz8X,0
0ibYVniVLMJWvc3eNfYk8T,53
0DURckDH8F3pzTz7KKFLz7,37
5LskeIhrR7YqlbrPWZJRLe,32
1GwdUrz7DujSedNxnzVfqI,0
4mSRaJAwIZOhdxFQF4ryZa,0
7kWmT6l911OFlkhhSV6KlM,55
6JXghpembwocSY1Ky0TxTt,55
69jRUfC6ZjhiY88OySXqoj,0
32PCjJw8mk1FrJT2FcqRtT,0
7vHkU1H73z5NVbGTIyI1DG,0
0weAUscowxeqDtpCgtbpgp,73
5Jcv891JICGnMkkP7Lr3Ju,0
71Cid4UeolaHRzdbmMDAVb,68
3f2pJ9Mb9EcaCLJjm1aevz,0
3XVozq1aeqsJwpXrEZrDJ9,72
1B95cw0Rjg96AKLfxxUSnb,0
0yx5eBLk3AGOH5EruCqLDx,5
72lAIcldZMBgaeF6XwjAnC,0
3DdCb7EyPUcUD0LKWkJ0L7,0
2foOeJLKSvepjHEkb4NR8N,68
2QbuqnxPaHCsYnlbAZDxvV,49
4KjXkB31IrgmVimunoVrts,44
5YTMRAT4yKgFrepF8Hi3mY,51
5hDPWrf12qJQ2pFGTbputX,47
1gyaphIqlNbfhlQTUJ8iNr,0
4kFmRFE9YzjKnUCbXQKnag,0
34zbPJOhBLVd4sYbHSV7nr,52
6PUzxtIHkv346yP89NzP9X,53
4cjHy6TwppuNZ05yrP8Fic,50
2Biy0tRkZTGxGH8axDwnqP,60
1CJbLAkUiPXrttszpQhnO6,0
1SssFw74DdHVjRa6ADggdD,3
7dIa8yS7HIPKkBvOmERSZ7,47
44o1MQVbm8S827avRs4RHc,60
1M9HkdNJ9ArhHc4ueJ5tVm,55
09nxdcY2oYo57fJrG6CCCT,0
3cOnQmSQuEUie603kZp82h,0
0KT6DLAELYSbgfUemzwGPX,56
5unmsMTn84dE2kb3kz4wfe,1
3vV2Gu4JlRaeHfJxg2Z1dk,0
5Klo65Y9uouLjNVDV3pqh7,67
1ohbjkuczl6hEoYEo931PH,1
1pUFYb9peWkK8m1WCKNRjp,62
5npMYgysWSKOIVXj2szeLn,58
6FP4peicCGnib7asns71fs,26
5WtbtCmPbr8a9TkFSCx7nF,6
4cqiLvFRDuV8ClE61eMmZx,58
1IWzfq3sLedGQ3fb2hAMBA,4
3v1W3lS40jrAyGerzF3igy,1
6dugx9WBSS8TDxbKqp9zmj,55
2rTYgHxgcndkUrRoU7x0Sv,69
0FkLMOUTkSTPSAYkIXQ579,65
0nQLxiNGbbUoSGrxksETLm,4
12N5Qmt5TAs881z17sWUvV,60
4RADreHMvMkZwsPgPr9z5c,6
65RTyZesurf9xxf7FZVL1u,30
3skkHSk5KA7akip3Ey6Xjx,29
2sCLhumJK6miHTPJvl3IHE,37
4773u67p3U4PKaWtm5vlcj,0
0jrDmug9eevza5OnEarhgA,33
5cdVjOTp2QPOmYlFuCtkAP,0
6v1Hgn7yTvz7vQkJiRBESz,0
22gFNeEYuXuElY2QsLeMqx,23
3x4q0AuhGdiPi1jvCIFACQ,0
3tPJHHygrSqPgZPoAxON8B,38
5X54DpGquhkONi2RbkUvsH,28
5q6iykOAJ0N2fe7wvj0r3A,33
3LEiqJm0Q2iwUNZ8t5PDqe,35
0m8YMp4kDDFVATJCVIdhOv,22
4BqQrDNmfGfujQ4wPRb5tS,40
36J64RkkFvdrJNKfiwY0iB,0
0EJlpO8Z5Vqy4phgcqU84V,25
1c8q7CBtCpGs30KOpWFrDA,13
3CMc5c4Ex3OMy1rzk5oIXs,19
0nJgXVtgMwXsVspxOoVzP1,14
4uQcfhLIZNpiWJKS9nPz3z,36
1I2NEALPO5AC8mhgiXyBuV,4
7xirNNSKhl1H9U9TKRNSYL,7
5x0YfwtrTBCxjVuiVuW7fw,26
3A1etA4fcClRWiPCRhbY9l,37
0ReSY5XOCFXFRooRS7hPxk,26
3ihK0bdxDfJmsxLHmK74kR,0
43S4LXQySI1N2Zmnkdzh6j,16
4mTSFX7iAk4JN3IHu1qghA,33
3u8YEAVRbJEozzWp9WZLVR,0
5iCVQdYhIJYSbBPe1XazGk,1
7AQxzmkhwBJwgSYr0qQTVf,25
67uQCds7ugUZn3TZUhc5dB,34
04BZvpVvpJKPWXVfnWr6a3,18
3LxnSVRPRzPZdhNlu3d6W9,2
0shptsB4Efvi4T5zNKjeuO,29
3decfgk2pFkvCzYUFj6ssf,0
18tCFWknS0gTJBBRLCuI0T,35
51fJSFDs5Lnu7n7HfFR4qk,37
5pGOK0d3Ls6ikio9oQYkLC,25
5nS1Qzp6og3WIDj66VaE9V,0
35WxT8FX7Y3i7Tc4VX7yR3,0
384MzPWC7HLmPNYDrkYlj8,0
511Q7DOLFifvVhCfPO1tgp,28
48r9VGBsm0WhLf5k8EuEcU,0
1HXkhm3VgTwqtHUDzKT3GY,25
5e7LO2aDWOUlYa5QUhGyhE,25
6O3GXI34itpMqZbBYHNgoX,43
6ZkeEVV8OVRuhZfzB28DlD,0
0R8tMSvCvkHpiz7DjnBsAw,19
7tOL3KPed2xaNyDIYBo45p,30
467Ka8djftrhQIZTkYJar0,0
4rFKp5rDJS3bldnga3QDLY,25
7v4qvJHhz314Fcq0sLmyvR,21
50Y5DKzkMsTws48NvpuN5s,27
1MNDmPabVMFhgKy8aqT2V5,0
7EixVppWsnZOvJJ4ZqET14,47
1cloJnP4gDul2IiDqCwGNh,38
6ox0BtzYRNG5RmuWvHQeGE,0
3EnzqTwdFWe68x0OTxR9T5,21
2MaU0zb75fuPS5DVKd0jqh,15
1XmVcaQPI9yWpKVbIiL14L,21
5mGfNohrEXnZOXRiA6wnXS,0
2NwLHtXx1LDo3wmjDbQVUH,9
7FifQY094jXA1y2Z34caaC,31
1rT1mXm67dRJPY64AC10Th,0
4YkMADiCB98XqOGQb0P1aT,21
4f1lXCkLLZV7K2zJhAAMwZ,0
6NxyQGdameCyJwJNko3xkF,30
2oTLO5bUVaNMuZYaevh0yf,24
64WGFpBr68nqhKHahymiyZ,7
7t7DIWoyU902Qn5YNaKG84,12
0bs6tC9MHag57CQU3A0Im1,0
1nA0NiBT62ZUdL5bvV3rRn,22
5yZpJTy5l9RllZbapSLp5Z,2
5ZULALImTm80tzUbYQYM9d,68
53CNDHcrOI23OATSulqwJz,0
2du5gCpnDxNp8DZwvbVixv,0
58D6VqvfGiVvPkNQstmdUj,0
4PshELHcjnTZQ2lBscyz8Q,0
1bSO9nzT5h55OrJO7BbHL2,0
7HxbtxmdOIM0mttc9sBLzI,0
2ll2DFDKBbjxZ3YFSWemMn,0
2EDHz4tC3pZDkxAJln2sB3,0
2ljYzOcJBuvjadNQXrW1Mg,0
6B4H7k0ANCSCribJM3Z0VP,0
1A80HRxJMhn6YAxqRup4BQ,0
5KHbu2Go6NBryS0h0TpTNJ,0
7mpcmYoOCeI5gh5azJSnWY,0
1ECSiX5La6LjrV4a3YSn61,0
16oJQyfFenUOV6Mit7tMlo,0
6fGTmOLGyOYvBN7RZcPMLC,0
2b9nc02c0lN7BRupiZpUZd,0
2MAaPdiUD0bkWNhlfrLC3F,0
5Qsgy4BNNR8ZKIsGGhb8lv,0
1admfyWHefYAHbwjKdro8b,0
1kSEroHstaZPoBMouyCbHU,0
2oIc3yUshnfNpy4NjJFAWO,0
5jyLJ77yatsz5KfW2zXLvO,0
2NUIaPZQ0FvyRsmPbLvyno,0
75V4H4EmBmzUVjjcPorCzC,0
21X8grU7IMAVa2elySGIRR,0
0Hg7Cuf6iv7G5CDfxZqwxQ,0
6LISuoA3ejKIjbfgFdVYoe,0
2uSfFZG8Bfrfo7Q2bm98JC,0
6or5lT9sFZHGqjr9waVqTA,0
6ol2reMXoUuIZE0TA5FfvU,0
0UZqdhKxrGxVLPVkTrCZ2d,0
633nrOG7ExXrw3Dnj9DJ5U,0
2DSDxFmWjyoKmCamYexX4b,0
4OgitSyiGyLiRKdw8Q0ueX,0
3xJx0XcOK0tfVquoP1TY1i,0
3NPvE7siGFFFB1lwTBwF3F,0
5wPlp34kFeUY2zgcIOxyks,0
6oZQUfZVGOwKmb9Zsjd0vx,0
7q8O26YXHhmaYRuHoFP8WA,0
5pTo16mj3CEmY5ZeaBfSxx,0
2EtqqczcLNk5A61lGXfqfk,0
4idB0v45onZipVsuVPmNYF,0
0TXDJf4CYjDJ06TmNa2JFo,0
48jHHmb5clst09XAbv4kXx,0
2ZUpK7zEZHyewSn6b57AHW,0
6gjJnkvucgBtEyGkKQVBd0,0
1kDoUhdifstUonl3rPqALE,0
5LY8939uhRCLuTBZptxtZK,0
2nvpSQh1Qn65nwX0Ssc7sP,0
48fLPV7iCWxVoOqHdMrmc7,0
4nT4O9xTNvHX7Zwt2bq4nn,0
1bu2fXNStlVDr7CMj5klhw,0
2jcYSJGmvhpYn3D6IVzS0S,0
745LUoE5rQZ51Tz4WnBoNp,30
3aY4mGFsRJJmZeqkagYFCB,1
7d7i3Qm7awL2gJPcYoQ0hn,0
3sluZvJ5lmSBe8yYVYbZSH,14
11dhySFZw0ZslqkOYnPqak,31
4ZOt1OugofXuARJ9Y6eGl6,0
1mQ6oxC6caPHPY1siLKNzO,0
6Uht61EmIs80U7aNc7yzjh,0
3m71siVDw8qXKAdpO9zLiT,0
2uiAa5m82aeHbtOFA3x58m,11
4TANuW9cpKCGqH499rr9re,0
03ShCBJrWXSp3vogMeCIxz,30
1GYW5YnYuoWiPw4ZB4V1lD,39
1niO3yUZuPOkcgzaQSKAJx,21
1nYWmABuAHNjdRdAcasmQv,21
25vBQdSHICUlEX14WwuNM9,1
7yaMJeDKiDCGC35LrP6EYU,34
5ZH1dljg1FkK3n8wmZOXlJ,0
0ZX44GyxjAWC4dbi9MmiUS,13
323eANs4Kha72cH6LjR10A,17
3ODZO5cBfM9S0wQSMhBSjg,0
1RbgdZhU9FOKFbDZZKOMrv,18
7yQuDwalzZvPiA94r0mlRY,20
7ubEV4AIzzuaGKnl23GhjR,32
7KVogt1437zlFZzsP0srqs,21
1ztOeR0UMNFGj6B6b1sAi4,0
5PKIJnx0ywPYniTl41W2w7,19
4StaGKzRGlYxAq1eXpsMr5,0
0ePV5nJT0v9wFHjKvt9fNV,44
4Wbr1qIj5QtzYETxuXQrV7,11
62tXupybKJWVLgWY9TeBxP,0
3OM1HwAQZsgF53AGGbnRSG,0
5PQSCIKSPuvkDIrvxG9sFY,0
1hQhtw3bZSaFDjhaOCNjkR,8
6QVsSS5tTqI5ZXGIdnU8hg,28
0C3QADQBYFjcSeU8bY7Oex,0
0PNcP6f0d89QuhYvibiW2t,5
4rWZxGhyaNnKwkxkTlxfhg,0
1IFVf0aClnuhHPh2UwVt0f,0
4pbSyrdQOlIDaYz7B6ynmu,0
26fhQbuzry0XWjNmmaKdcr,0
6Fv9M9nUKvuMD7roafIm8j,43
47IPlYJZ0iglPj2Nmwwr8O,8
5T4A9KTYaUtJlEUCHIK61J,0
3VM1WBA5RfhvBIAlXtrwxC,1
1zUz9l0UbmB6Y3ie7AZTaG,4
1rlz0e2Co8c9ez198e1y5U,0
2UeUOkNWgb1DkVUZcACduO,40
7HscxMMboSPj6sTbQKLWFk,9
6XMn5TmDgJe8alhChPpuL8,9
6c1r8SoG4gp3T2mOrIDQmW,0
2VzUh85tCLAZeOoOJ70ecg,19
008rk8F6ZxspZT4bUlkIQG,0
5VRtz5coFkV9EqVLGEsg6k,26
4jI04cbC5SjsuNUNWYXca7,0
7uTyLdHB3Ypl38uEoh1EbW,19
1kLnF1k6W0NuJLvukYbRBo,10
3Cvh49XTvOeWOeMCL7qI07,16
5lCuGJZNJH7x9vfwBGv5VB,0
6ckFK2ksVUNpfeUqRDtirQ,23
4D9QMZ3n8OupOPdxU0MMBS,52
2Bxy4HTb0GvzdPtBUeGBOk,0
4HTljKa4yPq5uIYFJa3a9N,5
0ahbzg4GCq3wJzUM3cjS3N,0
6G7DuXoSGeAf6BZivJdEjF,0
6GwzaIVJL5DEimt18lokq9,44
47PRHkkBim9N2vdhJHoYel,7
23J9Dkf9HBm91mjJalvGn5,0
2Db0OROohi3gR8lmhHrYGk,7
2SSySqj3PyoeAW1XT83qQ3,40
3Lhrv49JFkwVF1Sl9L1rfp,0
6qpjGjY3k77AaQ886JLuHr,0
7oE8bNwZhJdcAJZBKNsi28,25
5COO2JgOmHIJ2jsXFwflz8,52
5YkOuhqiQWvcTk2kvyver4,43
3dbZ20KRvbye5m9bd9NWtj,14
7GEBsTTF3o7QW4DuxkGcnE,0
5EIja1dtKLUL5mQwXwGm2a,0
5zDfFSfXPpyFow3BOTiRgZ,28
1O259SGmDCaaAtux8bZzNE,0
3WbyRFgA2L8VqG7RgVfe8V,0
5RupfK0xmLqyniW7PJ0Ltb,2
2K2B8GdtUfpYfbhOdYxICk,17
0x06Qi9pXK8h1SYdvG1iuY,0
3vYVTsZfXFnywCHlgBbWB8,10
1CT1dgsDKm4n0ykVyoBj3R,16
0JOyq6so0bYNZB4RAkjg4m,2
3TWfEEzcdrkR0CSvWqyUlX,0
6DkOqFoA3gk9c5N8VLokPF,11
6sXFJCJ69nPCgQW100fY5f,13
7CfwMm7x2HLQ1bllMosD9k,0
3Rc2ajBMInxeNGVkMPC92Y,56
41X9To0bQ4fpoSRri4NHiI,1
0PHwCbA310LLIMcSDpQbgF,0
5by7gtiDrxe4n2qQQunL8S,48
52WTLETEHs5jwCr7LCq0VW,0
3xKsf9qdS1CyvXSMEid6g8,86
4sCYKMatyhazyy6r2N7Hp2,0
2X485T9Z5Ly0xyaghN73ed,84
6V5nMvQwsiyW7rEyZq3gfQ,0
3BpUZB0tw4zNmG3Iw1mclL,52
3t87C08isN6yw2DnWOorLm,0
4uQ7wYsuL0DryknoDc11Hk,63
2dLLR6qlu5UJ5gk0dKz0h3,80
4fbvXwMTXPWaFyaMWUm9CR,1
5uZLsGY9fknBd5Rxr7AIss,0
33pDmPx2pkJ7JCAQpRDQ9B,0
2NRRrr8ylDK38KD3Ffbw4K,0
1eyzqe2QqGZUmfcPZtrIyt,72
328F2sC7uw6wdkWLggOAQ2,0
5dcZUsgcMW57ju0A379O7c,0
3l9eg9RtisizG12a1D6nZl,0
6u0dQik0aif7FQlrhycG1L,68
5I6y1KWmUoV5YCaIEcs1qs,0
66q3yNMEO2tOsiFny1IPQW,0
2Kn3xgaDCM4aHuHK7FApgC,1
0U0p8weaMIbIFMJ0CPlvHV,51
6UFivO2zqqPFPoQYsEMuCc,35
3LueS3mbuB1yaJNN0Ale6U,0
2IqjKEBiz0CdLKdkXhxw84,62
0ZAhJvqW67Epg4IsLIaSTR,0
71jGGLe5VtEHjIk5dU2W3S,2
5CPqOpKSk0QcJ3dGdaWcRB,0
6JvfBzqZmSiEG5MjM7OcSY,0
5UVBumEwdUnzvqxrXOYLFA,50
601KiLiZtBJRTXBrTjeieP,0
2TyCAfhwu5tRqFW8VnGMIL,52
4UkynNKM3QAFnYukL8Udi6,0
65wx71brAmEQz66GXXF8gI,0
2WMRd3xAb9FwXopCRNWDq1,0
5JAWf4omEzwccQNE8Y6kvn,0
4UADR6fNQfx4fxkiRQvSy2,0
3PFaFVWq5wucLu6s4baj9D,62
0LtOwyZoSNZKJWHqjzADpW,77
5VarZFY00sO54HErJ3TPCI,0
4HfLQJtVT1KiX1eVedDyTm,71
0kwBATkVUAG7JRMEosNUUs,0
7KA4W4McWYRpgf0fWsJZWB,89
3D1P3oPecqAQy2u33gAhsM,49
6HG1JWEbfuf8y1ZhLVq9L3,32
4gRAniZdYF2zVrDUsNC9tU,0
3NEeKJm8LcdaDG98oZwSZx,0
336ZYcU6poBWi3s8yzRcAD,62
4zMmqb0pYwX6b0qc0slCoT,46
5oK98mpTJSU0iqLHN1hZ3y,0
2eg2gvPXuwZ9FyrPaLgrXi,0
5EYi2rH4LYs6M21ZLOyQTx,1
5zOnoB8FdZudDcPX4O8WqF,0
6LxcPUqx6noURdA5qc4BAT,0
0MpsyFvt1KaxNYBYw2aanq,46
7vcNp4cj4uF4AyX5aKY4Ps,62
38ydcsbayM4oX21Hhu84DT,0
6wMTeVootJ8RdCLNOZy5Km,0
56dIfld2EW00CPbB3zA6GE,0
2os0aK782bakCPmjow0SU0,0
1uDrIgjVtFsrrWWctCxoBL,0
6WmIyn2fx1PKQ0XDpYj4VR,67
6plT7nFGiXKSBP9HFSI4ef,58
2qKTOaX1ZeMWn3aKhpxkz5,0
6WVheb5G29cbDOzF4qMfli,0
6CTG85NJI1Wm60pxTSRNwL,0
6cqXhzuVIH4Hm2CkF7ZN21,0
68rdZO4AcPakdi2zaS7kPI,0
2W3EgJst61RLZtPPm3EQim,68
5iK8GmW2uiPuUc5CtkZrIK,0
297rZsBEjFw9d0Gl3iBLnd,0
6qsArsTq6WoqtUFUe1e15W,37
17eu2pSgSUpIG1GFWBnODv,0
6bTn1ovliI0OkjUNkiMBJq,0
1CLmFKW99S8eJrebO3GB04,0
71cUqXJ3h1r0Ees6YdENLU,1
2sZtaJ4RFbRAAOBKWEeR4H,0
2JiVVU7qv1YeD1yabpIyoX,0
3j5DVpcCELigVZrmwGOw3X,0
7DfFc7a6Rwfi3YQMRbDMau,84
7GdGBGwFMg21mY9kNpNKXI,0
781V2Y5LPtcpgONEOadadE,56
6golelYKuy85o3u0cxIxFK,55
3GbjOImkNo5nFT2GQxVr11,0
7IzJ7EGpIpq2vW3ylVTtMh,0
2pE0CMK1fE3mfU0eEOHhKw,0
5HLes17mwCwKt81mi0Tk35,0
4QHKR48C18rwlpSYW6rH7p,54
3oyf4dalm17kzTE8LJDbgR,0
1cWVUrMhaVcLLW8nRz1wgR,0
2QuvT46pnd93GDBYCpSlBf,0
0mYslGmbnkbxuyr0ISIYtB,42
5KeyVNymqfqac1wLDseK8v,0
07tOsOR7E9zW89v2FqzsdG,0
7HMmFQsKsljwTw8bS7lu19,58
6v3KW9xbzN5yKLt9YKDYA2,81
77GqDUCd6ciLsbkBRMYsM8,0
5YvcUK2eXJ2OllqDuEg18S,1
0TrIO6sENZNH0yYGhNyLdK,0
2r1s81MJDMIdinV9cWwXZV,0
6ZpX80KeWliOS2xBiQiaN4,0
3i1vXYRRXvQlluChlosjgr,2
2UzKsOZR20UMcry381W7eh,0
3w6C0XDfOkE2Pkzxi9LFJl,4
34ovdd3zsT969nPt84xeHV,0
35zavrJ9AAnYNzHWk7pfey,0
1cwkOoHqYe9uBPu1q40QUT,0
1M4qEo4HE3PRaCOM7EXNJq,1
7dvVA4KPIaqCHyHdgLHAmZ,0
6MJgjQrhJmVxTGkJc4J2W5,0
29MOOOmMRPeWyPwKQFoF5t,65
2FprtMSRbULu3uo09CWBYY,0
3yT9qgwUHuH2tIAblw8O1d,0
6OVQs5XqHMGclfnUsMD4ah,0
41o7hnySdC33otkgYzQiEJ,0
47TkNd4UYUI7yd0m9gBfNc,0
4wBuczTEAgIJ0Ce9IFIEsd,0
0afEXSeJYJJEhPSQonZtIe,0
7MxPKKqDRIJja7kMMfksFx,0
7dg1I4ZyqF2jkQB9Oi3prY,0
37S16UKtClsjKKl5BiqggZ,0
4j7zS5GLS1nl5TBu0CFISZ,0
1p3kwiqQiDy0AjSJAP5VY0,4
4DjHWjHMYNOXwJ8cfXGzaB,0
0i60OX4Ba7Bm3r5ikTK4Mc,0
6bUuH7MNP1u63HtbpQqBkJ,0
1nihX7AXe5qdt3OmDcstTb,12
7wh14WfsQ5zbURhm33hXYL,3
221XjUujzRVflke8Ed7wdn,0
5ltWkl8BJnmY7AbTfS5eTR,0
5CXF4x2kZI2ftIogOuhXYN,0
329ZotUK1Kbj9Fj8aASXud,0
6xPVnZ5WcK9sh9FyYIkiW3,0
3WbIpsZLokLA1qahPaO3rm,0
27SdWb2rFzO6GWiYDBTD9j,78
6xCNYRfzZtoQRo1xruPmNq,0
365NFpqKShIPDEC6fxnUNp,0
5FqL5YY9Siw30iQHx7NVE9,4
0ofbQMrRDsUaVKq2mGLEAb,3
4tCtwWceOPWzenK2HAIJSb,80
7tr2za8SQg2CI8EDgrdtNl,74
6JV2JOEocMgcZxYSZelKcc,76
7gHs73wELdeycvS48JfIos,72
3up1JsYa4JNZBakiWP41s0,0
6QPKYGnAW9QozVz2dSWqRg,2
1dNIEtp7AY3oDAKCGg2XkH,72
7qiZfU4dY1lWllzX7mPBI3,89
072GuDuz8KUCpTOx1fDTTt,0
0rzNMzZsubFcXSEh7dnem7,64
4VrWlk8IQxevMvERoX08iC,82
0YJrARfGtHicUWxVgr4CKF,0
2cGxRwrMyEAp8dEbuZaVv6,80
2W4yABdLc4Jnds67Poi5Nl,58
0871vn05d33xTvZllwVWKq,0
7w87IxuO7BDcJ3YUqCyMTT,85
2y4lAQpi5VTNLu2ldeTdUH,80
7msanQSPzDtRboYSinCW5o,6
3U4isOIWM3VvDubwSI3y7a,86
40nPimvmG05WYS7983bawZ,46
24LS4lQShWyixJ0ZrJXfJ5,78
3cCfCaMqeAnTekr6sf2rX6,18
70eDxAyAraNTiD6lx2ZEnH,75
0aHWQ6E8E4YejHS1P3D8t6,0
1i1fxkWeaMmKEB4T7zqbzK,84
7x5xYW5W42OGPAdHUyyguy,82
7xTdTWhpmOtHbdpAvkUIVy,4
1Cv1YLb4q0RzL6pybtaMLo,5
1rIKgCH4H52lrvDcz50hS8,85
7tyCCjJJ28l8QVZ72URf8h,0
32OlwWuMpZ6b0aN2RZOeMS,84
59nWq4kIuL20RaNdCnnbJ9,0
4JehYebiI9JE8sR8MisGVb,75
4IIUaKqGMElZ3rGtuvYlNc,1
4esOae7i4rqTbAu9o5Pxco,77
3hC1y7tJyOOIt4PpxTslmq,4
7LzouaWGFCy4tkXDOOnEyM,57
6g1NlCpW7fgqDnWbCCDrHl,6
6RtPijgfPKROxEzTHNRiDp,84
73ZZzbMmdKcraxMjqXZLxr,10
1mKXFLRA179hdOWQBwUk9e,83
6N22FZs2ZhPBYi3b9XPajV,73
5jE48hhRu8E6zBDPRSkEq7,70
4nVBt6MZDDP6tRVdQTgxJg,85
2ekn2ttSfGqwhhate0LSR0,82
3cHyrEgdyYRjgJKSOiOtcS,82
56LdO5geVLy9oOezeTT7HW,23
1j4kHkkpqZRBwE0A4CN4Yv,71
5yVIlYEHZxQVLyInCdldoS,82
1HpzOCZbNWzxvvXfSGtSrX,51
6xEDixvjEi2ou3by2cmkvz,0
1uXbwHHfgsXcUKfSZw5ZJ0,70
45Egmo7icyopuzJN0oMEdk,73
5PKWUDfQFtc5qqo8cs1gQp,1
44zoniDjX4tfoAeYrnA5XX,37
0PDUDa38GO8lMxLCRc4lL1,81
0HPD5WQqrq7wPWR7P7Dw1i,84
3bH4HzoZZFq8UpZmI2AMgV,2
19qn6oU2t0E72ENA0aWNsX,0
27rdGxbavYJeBphck5MZAF,71
7xHWNBFm6ObGEQPaUxHuKO,66
6Vc5wAMmXdKIAM7WUoEb7N,71
3MOECVkNshqHYTPt5DZcdN,72
2habSXqcJGExM6JJyskY7O,0
72Q0FQQo32KJloivv5xge2,2
0KpfYajJVVGgQ32Dby7e9i,2
4rHZZAmHpZrA3iH5zx8frV,83
7vGuf3Y35N4wmASOKLUVVU,78
4T3fNx3CgwDRRYgmFCbD4J,65
3AFfyUXTfj12PgrOkZiiJo,0
0l0CvurVUrr2w3Jj1hOVFc,79
6Ep6BzIOB9tz3P4sWqiiAB,4
31MkGwj0SWgZaTvEt5Hgxv,54
7GJClzimvMSghjcrKxuf1M,4
6DNtNfH8hXkqOX1sjqmI7p,2
1XGmzt0PVuFgQYYnV2It7A,86
1Pw5C4N6Fn5E4mGCxmbbVa,65
4iLqG9SeJSnt0cSPICSjxv,4
5aUSEPNd3m5xliFK4pn5mU,63
6cPqEHMMAbcZHhH3yRBK7O,18
4nK5YrxbMGZstTLbvj6Gxw,67
7h0aDiDivgCQj2sBbvuPhJ,0
0RX4shen8SAXV4ZdKlTOPu,14
6zdFOrqnrLzd8r99ZnMJSC,0
6NmBxhsmVjv0PMgh8aJhuw,0
7cDBUr6mlP58oJXvIO1JGy,3
3GJ4hzg4lrGwU51Y3VARbF,67
1rgnBhdG2JDFTbYkYRZAku,60
21jGcNKet2qwijlDFuPiPb,86
6WrI0LAC5M1Rw2MnX2ZvEg,74
3eekarcy7kvN4yt5ZFzltW,83
7aiClxsDWFRQ0Kzk5KI5ku,2
2QpGZOhTCHHiKmpSO9FW4h,71
2wrJq5XKLnmhRXHIAf9xBa,71
70eFcWOvlMObDhURTqT4Fv,70
1ZPWWSwCkxKfqdp4H0RFCo,0
4yI3HpbSFSgFZtJP2kDe5m,9
6b2RcmUt1g9N9mQ3CbjX2Y,67
2plLJpUcYPFrl1sW2pMG63,0
1iQDltZqI7BXnHrFy4Qo1k,23
4vUmTMuQqjdnvlZmAH61Qk,74
6vBdBCoOhKHiYDDOcorfNo,2
0hVXuCcriWRGvwMV1r5Yn9,67
51Fjme0JiitpyXKuyQiCDo,71
0RiRZpuVRbi7oqRdSMwhQY,82
56AMYGJzxBO6p8v0wEe9de,57
07Oz5StQ7GRoygNLaXs2pd,58
1lOe9qE0vR9zwWQAOk6CoO,82
6moU77g9RQyMzHNuKEaQKq,0
6V9fHiv84WlVTg7CSnIVY2,0
2TH65lNHgvLxCKXM3apjxI,74
1000nHvUdawXuUHgBod4Wv,60
7vJS1DPc3FzBtqBs8n3mW5,50
7CZyCXKG6d5ALeq41sLzbw,79
4R8BJggjosTswLxtkw8V7P,4
6mAN61JH0dzyZpWslS11jy,72
6osaMSJh9NguagEDQcZaKx,74
4sjiIpEv617LDXaidKioOI,59
5hDAT527wXWNBnJlujhuUs,0
6Y4PDQv4XjYjHLeLmvyOt0,56
2YpeDb67231RjR0MgVLzsG,77
7BlBVFwvbWvcwNcUarQmjk,73
421leiR6jKlH5KDdwLYrOs,4
0Z26mbSHJ1dkUu7g9DDgif,48
314ZkcV7oLWG8yWE7LABvH,1
4fwo6czG5nvOQMzhOto1ya,0
46D0hYb1B7qiU33VtXt21W,51
5nCthAh3jt4xKuLJAifAaR,75
4evmHXcjt3bTUHD1cvny97,70
0y675KDleCZEudjoeL1sQQ,0
4Of7rzpRpV1mWRbhp5rAqG,79
5a6pdCHlWS2ekOOQ70QnAr,0
0rFQ5cKYJ9WtHSKp9sxVYt,0
6fTt0CH2t0mdeB2N9XFG5r,64
4R9ATNRRl1uth17i5qDCc0,0
6muOWhMh7Tf0UFUtMDBhUR,46
1HimGOB6BjOaCQYMIF1xtU,56
1JRK7srBWUtAW7dPabKBwJ,0
6UjZ2Yx2g2a52XxiA8ONxZ,57
2xyx0o4xNOLLjBSbOOdcbA,74
5p1ex0pXv6jSPJ6QbumQpD,2
7p4tetW3qNwSCz92PLGJg5,49
6WkJ2OK163XXS2oARUC9JM,77
1pfgsjmxVZhoZpeDx6POKv,54
3O83h4LS797N23DpweeRAa,0
5EpR6BqAnwR9PPl6sIrzGy,40
2dpaYNEQHiRxtZbfNsse99,10
2xyIwHKujL7tSgkK2Waj2s,2
1rCcsYnmqbMYdkG7kS9GC5,57
2EdT0divbyKeaurz7KgPm1,40
7MRghgE1RnubxFJBfUEPwt,0
322tcqPhma7F6hfCeLisx0,0
0laYHRpNTS6i8FXdupHkJ4,84
43wzy7JxMEfvCh8ZFeZKYk,55
22vgEDb5hykfaTwLuskFGD,79
7gvd8xj4QgPqbQSsn5pV7d,2
2SPEg45ZaUFJCg9GwNmRvw,59
1HwpWwa6bnqqRhK8agG4RS,70
5xvUgoVED1F4mBu8FL0HaW,69
0YEsfwQpG7ofdIiHWA0dHi,1
0yVAi0bRRQjgKSrBsnB8R9,40
44ADyYoY5liaRa3EOAl4uf,1
3hc7PLcmuZbJGPjhIore1i,57
4GAFlFLouTialsJv1kiKaC,32
07HPV6hzecJmMJwsIX8YVU,64
1g1Jor1zrllXn2ogj8KGAH,53
2cOpRVjsE4qZLZbFOB47VJ,50
7EGhmltmWJHCHobd3g8Hnw,68
4rkUEE5iTzG0szS8k8QzqR,71
2TZ1apxMDlubCGMsOxcTbT,64
3WefHNGtjexZvi66ZEx9u4,0
1nInOsHbtotAmEOQhtvnzP,75
73qbBlEAcm2HfnAaSnP1II,57
7m97u5zpSWqkDjN4uwY2LP,51
1rKBOL9kJfX1Y4C3QaOvRH,62
4JIo8RztBbELr2gWJ5OGK6,0
2i0AUcEnsDm3dsqLrFWUCq,68
5yDL13y5giogKs2fSNf7sj,77
0LcNMuOiULmxJK3bdHTfDF,45
3q3pZHncNkvIWJebMeuQqQ,62
7d1CFwrBmH34gmS0Hkbfbt,65
0YonII18xBlXaIEy2wd4mh,34
00Z0GIRi0l7WqQnQJCo5S2,40
11dxtPJKR4E0wlSr0A0t47,64
76hfruVvmfQbw0eYn1nmeC,82
3WVhkjB7Y4xFruqoCAajBb,66
4D3IIkBWnpL097OkljGnRW,0
20I6sIOMTCkB6w7ryavxtO,82
72Bz4ciRZPBcVSw0nrZDHi,74
21pySLskKIKrhDziCX5ojQ,72
6IvOCyrwW7VuCjQFCD7h7r,50
4KLp7sKY2YCzaSQelZZjZr,50
6E37j4b44JGpdk297urpKM,64
6FE2iI43OZnszFLuLtvvmg,79
5FuqMHyesm7ofmkMFYD7eY,46
2tOOcDDYkh0PSjr6GwPEAJ,54
2wWboDFZJPWXVNlHUbdSVQ,56
5xEM5hIgJ1jjgcEBfpkt2F,84
6YXG34IWbilypPwjBTOrUC,65
5Gu0PDLN4YJeW75PpBSg9p,70
5Fla3zyOCcIRqrDoKLU0DP,68
7wVHizRrYy5LCX7QfwsxNJ,0
4WzhjxvLP95y7AMDy0Atwb,65
4tNXntkAzQ5A2dfYRYGIIQ,3
0QVAlchLCx15ZLSoR9Wg1B,52
3Q4WeJmzxuDpzMu9QjQqbM,2
4wCD0qOFNRu1Q6O3N6ycm4,70
51xUartdwQzXmtrwHyXRVp,63
0QsKEPcviDIqoOdtZvbixA,46
5WtfUKzXircvW8l5aaVZWT,74
1Fx9aiORwv0cx5mFEBasHo,54
3yOlyBJuViE2YSGn3nVE1K,76
6I9VzXrHxO9rA9A5euc8Ak,85
1oew3nFNY3vMacJAsvry0S,76
53xAT6jud1w0NqlBjSW4VB,68
1ZhIyWSMyEWkoQCGmEPQ40,28
3je88Q4OvTqIx7BFRFYvRA,58
3QmOiZF7IzJJkHnahh5Ea0,47
1wF2QB0bAAYQdPUIn0L0VE,39
3Nbcx1svCSzmyYG2I81YCZ,0
2YlZnw2ikdb837oKMKjBkW,73
5WWOmIdScv25SOKm8yknqh,36
7hzlzoOwCZ4D3Ow5YZK4kj,57
7wZUrN8oemZfsEd1CGkbXE,78
0x4GHzCjY5MGQ960CHnVHz,44
4cZ3UsiKd1kUQIaq4BFIj2,56
04ZTP5KsCypmtCmQg5tH9R,70
3K01q0jtSNHeqx5gs97HH2,51
6RjW45KHJ6kgI2xQ1aFa52,59
7pAq1IXYZpL42HchCminu6,56
2GJEMlKxt3GL2rJMOTET6Z,32
7JTg1KbHm4FXeKL8vSmTqP,0
6lanRgr6wXibZr8KgzXxBl,85
3KnjerEPMolLapVo2wdgz6,56
44aN5xKL3kGHvQ5bXVk6B8,62
65YX6qx31L6SOQlrSMGYeM,0
2v00WuRHH1WdnXxlHnyURi,47
6kex4EBAj0WHXDKZMEJaaF,70
0X5p2uVpPIbHIMzyH7ky3V,39
61e03HSUanPGL3M3WSiJgE,41
5FNS5Vj69AhRGJWjhrAd01,53
24aMOBYVHE58Y33RIwkT0L,30
4qEoqyPbLYnLOii6mKlIjI,64
5lz0NiPw32Gq4kMIUJvuw2,54
1rM0CnyUiiw6A9CHJRXjZA,68
744ZuzjXQmoJmOdk2I1ym9,48
6VcKAd94eVxNyudlWN91GH,33
3TcL0dyCMyr0kyTTc4NLgI,73
1UXBbmjIrxjckrbv5EfSVT,55
0hnHoQbEQOL4YUZ4SO6xbe,48
48qKqo6HgIG8VLN4CpYb37,31
4TSxpQC5oY6XBkUSLPYM6G,40
5y6pj7OeBFF0CVgZKhRbOG,1
2n3CaPGPLYnYAvTEwKCX8t,2
4d2xzqxnNCEetIzMwRqhMK,26
33oVWYegPgHz4xes1bYUpk,28
3vrw4MWkszWdFlCmJfpkv2,0
0WSO4MJCg5nCW261pGQHao,0
5AJlZB3pgR7fM3DWTeL6WT,23
38J1ihEp0kRsuRboyoKXhN,24
54NI0COc4wjNVTW9rnOEfI,37
5Xw4HulgAYsJaB9VXOMVLH,0
0zqY0ttERCqwSfgzfMWMNG,44
6orRFPOpyksp2Hgh7KDehQ,47
7Hjr124CfhS8HYAHJitVO4,42
2E1V6nbjINpLpiMaWMSYZ4,43
58HtLMKqU6MOr3cw0P6QEm,38
5Alb26b1yQSaZtNxYKhZFC,52
2y8rZoB5iJBt233kASCihn,47
0q6ku8ljaOYoxs80gYrW8r,42
6uqpHCbXPceYgS4KdzaOdU,40
5ef1YfcBRyWqKZ5t9ZUYe0,42
6RC5tEJEye1m0ilNfzjf3K,45
2JQRlt3HpTCpRvcfDsbwic,48
5LiW25vFN2BzrceU27R8qy,36
6xg61PHNCLvQClEJrT9p0V,33
0CNuwuX6yEMcQYsCnwUfaV,19
0unE30Ni1mCtJ3ouixiwlB,24
34iOdwktu3ZDhujxpsAqe7,6
7vmiKOPQuGBV3Q2z3He5e9,34
0cppqb4vQycORHNMxr8DGd,49
5WEAZtjEufELtaxqYcqCJg,53
4poybupy26pTWPr9zY1i7h,62
2JtuQZHQAtNO13O8KLQSxE,49
33NUt06BeLIeJyf4YJtGoh,18
2y8iBf0QRqCKFtePi9Rl2H,49
0iwsQWgtjSq2kUXuZwTDAL,0
0L1IszgjzIZRBENyHJTQms,0
7lqsmY0ifoZsqBU6DpbCIq,47
5kApwSRDqF5CKclVLw1FBM,0
1mJYgCniedO0tBpAGCL1vO,35
1ioqD1XvFGDomjXkKNCBQB,37
2nMeu6UenVvwUktBCpLMK9,88
2XU0oxnq2qxCpomAAuJY8K,74
76bvw5EDyhm1b3dfsOToYG,42
0JQ5MbyriK6ruD3t6RZ7ix,48
7BooBD8k8ABLTFLzgxcT5G,39
4kRT3cCwp0uYEqh4hHvxZS,35
0kF0fz89HNJ1afzJ1IE1rP,0
2kJwzbxV2ppxnQoYw4GLBZ,74
5fmBkJa4mTezkJq8B1TgSn,32
7DoNtK2gVFRwJh0hkHe5wQ,52
4HBvwhhYo7YiYXkUDrOHzS,0
073ILU1C3APNRGF66VhtyA,63
6N29ryH844QydR2Q3ULSdC,0
2ogKhhoMClkFXek7ZgxAhN,82
1mpD5Q8IM32I4bF6eCpU74,54
0G7Ik0gmxJBFJKAmK2p1k9,35
6l7lX8hJXVIUyPrTaabpqk,0
5DqdesEfbRyOlSS3Tf6c29,76
1cL3ucXzG2hj3XOUPIWdvZ,0
3Lp8Xd2K7TwlY32SPvXkvF,0
5i2JGF65pHKSfMEjSMrBC3,0
2GdxQw8NwoeH8tKySg6nym,0
7vgv8KZBSo0TPzyIWG9yzV,2
7uYIX9O9DY6l1D3HiwHR1J,55
3gJ6t0HKTMto4Aq3sXJVk2,53
3g0mEQx3NTanacLseoP0Gw,69
2gMXnyrvIjhVBUZwvLZDMP,84
4wopYJ5wpYOM6ogm2Jugnw,0
2I43coEbzFSTMGO3kCjLMB,0
1D1nixOVWOxvNfWi0UD7VX,4
05SBRd4fXgn8FX7bf8BCAE,75
0xMd5bcWTbyXS7wPrBtZA6,58
5ka2ajep9OAvU5Sgduhiex,79
0QkWikH5Z3U0f79T9iuF6c,75
5sv9s4Ru1FbFv8BnNr3vww,17
4RXpgGM7A4Hg7cFBoH5KyF,3
6Z8R6UsFuGXGtiIxiD8ISb,13
3LlAyCYU26dvFZBDUIMb7a,73
5Sf3GyLEAzJXxZ5mbCPXTu,8
7IohFKIwrb75c4XaqX7WWo,60
7EQGXaVSyEDsCWKmUcfpLk,79
4QNpBfC0zvjKqPJcyqBy9W,87
1oHNvJVbFkexQc0BpQp7Y4,74
1MtUq6Wp1eQ8PC6BbPCj8P,65
7lxKUx67JrEoxjayHCb0Xr,38
3gbBpTdY8lnQwqxNCcf795,72
6BtmXhTJMM9sBTHeYYASGz,68
6TfeXwJihJRuBW3mFpib6J,17
0eQJy4VAW7AkhKIHzXx3jG,40
60bUT3XY15CTg8ZRNrSbqO,44
1Ff71LUQO0KBk5Slu3K6Vu,50
3gicyfiEVMGONgzygpWjNT,46
1e9oZCCiX42nJl0AcqriVo,1
5VkHTogGhpdkLv0bOtlVjt,25
53xSIYBcFnltfPf6ZyQ4je,0
5PmPW1JYDmwPtamsOTgkzu,0
3ouugfdFz6exFXUxu7wRvD,1
1wFRkVclQWfMQQcaVLjmBE,1
5M9kio8FEFiNKyTDGqksy2,0
58dRar8dH64xLu0Nw339wJ,0
7einafMX858EoeJpqpzz7R,0
3OkhW6KkSI7CUdBkuKPldQ,0
1x8IGM8FYl6uqn806QWdW0,0
42Da622nCy4WpuIR3cO2Ue,34
4GMCZUi6cVQJ5wPWwJ36rW,53
4dCF1HnN064YMR6b8t85wL,32
1rs92hJj00BrqjuyroOv6g,30
3jzsSb4XeObErKwaq11wtO,39
5JsnpXdskRuuncQD8VNFG7,30
6w2Jll6iJTKVst9x9VCdlx,30
6GH9BAxbNjCmBVTh8wUxkb,38
25HI5hXVP2pbD5fF9TdKPE,0
7xo14jx9x5AQZtEHUY1OsA,0
7C3rfIBnbBOyRl9J9V5dne,0
1j9WiYut0demY3Md2B4gcV,0
3pe7reLGU42Wemf4UMjrYH,0
1kN9NWN4usLoogG70iJQuN,0
14PCAzWN1tK8zTDZoWv76M,0
3ksHcN1MdKel3q3gvWn0ej,0
3NtDqzqX4xF5ZCf5Bvr7NP,0
6YhnPGViiGL970zCcpg3gh,0
2V98yEHrGuNclS6TRmuVfG,0
4HSD7R7gdVaprM52HQbAkh,0
5LJIg1xBUJ4A4pMm25YkVj,0
0LQPolEDu7pkJnIIAnKhE2,11
6oOmH4d2nUgsDqb8T3b32Y,12
1PIEN1VajHbFGWTD6GB6M4,20
11JveNq3GfTOMwTglV1MPK,0
1dNuytXEaK1gpZMOJHuJxC,0
7j7r8g91pMGpIqzSR7mcWt,0
7MyLZa5CPNFFfpqDXkZZmW,0
2soeSOXg6lO7NA1crYT78x,0
3CzB4Vtjldto22GYhSi8G7,0
7hgQ3cGFUjVmQRWvTIabs5,0
2FTj8pmH8Knv821458tZSq,0
52UKAGhxfKuctrJOpymVtr,0
3B0LP4YpvtPNyLV98I740L,0
6x3kWTpIhi8Rrte9BrYWJ5,0
1nIi1HOE4MdaoOIBVGabCg,0
3U4LgrkH4QBt2rv6hyUliD,0
3TIJkJgwWSAXb8zyOV6q5a,0
0gYkWzRcwMTs9YXWl0Rghm,0
16lcrdbVr0n73F8zYcGAow,0
6Qrb0gtCCZoL6hZDJOoRmo,0
79xbVOzorykiNjTB6VV6zx,0
6KxWEKZT63q9ioV38MuZxZ,11
7xdIAQ121eRRfprV8IZQGd,12
5t3KWr8w3yGrAUEqCfizlD,21
2dpy9FSzqKGLZfr0JJZJWl,24
6FaHStqRlwqJc2mxeEuFog,21
5M7OvJqw8FvIr4jLJLwCi1,43
2ZfRaS9IbIDgMXAc2j4KCS,38
3xVC56rIYsxy1bMuf5ijpA,42
1bOoGwUyHrkG1DqQm5GPMa,35
3ZjnFYlal0fXN6t61wdxhl,51
7iko4woUrA2MbenSv2UaM7,40
7EbUzSDb2R7EgyO3uGN1Oz,44
0ZJuph19Yj6fruShoU5muF,34
2OYTFaOB4D1bWLXaT5mrfH,41
7qZdLKPA5TXDxpd10AGpf0,0
4erEEDn3ePjsUycruIf6My,0
6hNb6q0DhKIV0hwscYGVC8,0
4DOC75w7NMw8bsiVQ7rw4S,0
63QPrB9P5VoLNztjlSep0G,0
6B4HHb1bgnSiNHOyub6Vqq,0
2FmCupFDdyGlADn2sDsHZD,0
4j2Z0fivH9kDUhqG69Z3Aa,46
6qTvF9L5uVSx4F1C5gTLjx,30
2nZH4dHaL48ljy2uBLZWTk,29
2cnHXrjjom19DW3sbZ8jap,0
59CvJK1sftyil2pvJRayYp,0
0wT0uzGiU6KlN83RLtLS7g,0
3BiCACahsj2ast2ni4X8Iy,0
77AerlmvC399D6kF731DTQ,0
5PGUEbAkoTqUp5aUysRQJe,0
0GE84jMHPkH9GfBh67DyYL,0
0RQEDIV1tgkz66llhdUqJi,0
5d7o3xXERxQGzqk4oMBeiZ,0
2rBzfaCpJzGjZ0sXVwoiAI,0
6sNs67OYo6O7HBVwr0ugl3,0
7zHRcLHhkdkVDSwR0CKdLB,0
73IFtNOdL6gTXhQzvR69b5,0
3dcpXrvJczwaALgcy8f8IN,0
2L9LE3tQ97iouD4ELWCH8n,0
0QDTcZ2mK5v9KQbfG01jlc,0
1ZH8NFVtXb6K6zOsAnlyOF,0
26Fyue2izXj2tPUYOO0WhC,0
1UX6IpGYtIOP7J40NeY5pp,0
1hWrl3T1kIH5b9zRHLfCOn,2
12qZHAeOyTf93YAWvGDTat,4
74Zp9QiDrFZpBV949AMbUs,0
626yIpah5wJb9pcja3QgO2,0
4UuHWIkAWnN176A2rx7YFB,52
1rfofaqEpACxVEHIZBJe6W,80
3zkWCteF82vJwv0hRLba76,7
2fZQIJew3nkNe99s2PKzul,64
10GJQkjRJcZhGTLagFOC62,65
3OtMnyUaiipcAT23A8liyi,64
4Ro98RCK90oHqqSZUnTFq5,64
2zFF6jG5hQArbzcXz3KUWk,59
1u8c2t2Cy7UBoG4ArRcF5g,84
3QGsuHI8jO1Rx4JWLUh9jd,86
6ZANrVuAMp2rpjhfbOuJly,70
3e9HZxeyfWwjeyPAMmWSSQ,82
5jrdCoLpJSvHHorevXBATy,75
2DpCdPMg1BADE4HDnxt3Rd,0
3E7dfMvvCLUddWissuqMwr,81
34oB5r0lcN3fYWCs2uA1k5,63
5T7ZFtCcOgkpjxcuaeZbw0,76
2cOUlop2ZakjOKe4WinesN,71
2qT1uLXPVPzGgFOx4jtEuo,80
7fa9MBXhVfQ8P8Df9OEbD8,73
036GQb6SETOJJG8BxJTNxc,48
5EbX5xL3O2xT8FxCpYzgUO,60
6QicTxeiSaRkPnkGDUvYOs,54
3qRHCvn70YpVFFkx3lrAYf,0
0lYS1tJg3r6ATe9bRPB0Hu,61
0tBbt8CrmxbjRP0pueQkyU,76
19hh7DkfRBrpRGYfKlw7jb,58
59mrqUmhpmcfUns8BKkV30,52
4RCWB3V8V0dignt99LZ8vH,80
7xoUc6faLbCqZO6fQEYprd,86
5uCax9HTNlzGybIStD3vDh,86
2MfOcbtgz2yTsiznFmVZUN,67
49FYlytm3dAAraYgpoJZux,84
3cfOd4CMv2snFaKAnMdnvK,79
7iyKbBjb2fmTnTfCjCh7ER,48
6GzApXoBQiiAjak3tOQfV3,57
3C0nOe05EIt1390bVABLyN,82
0kzw2tRyuL9rzipi5ntlIy,61
5YhAAlelWek228jZzxgEfr,44
3KkXRkHbMCARz0aVfEt68P,82
24lMtPOCzP5g4hrg3NklLa,0
0mUyMawtxj1CJ76kn9gIZK,76
6e40mgJiCid5HRAGrbpGA6,66
1qDrWA6lyx8cLECdZE7TV7,82
0aOluBqXYd0rFSCsgDyAWX,60
6tXjP6xgPJ7Xr1igrO6bOE,2
5XsMz0YfEaHZE0MTb1aujs,1
0qcr5FMsEO85NAQjrlDRKo,77
5eWgDlp3k6Tb5RD8690s6I,1
7uolkTLavH97itenLjNmx9,0
1awcbkmzafwSmo0cgyMFio,0
1HNkqx9Ahdgi1Ixy2xkKkL,87
5unfeZUhKhICP73CDYBW4N,0
0TDLuuLlV54CkRRUOahJb4,83
1sYSP7gKa5kdKIfhANfori,57
5Hroj5K7vLpIG4FNCRIjbP,79
3dYD57lRAUcMHufyqn9GcI,84
4l0Mvzj72xxOpRrp6h8nHi,78
7GCVboEDzfL3NKp1NrAgHR,0
3jjujdWJ72nww5eGnfs2E7,80
6ocbgoVGwYJhOv1GgI9NsF,85
26wLOs3ZuHJa2Ihhx6QIE6,67
5p7ujcrUXASCNwRaWNHR1C,7
2BgEsaKNfHUdlh97KmvFyo,79
1rW6UUZRQWW34j4zCQDkfX,46
6RRNNciQGZEXnqk8SQ9yv5,75
4e4fqjx0Izh4svvTef1z7e,70
0prNGof3XqfTvNDxHonvdK,2
222B3aljXx6fFwKmFjuBED,64
0gJvqi9QyASOCtJu99tytc,74
2U4tbK3U9DFdZvhLNagF5V,0
630sXRhIcfwr2e4RdNtjKN,76
6kls8cSlUyHW2BUOkDJIZE,72
2BWWsCwuHAZFE1scLyP6Qe,56
5BHWQ78pw9yIjIWa6p1z6G,8
1wjzFQodRWrPcQ0AnYnvQ9,2
3fuC2ffmtIWdmi86asWZj5,13
1BZquLvuXZMig4HCDmHCI9,0
5mGVGSGpyrR3FsFnYQTWyh,35
1ydmI439o0pHe0e2TLpHUv,0
7uzmGiiJyRfuViKKK3lVmR,71
5EnCFISDzoIMWMaicJxxX9,44
3DmW6y7wTEYHJZlLo1r6XJ,78
0AkQbXGN4KG34TS7xLrM68,6
6mnjcTmK8TewHfyOp3fC9C,2
6aGjEZ7kq3YXgD0EDt80O5,1
455AfCsOhhLPRc68sE01D8,75
3MFQiTzOI5txaTQlybipNx,0
1mQRQlbf1nXbazPEuSyij8,0
7hFFPcCgh0IAW2lQSm8qyg,0
5zTzDqrEmseqL2G8ElgBu7,0
5jlsg7onynIipVy5krMaRZ,0
2fQxE0jVrjNMT9oJAXtSJR,76
6epn3r7S14KUqlReYr77hA,84
5YY6Z7YnjGOPxYy8ooZmLC,38
1Vk6binioVDRup8aSqS53T,0
1rN55j78K87LEfRKZsSFYm,50
4JaLkM90MJutDAl5jD9BZX,69
6SjCa7LhEpPNiCxe3bLln4,55
6kFPBOtSOIlrleJNkZ6ESF,1
00OKDIsSQbx8rd5Al7fKNw,31
12wSL3tGk3MtbDEhfG7xy3,65
5RhxBpoCwX2vLBcSJzYa5j,58
2eKYRRrNhXXr7SSzE3X99F,61
3lGogNtjAv1C0PHCxe3oyj,51
03yWftlC0np4NshtX9RAUy,52
6DswnRwL3rihiXeTGYPZ2m,0
7gkqWcT5ClmJC6pjKNMrpW,36
3Ij3K23D4G2bceNtgxlmLn,40
33CRyMYBzFaiTfqF9aXjIg,49
4DTrKnvkHtwQN6kBu4XXIF,65
6Z0F3Mqj7tq1CBZo5qMlUg,64
6pwQEpLOlwclrsjgEOHEp0,61
37Q5anxoGWYdRsyeXkkNoI,23
4qexD6ObR5nzpFJNpvQxIr,0
2E3QWynzpQgo1PHsVIq7ao,0
6JnIPakIq3nMFwCmjuxixG,28
3bBknFVxhFjBIFX91HcneQ,59
7q0aQpiLv5tIsupcgQ3Ny4,0
6XcfKZvJio9Z0fQy11GnNX,66
0RAWnqcWbkXp5XJlTGH3Si,0
1N7Aep1OewK9diaN9WbuuR,55
1UqhkbzB1kuFwt2iy4h29Q,71
3U1TuSqHIubBA10cVP7Sk6,67
6HYjvr40KaQCZXdDv5vhrs,0
78QR3Wp35dqAhFEc2qAGjE,80
63cd4JkwGgYJrbOizbfmsp,2
6nUIkq1NXj5AUQwdrMwq3s,0
1jVqz3kYRpy9DTmtgJ4WwA,0
0FZ4Dmg8jJJAPJnvBIzD9z,77
5C5dJBpIYjqKjAsYRO6Ypn,0
2Uf5NuVf3EKE3uuSqYFCnw,1
68wQyJJHCqzpP4qygn3qn7,2
1wJRveJZLSb1rjhnUHQiv6,69
19IyokUbppHwGcDJOAfHS6,0
7dt6x5M1jzdTEt8oCbisTK,80
0NzPjQlqN0zsj3R4zwp5ij,0
3oh6SCCeLuXhFpEyepla6G,0
1O0JFJ4RCWcKM4DjB7h3Dy,0
2t8yVaLvJ0RenpXUIAC52d,79
5ZmkVc8fMPzmDJCEtn9f6z,0
75VUdLOrm9c5H1FB7dIldu,0
0PG9fbaaHFHfre2gUVo7AN,78
1NdII08SJOCkWIYKZ8wn39,2
3Ol2xnObFdKV9pmRD2t9x8,77
2xLMifQCjDGFmkHkpNLD9h,83
2tYm3tFCc8aXMlZ3pablEB,2
2IRZnDFmlqMuOrYOLnZZyc,74
6FyRXC8tJUh863JCkyWqtk,63
3Y3gChJoEUTqrtuqJCIPQk,55
4DvhkX2ic4zWkQeWMwQ2qf,72
3Zwu2K0Qa5sT6teCCHPShP,79
1etiUDkISHELzQGMY79ryt,50
5MsZIaCYY6Tsdph0LiB0hE,61
1mea3bSkSGXuIRvnydlB5b,87
53AuxddsgPSlqM619nJhSd,58
2LEF1A8DOZ9wRYikWgVlZ8,80
4gbVRS8gloEluzf0GzDOFc,85
7BrsBU0BAytRDvROM4yCbn,0
5VKSZDsidOFHrtlJb33Syo,0
4VgEM12OeaN3GyBV487Me7,63
5GorCbAP4aL0EJ16frG2hd,73
6TfBA04WJ3X1d1wXhaCFVT,82
6L89mwZXSOwYl76YXfX13s,82
0CAfXk7DXMnon4gLudAp7J,84
1DqdF42leyFIzqNDv9CjId,71
6Ac4NVYYl2U73QiTt11ZKd,73
5IMtdHjJ1OtkxbGe4zfUxQ,75
7ewT0nLFkMD8ONbRibePr9,64
5PUawWFG1oIS2NwEcyHaCr,69
4qSsjDGXplb6422X2INvFW,35
1zB4vmk8tFRmM9UULNzbLB,85
6nTiIhLmQ3FWhvrGafw2zj,82
04aAxqtGp5pv12UXAg4pkq,82
3Te8uLyit6X3ncNW8Fp3K2,77
2iUXsYOEPhVqEBwsqP70rE,82
6N0AnkdDFZUetw8KAGHV7e,60
18ESXa5mEm1V4Pkt5GSXWx,63
00qOE7OjRl0BpYiCiweZB2,71
35k31HZI4z9PbBOioaI4dZ,8
4CJVkjo5WpmUAKp3R44LNb,3
78lgmZwycJ3nzsdgmPPGNx,78
64yrDBpcdwEdNY9loyEGbX,76
3kZoay4ANo86ehb6s4RwS9,69
67hbP9PFQZrb4XZc3TzB0s,68
4356Typ82hUiFAynbLYbPn,84
4DMKwE2E2iYDKY01C335Uw,78
5WpNa4vUaruzh0KISY4NkN,46
46RVKt5Edm1zl0rXhPJZxz,68
16Of7eeW44kt0a1M0nitHM,73
2Z8WuEywRWYTKe1NybPQEW,84
4G8gkOterJn0Ywt6uhqbhp,73
7s0lDK7y3XLmI7tcsRAbW0,62
3znPiywA0q1VK2jgAZFDoI,64
46Kcradxrva9Dny4lHU1b3,63
6Qn5zhYkTa37e91HC1D7lb,83
7HGTkn2aX7MNdKs7nV2xBt,5
7LcfRTgAVTs5pQGEQgUEzN,75
0IkKz2J93C94Ei4BvDop7P,70
67wABU4SjBlnDHB0KiU3HL,47
0PdM2a6oIjqepoEfcJo0RO,74
0gV0Ogr3400hgZrWOG7Di1,0
0upLyFR8Rr52ZpMp5esQoq,68
4aVuWgvD0X63hcOCnZtNFA,82
43eBgYRTmu5BJnCJDBU5Hb,64
0PP933bHgvV0eD19dG3ms5,1
27L8sESb3KR79asDUBu8nW,75
4BP3uh0hFLFRb5cjsgLqDh,82
7azo4rpSUh8nXgtonC6Pkq,63
5qFPs70nZD1fQZOi7u7cIZ,50
1Mxl69ygEVGdc155dYiHmr,42
3ctoHckjyd13eBi2IDw2Ip,3
3KYiA4vq6RPO1dE2XROXd8,2
66S14BkJDxgkYxLl5DCqOz,69
7HX9f8AMBl0vQxAoAzLqhS,57
6t6oULCRS6hnI7rm0h5gwl,69
0i5el041vd6nxrGEU8QRxy,69
3528IXKpbb7OMjdjWYlbfD,49
57bgtoPSgt236HzfBOd8kj,87
1fBl642IhJOE5U319Gy2Go,73
0XIvZ82aDF7JiSi3ZE320u,1
71SvEDmsOwIWw1IozsZoMA,72
72ahyckBJfTigJCFCviVN7,75
4ECNtOnqzxutZkXP4TE3n3,4
59CLe8stbcx4XYBWdsfbwK,71
2xYlyywNgefLCRDG8hlxZq,2
49rpdsNYJirTTf6p6mMvag,25
2bL2gyO6kBdLkNSkxXNh6x,83
7M68YTelBnT9P1eO1idOOs,43
3FCto7hnn1shUyZL42YgfO,65
1RwwmiVtLAtPmxAqKVfwgG,41
29hBRadFZf9QTGRHZmxm65,69
1hlveB9M6ijHZRbzZ2teyh,11
0YPXkQthLWrhNGoKTbwCJ8,64
7hQJA50XrCWABAu5v6QZ4i,75
1QEEqeFIZktqIpPI4jSVSF,80
1OOtq8tRnDM8kG2gqUPjAj,76
31AOj9sFz2gM0O3hMARRBx,86
5dRQUolXAVX3BbCiIxmSsf,76
5Q41NLTmGbVPozwHKK7bk2,4
08mG3Y1vljYA6bvDt4Wqkj,85
0J6mQxEZnlRt9ymzFntA6z,5
7DVzPVfsZsItLxOBPrz5Hh,40
7lQWRAjyhTpCWFC0jmclT4,7
1D2L6MefbXon28PzIk9I3r,65
59JtQ8mThUAnRGValaExhc,48
44anLRFhwsFuwG5T7JvOWY,0
5cInnHweXJJrRsHxwihgkK,32
3CQqY9BxLZE6HmieR7fvNM,43
3MTk8zTFCHgMei64ycr6GH,0
7sJwGtoWgkVRwzujlyT3cp,0
2hZX3Q6LFqTqfKowIthBhE,20
1jhKwtdCZ7qFoTYTtZQxxB,0
18nA47glcIiZkFJZXghTnn,0
6ZahaGPhyiXTi1pLEtGM6e,52
12wAQ0HNbJWVrVJA3woXDb,44
1ydOxBgLmEMfWffu6t4H5x,42
4IhKLu7Vk3j2TLmnFPl6To,72
4L4c5BHrDWFucpAv8uO1kr,0
4NfXgo4x0UACKhLL1RkTnE,0
75ylrnob5O80WTKi9ugZ1Z,49
3j6UBmJfSgecyUA2yXQF4M,0
1qbXrxctv75pm1lWCn6Zw3,0
610Al36tfn77Ywq226UZ59,1
4ccKliPoo6GU5qCVbss4rt,22
6PFyGdWw0qnstR8KJAWrrr,58
4ghhaqVoXMuoruwM4PfJl5,0
53HUxlAstNtpgKVU6VV2JL,0
06ZIzHhJFWf0mDyEylIPf0,23
0lchLc0vSyRRqKSPIkFtJI,47
5Dppch79zXwS5tby41izQM,0
0cVaY6PNGxCPi1gOIapr26,9
3mTEYjm3kIm4YzJ5zxJZjs,54
4I7JZeUvLMf83q6qIztQB4,0
69XfuvMn6utux2Qd7uSyrA,1
6Fqt1uyiOdKrCCR3mBSGTy,0
3kE5NmMUCPLw5sbWxUQToU,21
0ruIkQUmeazYSLkoNQOTJv,6
2uN2mZSuco0qklwUJgvwwd,0
2y3urHFZrNxndGp2tDKgoG,0
4Kfz0zXPH8VcZyqKX27xQU,0
6IeueXSreqvmsS724iNuZQ,0
2dgrDGAgqmV0bPKKz7sWld,28
6yWj4eeqBg8krCLRleanPG,0
5lBP49wdNHz8eMTIbi3bfb,36
587KkUDbQ0XHigC1fdFOFk,28
6USr5TbC0KUgCgj540HWwS,13
0ulX0SQ58c1OGrwya6AnRB,38
0qBug5X3DaJv2zgXtp55wn,44
19BYIOXaBbcvnJYNWKRwqN,6
3IpYb4BekvsgmZKwI2ZDu0,0
2deLi2PFpCOYv68KuFmiFW,0
77o1HdXHm1hLd7Ebe9ygd0,60
6cjSh516BbrNUs213jDAGm,61
7hJCwbaLSp0cDraXG91oAW,0
20JtELGPfOAMq7FpUt8eSM,0
7KQ8sdFIWCCDXIcQDEeuzC,0
0BlcnJ36zeJTr1wn2OCYnt,34
3IqwOIVNLdBs7av6n8Plrt,48
28z5NTRP3n4O0zkZ5WY2sZ,32
5jR7e3KPKVq54PC63Bcgky,24
4PMLEEYw4mblYsPlDSHKyu,47
37ihcbpKwRGlZqmSeLx0Gx,0
4JV1uisNtkANI5qsIv0k7n,28
0rbUh0I28jFr3uXf5MOXEU,0
0UFIw542loJPZV4q8pFqdT,0
4nKVDs33yIuL1OhOBfzH65,12
0QNmyQRKrAZ15vdi9QUnXp,0
2x3HyOx0Jd9MnlnAQRtIL3,0
5IHtXUJu5Wqu3vwsjSzWBU,0
3eorMV6czNJXcThtrtVpxf,16
77OweUKV2752QnHqq9mMOE,0
71Y7iZlkbQU9dyflFPJDCO,0
7w8ny8jC7EtDyl5g35JmZX,0
6FtCJnJB1NefRXvOTOPsop,19
3zjw3EZfvgjuR4AQhVlNq7,38
1MijKOgtIl3uK70qYrZnoy,34
3KZbkri5QEz6VUUzk8PrgF,9
20hGTzgOu6U8WPgYg9AtXr,0
3GRSqlALWISqLeNncZMbpX,0
3AHqaOkEFKZ6zEHdiplIv7,48
7EGAB9F26KVQ6TQCy4G6eW,7
1xOk2APOzMfBBGUpMIUgve,3
6k0eaZimYD82ZfYXxg9s9E,23
21Inw73u4UXeKZpdjYNvZz,0
7ojcE2P8pXoM3lB5DG5iTy,1
1xNJMrHwYGKX4esmYxkPUY,23
478J9iKJwF4ZGOFYEYz8s9,0
3I1dBcU36DdnR9cjK0li2I,0
3Ae2o4djhhgBJ7R1gkJpZv,17
1aorpj6PO7NFDjWwDF8AG3,1
1F4d5gMbJu7JIINZUqRnS6,4
06wxsDleir1dIlqeNv6m2M,0
78yJRJeR6frnaW4C2UdrQF,17
0MB1SdL3rOWOchIQOSOmAu,0
5x5JM1BSB6vollcIzDocqT,75
1YaVmBh7EAeR54FIjuFcb5,65
6sDP4912wjwB7BJhbSnjS1,6
0SiywuOBRcynK0uKGWdCnn,86
6FB3v4YcR57y4tXFcdxI1E,76
6naxalmIoLFWR0siv8dnQQ,82
45hOioMDJktr86iKDHC8gr,76
5InWRmnfgjVwQWoXHNBATu,61
4LyvsPgJtjUQQtw0FJ6Jys,45
2hrUO4drrO63i7FYbCLBl2,79
4w1lzcaoZ1IC2K5TwjalRP,80
37f4ITSlgPX81ad2EvmVQr,74
6otiaV2fagE3s8IvP6WkwG,73
1JURww012QnWAw0zZXi6Aa,62
6SpLc7EXZIPpy0sVko0aoU,76
0M9VqYG0wVun054JIdwFO8,59
1QV6tiMFM6fSOKOGLMHYYg,85
2OsEJFTfzfjG4oC92cuP2c,65
6MmGGt46TqCOVFHuahd5Ai,0
3SMxd9vNy41n9Xk4UFw36S,61
4bb2UdCvi9LynD4rWvE06T,55
6YoYLN155MLavQcl3bHmvY,57
4PFAm88FBkY7IFtvCaGctZ,71
43H3q2NWT9LCuYS1B5IUvV,63
0KztjtD3ytzgYjUKIVfBnW,53
4cluDES4hQEUhmXj6TXkSo,84
3DamFFqW32WihKkTVlwTYQ,79
1hGy2eLcmC8eKx7qr1tOqx,80
4HlFJV71xXKIGcU3kRyttv,82
0qOnSQQF0yzuPWsXrQ9paz,84
3S0OXQeoh0w6AY8WQVckRW,81
4llK75pXNWZz6KAho2Gp16,85
386RUes7n1uM1yfzgeUuwp,80
2CEgGE6aESpnmtfiZwYlbV,75
7lWUJpax919G4JdaFEVmCy,67
1lkvpmrCaXK8QtliFDcHBO,72
0K1M6vTh1VvhwtGgQj3uNq,52
4Oz9NAlujs00kYGL4WTUNw,44
3ZFTkvIE7kyPt6Nu3PEa7V,31
6VrLYoQKdhu1Jruei06t65,70
6M6lsQB4OhqL41eld29PeC,71
7xWbvQCz53GlVL4xSXKqPy,0
4g3Ax56IslQkI6XVfYKVc5,1
5u7JGFtQNT0Zj7TOykBS7s,0
2WfaOiMkCvy7F5fcp2zZ8L,87
7723JnKU2R15Iv4T7OJrly,3
6HA97v4wEGQ5TUClRM0XLc,2
1eRqy8jW4ZLMJR6dl3xsgI,0
5QRAfvKPyQpwt897Jc0glg,59
4FP0feSGbkdt7DfT6YTM69,0
1TfqLAPs4K3s2rJMoCokcS,84
2WpCr1ls4bjL54NAcN5DAA,53
0dCr3qIupWh36ilLjRHi4P,1
0b9oOr2ZgvyQu88wzixux9,67
2ypT0w7jeCwcEQQvNE5o92,1
5OMwQFBcte0aWFJFqrr5oj,2
6RX5iL93VZ5fKmyvNXvF1r,72
3JA9Jsuxr4xgHXEawAdCp4,83
0tBRo4P60DgKmg4jt48upm,0
3TjgJxFacZYhKorTBvL1xf,50
5bPvKo7mH5ZETLSbdP1oHo,0
3B23etXBXxq1aCmFB8dby9,47
0TwBtDAWpkpM3srywFVOV5,80
6YZdkObH88npeKrrkb8Ggf,68
1dzQoRqT5ucxXVaAhTcT0J,84
02XnQdf7sipaKBBHixz3Zp,81
5P5cGNzqh6A353N3ShDK6Y,1
44XBLYMVEt5vJcb5qXfQ7V,0
70vvnTUamBXOc0vRk7BBDu,43
2Y2ud3awMZHDxOCpDebiv3,2
5BoIP8Eha5hwmRVURkC2Us,65
5YuZQg9r1qdAgF86TnrIHy,0
7pNC5ZIKtwUK0ReSpM3P9f,67
2Oaq2Q6JFS1xIXGL9TVryY,54
5vlEg2fT4cFWAqU5QptIpQ,68
6G41AeVgQkpvEbTxN5fNkW,0
636vdFAufIda3oSxnafrDI,0
7LqjznQwfrax7MjQXmxqdQ,69
3twQx3psUMJKj4wna5d1zU,38
76P07ei8drjrenqtvDbefy,0
3wPPWcVuinAU7dXcJXtCID,77
1sfHrhNl6yvVsPlbh3e7fg,32
4J4fFMrP25pj6uKOyTIpcG,0
1waTVUMM4yAMG09Z1kw9LU,0
4KuS9s0fuqLznp9AJTqTm7,52
0SmGNsRrydgF19xlWl1UpB,0
7lMolzqOLrv0J0R8yjy1cU,0
59h79itmIRXyUXemC3z9Hf,0
2MDEiwNwrXkZzx0LRjcF3g,0
4m5n2dnmOyaMJhrivbJWRt,41
0idc0XRnLRovVqpWnGQ6hC,1
0tICYNayWWhH9GPeFrfjfD,2
7ltEDsGu3Zggmpay2RFCOL,0
3ybxat8TsO193VjQKjo5aM,0
5HFPfp2p6V4pycGKaIMlIH,0
0Dtwxkkn8fJKtqtea7fd1C,30
67lnQ6r4oWKZcM8VxSwHq2,0
4jLjklc4xQOqKH4SCWFIfj,16
5rgy6ghBq1eRApCkeUdJXf,80
2NjhV99ncY4A5lSkTHvTtU,58
2SDx0PooHZI1SQKR0y44bs,71
00lNx0OcTJrS3MKHcB80HY,0
22wKQbMH8n7wZfso2VcLJL,60
69uxyAqqPIsUyTO8txoP2M,84
61dCUoMCg28qEBzrW6htYM,79
0XzkemXSiXJa7VgDFPfU4S,3
3RiPr603aXAoi4GHyXx0uy,83
3dhjNA0jGA8vHBQ1VdD6vV,78
6nek1Nin9q48AVZcWs9e9D,85
32DGGj6KlNuBr6WaqRxpxi,0
7bre6yd84LZ6MFoTppmHja,0
3fCicSFX1SFnFK8sfRdArh,0
7ujx3NYtwO2LkmKGz59mXp,2
0zMxL4BTjSqCsUtfdlcL8G,0
3gVaOBlP4CaRqfUttZ4Avd,0
5hsA5ceZSbJcb0JKrIIHEo,0
05bXOQTUxou0BaZ6XteJo0,0
6rZssCJPEdQnyeEdNLKsr8,0
1vffte5WTHIik37ePfJdo4,1
45oDOw8InylWBtszEH8pWm,0
4qEwtfyeCZkAsqLIkSFxO3,0
2WRFD9WczJ975X2K1Y9YVs,70
6kwAbEjseqBob48jCus7Sz,79
3gNNXc7GUgKRPR15W77eDR,0
6CO62sXA0V1JhdgE7E2VeW,0
5afHIkEcVhCF1Z1CTqMUXB,2
085XpQzAKm4nAfcfRp2get,0
7FESgYLcOufHqKlwrvJN60,56
1WGUqMaTj8MN7QYZErtsVv,0
0xOsIqxmLswEsKFGLwE5c5,0
3CRDbSIZ4r5MsZ0YwxuEkn,86
1n0VqMms2yoTGVvunXenQA,35
76cy1WJvNGJTj78UqeA5zr,78
2K87XMYnUMqLcX3zvtAF4G,79
7JJmb5XwzOO8jgpou264Ml,87
2P91MQbaiQOfbiz9VqhqKQ,3
5cF0dROlMOK5uNZtivgu50,88
1JbR9RDP3ogVNEWFgNXAjh,49
6gj08XDlv9Duc2fPOxUmVD,64
3W3KtDwAIg3mAruSpnfG3Q,70
3eng6TJxpqjvDkxRpnfnhB,61
0KKkJNfGyhkQ5aFogxQAPU,89
4NiehSBQthimPzRsVeOgCT,60
1rqqCSm0Qe4I9rUvWncaom,80
7F9vK8hNFMml4GtHsaXui6,64
5Z3GHaZ6ec9bsiI5BenrbY,82
6ie2Bw3xLj2JcGowOlcMhb,76
13P5rwmk2EsoFRIz9UCeh9,73
3BwR5psKNxcyqWoc80eOuq,43
1NEV2pt7AJSHWadhfCZ48t,0
1CQ2cMfrmFM1YdfmjENKVE,72
2NjO87HyT80fsgejd3PLYW,65
1RGcxEKlVL5TSMHqV13etr,35
1mXuMM6zjPgjL4asbBsgnt,70
6tS3XVuOyu10897O3ae7bi,75
60XMmxciP1qewvkcD16qKQ,42
732x2Fy6jbt7qC70Zg463q,41
1DfASEEKVByFKTgCArlkS5,40
4rHmKlFRiFzabiVO6e9w2e,71
7qvxFz3JodM0A7xEM7k3YD,70
6EzuVdWmzgOBmqHpzbbzfQ,44
7BZSIG9TyowrVzSdZJpmeI,42
6HtHyWKAzwFwrSnnTunDMl,35
1e4rwBPVI32vZtTJu7mJ4J,67
3tqwKg0W8XfYORNrP4aIhu,47
5SwEgzUFDHwpWHKrbnP32Z,0
73ucpKq91TuejrLHgzDNHK,0
1ChPiAIS5RGNUQY4ohyfXG,45
5sT3app9Wcu4FAGnNs9oZR,48
4wZqeCVR3fwS5MFoRtAnia,44
0Tf9Mwk7DwysEajSNGa8n2,39
6NPK12AruoBw2PPBQuku95,34
14msK75pk3pA33pzPVNtBF,2
1xWH8zYtDeS9mW1JJG23VZ,66
12WvaS3V4dPRBU2o37vX69,43
5F66aRuoZMrrvc7U7eTR1y,38
02Qo5DFgoGTiBGo4ZUvjXm,30
1rNNOKF4kiaNmdkpIKNsvd,30
4uTvPEr01pjTbZgl7jcKBD,65
2vdBo4ALPYbHRUPKgtE5iC,70
4kV4N9D1iKVxx1KLvtTpjS,75
39LmTF9RgyakzSYX8txrow,69
7evPpWWu01Klxi0KlPxR17,0
7CKR3FcBqSsGcgce0ECe1z,49
70khXICDeTTxgYtw3EysKH,70
2uNre8fPMLoYIVj1P93qVE,35
6euozmIGRL6aVin2ksJEJ2,31
2adTfABiJJQpZWlujYO3Qo,59
5zZJ9yrJw4bxoPTLoRXfIl,44
51NrdlQOSTeq0d6U7xRKsz,54
1UtGcsbiqHtzxaTe3OgvlG,49
6ItQEfwYvHRHABIiPBL5N1,46
5vTPxzm4h2bY9rYyVrGEU5,69
2Bs4jQEGMycglOfWPBqrVG,83
6LoQHIo74tOzQ8EsLEkhgF,71
4pbrp5dxpqjfaf4GiS6YuO,52
5qgAvjSTbjkTfICvUMH9WS,37
6Pkr54WuIlay68ljfFKpwe,30
7krtdt69mHq3MNAzRDpep9,0
03teNQu8rWlFnNzF1ULXIq,50
5ecZWU5uQOiCVSnPxBZNmT,61
1YekSxsAlGlYvm9zjLsKdh,66
1nIDYHvLaZnD5lEf66SH80,42
1GBknQ67DCfKTPms1dw9EW,1
4EnwhEyuVrC1CgvSur5YL4,64
4QjtDLNwfcniKaGrQNOtlZ,0
4Xt0OKNJtbyqx5GEX2XpVF,47
5e3UWcbvTaF5CJWu81MqlQ,64
75a5fcQSduYyC93gXtgGhk,55
6gDPf8eJIRQ73rUktH17P3,52
0IvaxIhE6z3QGtQZoDDfFl,35
5eEmVNuqo4oKDh9MDeCAmt,51
1oLcpJA9TfwwejiEM9C5gi,46
74tQaH4CxM5Rs9BzerEbHr,64
3RuXekS5criwismaaj87iF,61
6p6TjiJHc1kJQt5dXzkdrs,61
0oo5zVjH4CyTsm5FctRlnL,26
7smCjIc7MoUM4ay55LQrdu,0
6jyXQ8HGI7ikECGA0670uo,60
6SyPnh5ysbRjmZHIlOKp4r,53
0Jcnr8HUGQdaOiSkqpdEKX,57
29j9n05zrPl5ZXwfKiA0Jx,0
2desihxwutc3Mfjb0dRG8y,0
3cU2wBxuV6nFiuf6PJZNlC,69
18vVJsD68uh386vlZWwO3d,55
5avDeYm5YWTj3xj2ysccWu,29
0hOAqVCzjzNpZgZZmt30HE,17
1bFY36a62kXGJqNcN5aJkW,61
1Owj3xBILXYdVfSXp23EL2,46
41JVdEgTBhLaTc1Vca5pFy,30
6B7PtnEt7ClcEPtNv1kNoT,26
2yDmQbe1no8CHP386Oltyl,41
5hK2Ks25jW6aMmUAHpAN3F,64
5gXDkRhBRe29vJeafMPNlM,45
1mRBJdpIgc3jZH8C3cN2WV,72
5lEsM6qpuzuZwij6jIZPvP,54
1r299qCKBLgUS9XJ9m1kEx,70
6ECp64rv50XVz93WvxXMGF,87
2ihCaVdNZmnHZWt0fvAM7B,82
6cpk00i5TxCqSeqNi2HuIe,81
14iN3o8ptQ8cFVZTEmyQRV,76
1nZzRJbFvCEct3uzu04ZoL,74
6wJwkMo278iWVlWl1XQ4WA,73
6T27IN7Ai94BeDv6PPCmoC,71
2fTsFCKRFQ5M0igJgabnLA,78
31QRCKy7JIwPBaQl9ArGBz,49
4jOtC832PyIXlCVPRElfQu,0
3s4U7OHV7gnj42VV72eSZ6,74
3oDFtOhcN08qeDPAK6MEQG,71
6jizk5lOUnfpaZXYMdfeC6,68
4XmzLwV6BIiJJci4O1J4pc,0
1NkwZ9TnIs8js6G0M6M7RU,61
02pf9lLM8Nb8l4u4ts1GWb,0
7MXVkk9YMctZqd1Srtv4MB,90
0VwNdo84DaVYLIkbVO86ND,70
6VrAgFXBbRX2PkT92lAoKK,48
7FYH5AW3bVfZHJIQpq3UOA,75
60nZcImufyMA1MKQY3dcCH,80
5GXAXm5YOmYT0kL5jHvYBt,80
0UQAkAVNk3tubJYlOHyG3q,49
0pwYLVXVknPSGUQb39cePC,68
6ce41JVa6KFaryfmC2bu2W,65
2GgxS8bUT5G25QJTsfSv0R,65
0Cy7wt6IlRfBPHXXjmZbcP,75
72C7aUQECOhNtnD0AC36ua,0
7Lf7oSEVdzZqTA0kEDSlS5,78
52vS7mJ0a70Z4uRCfl8SjH,0
127uq83uGFapbddqiMUKky,63
13plQdOoWSSXPRUSZc5FuM,75
2a1o6ZejUi8U3wzzOtCOYw,84
36JWGQRW85mJYLXvnryEzL,51
3zrYNl1aMdFrQkcOjKVr5u,56
7wMq5n8mYSKlQIGECKUgTX,80
3bidbhpOYeV4knp8AIu8Xn,79
7cWNahjynBEP4wuXXhU0m6,51
4YMqbFcDIFiCBd02PzUBcM,2
7mitXLIMCflkhZiD34uEQI,75
77ePeF9L2QKvKrSsWpJXBF,64
2iJuuzV8P9Yz0VSurttIV5,80
3LZWJX8I30bnAUv9IEP6y3,0
71vsEyBd4X1D5BUmLdFSVH,68
2bZMOs3RjmhhGca6MEzjyl,60
0eqH0ALoDQevq59YcQ53KE,73
1nAGuIZXz6vb8XW0xiMqic,63
40YcuQysJ0KlGQTeGUosTC,80
3bC1ahPIYt1btJzSSEyyrF,78
6habFhsOp2NvshLv26DqMb,81
4lCv7b86sLynZbXhfScfm2,71
6vc2Jq2vaGu8z326kSrw92,77
2HjSNjbx7XiFMmrRl3LirT,19
6tS57D4PHqnkbIN2LSIJG2,5
0HgIbfeOw6dLuGmPippTlh,34
2iuZJX9X9P0GKaE93xcPjk,82
5HOpkTTVcmZHnthgyxrIL8,65
6T689Jvh5KrSXyaPtUWZtQ,74
7xapw9Oy21WpfEcib2ErSA,85
1lgN0A2Vki2FTON5PYq42m,65
1V6gIisPpYqgFeWbMLI0bA,81
1ulXmqjktxSdrdT1bzc69H,63
6JY1IdkZGeIcPegKxjSKeb,74
0Ryd8975WihbObpp5cPW1t,80
5OCJzvD7sykQEKHH7qAC3C,78
1pKeFVVUOPjFsOABub0OaV,3
6F5c58TMEs1byxUstkzVeM,72
1P17dC1amhFzptugyAO7Il,78
0OwX5aROoW1Iip8FV51Efg,53
7BqBn9nzAq8spo5e7cZ0dJ,85
2oENJa1T33GJ0w8dC167G4,74
3avYqdwHKEq8beXbeWCKqJ,77
1Slwb6dOYkBlWal1PGtnNg,72
1z9kQ14XBSN0r2v6fx4IdG,73
67T6l4q3zVjC5nZZPXByU8,69
5NQJnRpJHRaupdegphntQT,71
1gugDOSMREb34Xo0c1PlxM,70
5b88tNINg4Q4nrRbrCXUmg,6
7oGZAicScQt96OAW4AruYy,74
22VdIZQfgXJea34mQxlt81,84
34ceTg8ChN5HjrqiIYCn9Q,81
1gv4xPanImH17bKZ9rOveR,76
5rb9QrpfcKFHM1EUbSIurX,86
0iYebKFUSfF72fUu2OW6ZT,4
6ebkx7Q5tTxrCxKq4GYj0Y,81
7LP4Es66zdY7CyjepqmvAg,4
5jzX4dWVQeBTtfBaXnMRt5,72
1ARJhjuI6TNYZCxYygFQ4F,2
06EL94D0TA27Ik0Ke5usbj,72
17tDv8WA8IhqE8qzuQn707,62
695iHg9s9rzNh1yk0YKk0V,41
7yXibbAYi4to5oQTeO738f,58
11mwFrKvLXCbcVGNxffGyP,81
1u0l8zWpQeMYStFkc2mLD7,67
5jzKL4BDMClWqRguW5qZvh,74
1gZ7i4qxXkHZb1r6eioaAP,69
2VEsmoek0sol9MnJFyoG9e,12
02jcEwywffn3Tsb48fXmlW,69
0jTTjg6q4jsd2RhuHwTvLj,54
635mzxhITS1xY3AVSLKgyD,61
4z4PB23xYTg1oANmyZovsw,59
7ijMo6K6uLdgJqGdj9H7nG,44
3LUWWox8YYykohBbHUrrxd,75
7uYl7xgDeAOHP98obvrJvB,0
2lnzGkdtDj5mtlcOW2yRtG,78
1d6KS9GH06JAd19uiBy9IE,73
4zP7ADsgJgHGY6VzxbNp1z,57
6GyFP1nfCDB8lbD2bG0Hq9,79
5O6pHvBKgAKX8FyhE6vwon,9
3FtYbEfBqAlGO46NUDQSAt,78
7D8FSBD6E2KT2DvRgMbycS,0
6h9pD79iUxNJxce6BBuuQK,0
0R2HfrviMaDTkM0u9GUXYV,0
0u7jABgfx6EHQHxpFOeyNS,0
6BwR8E925bOoGHFPS5tEOE,40
0RNZpZIzKcR0UOpxlXznNj,0
5yM5T514epudM57zi4jlL0,3
2vyACbL11HoiWTcA6Ri7wU,36
59njiesB9hjz0i9JRKYbkT,0
52AWuNH7rgcyRdEM0lQzPz,0
5n1vrINZxJdumoHrj73FXU,0
2DIz72LR20nQMxbamMMore,0
60zL77NbhjuCrbjqmaSHrq,0
7ACCDmXvdV7alpC7Cb0ush,1
6HwXuMnv69uBUKUjm66Kek,0
2B9xGEfOdM5meCXc2KM7Ij,4
7MKz0cVNK5cGImTwxyECkm,0
3EirtNjVMXgkR3zbrdE2FD,0
7842zYQFXX4Usx3HkSq4Sm,0
0LzkyidnSi4N2k4CVm9Jrn,0
3ZWJpOtUrMh67QRLXEkqGF,0
4qJ7uMWsNAKWbBB6w5IIlu,1
4nDgDOKfK1MFJymFNPwiDX,3
7lxw3IBFL1tzODZr3KFHa8,25
4VyZJLK6KWv2SYCYxCqafR,0
0MiVpeOfOLGgrEoxWzsaFl,2
1CmpcrpU2E5SzjxntU8KM7,0
1lrspG06rzOUUGpdX3DrN1,0
5o7gm4RXsakRzue0iRcAlv,0
1R5hsuowHJztnQE2lvLTJq,0
1NT0GM48rhAQLYXQbCj5oH,0
4e1PkxNMtK2BXBJBgzsNTl,3
3euEV5zHI4OBlxeGhtP1br,5
77BIrjVC4G4YRXUlc51Awl,1
6X1u2k9iPrVzspBwXgAXyr,0
5bqwpjoSR0rvWWp7QZuXfi,0
0e6hcK4XocCDoOg32qoSif,1
66xHLqlEzRamQdzlUouQt0,0
7r8rJ2J9JJcR7KE40PM6Pl,0
2GcFA2lRvsiq83UnWMGGeB,20
4V7yVMtfa4dHlnhCgU3TQC,3
5Oht1y0p7y0c1QMZfUg5Xa,0
2AY0DkXUfA4Q7YQJtEryJN,0
2BVjchpnuivyc9rG0macnn,0
4TWAV0boWqxniFSWjfXA7Z,0
068LmtzI6xJJDPfPnMje0U,0
3ScJy88F8KqGDfWu8XJhHx,72
40MkEbKzuSW9ET6HBngqnK,1
5knuzwU65gJK7IF5yJsuaW,72
1xznGGDReH1oQq0xzbwXa3,3
1QNoKVgA758HFLu3TW2q7R,56
6lcSHIwCOopIcW5cT5NXHI,0
5pD9x23lsoQr464mlmaKNJ,1
4Ce37cRWvM1vIGGynKcs22,72
46lFttIf5hnUZMGvjK0Wxo,76
3bT5PDBhVj4ifU11zQvGP2,1
5ndfVSDyPq90jaIUhNPeby,1
3NdDpSvN911VPGivFlV5d0,1
2HNcNd5RPZ7DSRNbIl6JsP,0
3cFsmM51N5zMAuu1nNY4Tw,1
0AKejOKlGdiB53QpwAeenO,1
1ssmjAYSU5PbmsjLq5yrNH,65
5IpKZbfJNefqY6nMejBHjr,0
19RevBdb9MKUaBIvxSbGd4,0
2Gl0FzuLxflY6nPifJp5Dr,61
1ox2Drazo4RGeEEA2COaOL,0
7oY3KqKUERINrawkzIqTgx,0
1FUViuNSldssMIawrOXF2i,47
5CtI0qwDJkDQGwXD1H1cLb,2
4z8ssgZfs5TzKiO8HaGWXO,70
6XOYVSmNDjKUNMXooU4s4z,0
6Alp0TKptNKc1vkdr8LvVJ,0
2CPqh63wRVscbceKcPxwvv,66
7nD9nN3jord9wWcfW3Gkcm,62
2Fjz5ZC5BvFdCqcnTZ3ilH,60
0JiVRyTJcJnmlwCZ854K4p,63
5aAx2yezTd8zXrkmtKl66Z,4
0fg8CqpjdojMyXLNzM2PaJ,0
3A7qX2QjDlPnazUsRk5y0M,64
0Oa9mHOnH14GZ4toWwkf4c,66
3eR23VReFzcdmS7TYCrhCe,77
79cuOz3SPQTuFrp8WgftAu,2
0JhKJg5ejeQ8jq89UQtnw8,8
5UJshy5HDHdNEVqlJwzsQB,56
2Oj5BXOY01EDuJhVYNlEoq,1
2Fn3coxd0xAZ09JtrgcgHa,0
11KJSRSgaDxqydKYiD2Jew,1
1sNSG13fsK6KPKKNIQXXrh,0
3Eid8tDXUjwPDXgWqKR26D,41
4IWAyPf1KMq7JCyGeCjTeH,3
16NOHRm0OEjmg55OZAxVmV,0
7MmG8p0F9N3C4AXdK6o6Eb,86
1gihuPhrLraKYrJMAEONyc,81
4mxWSdf71VFO52qFeY0fZt,0
2VoJe7vkKkigs7C3CGnSXL,0
2ZiDfw6UdzDu754cBiwgEG,0
0Vh3WTuakZ6SSwmZqyLqGO,37
2jghFigDjVie6Ogwt2hVGb,0
1NpW5kyvO4XrNJ3rnfcNy3,81
1AguHaKOuggrVTebp7cZEI,65
5WfhXulggG0c6WoVeMPA8N,1
0le79px2kIBXQDxUe8ZUGP,0
3D4QFgYa3P9P0gjmv4eX6I,57
0Wv5wuenRLI3BcwgT3HPIP,0
3w3y8KPTfNeOKPiqUTakBh,89
5OOkp4U9P9oL23maHFHL1h,1
6D5pfooPP6hi99RaXjkDsP,2
6BaCraQ9xeLYg4Sb9TBT2X,56
4xlrALxuaCf9yZBHJeTSG6,0
0W363qrIc4GwuwOqa0WAEO,0
2ZyTRSsgglwv1hyoZzX02Z,0
5ysBPkopQGiMIl6zDYGZTn,49
3hBBKuWJfxlIlnd9QFoC8k,1
5tf1VVWniHgryyumXyJM7w,79
5NetSTs4dgiR6GLrZOQcwJ,58
2bKhIGdMdcqCqQ2ZhSv5nE,1
42ftjU4cTN5UTRksyqBKZJ,2
6YUTL4dYpB9xZO5qExPf05,82
66hayvUbTotekKU3H4ta1f,76
1Qg9jWGDkKAGZXj5v2OG59,0
3N03MS9KHbonPzDQAZ5kfM,6
53Y0kdCa1CZ9gRqEuknfwy,59
6kyhJvTKWQzlcYywNZRDsy,40
2rPE9A1vEgShuZxxzR2tZH,23
1A6OTy97kk0mMdm78rHsm8,3
15kQGEy89K8deJcZVFEn0N,0
2rYyq0b3XWwmWl0k727OVG,38
2oljJbP2VVGt057AlH9MtU,0
6zeeWid2sgw4lap2jV61PZ,71
4OafepJy2teCjYJbvFE60J,71
2Ig1hAuqb0dsBJ20cRd6EK,28
0d2iYfpKoM0QCKvcLCkBao,72
0E8WJOFs2eWD67USh7C6Qd,62
1wcoDQxo1D3cUVS0JdCeWQ,27
6xtcFXSo8H9BZN637BMVKS,56
6rrTr2HEAzlpC4KWZxF3S1,53
5JEx7HbmvHQQswJCsoo9rA,59
47OVNnZJzIkrsEiZ4n187p,52
7wFybC8jBH3zE139OpCtpG,0
6MWtB6iiXyIwun0YzU6DFP,2
7y7fPt0Tbv7IW4NLjrIpG4,38
5mTJcvxRxq3uF5wUjjciDw,0
4BiiOzZCrXEzHRLYcYFiD5,62
1erDNx55IWAE9OYuBTRYgc,0
3KTVQGLS2np8dWe5s4F9EN,0
49ATdDBSasXb6wsHdrB2xQ,0
5lzHDkFLN01bKatvKQC0lO,35
3WDIhWoRWVcaHdRwMEHkkS,52
61sqsOPon94ecMskeEXwev,33
1t3HCpt49x27PE1uuy06md,39
1uru26I2JKd2mQZt0MDCUe,54
5sdb5pMhcK44SSLsj1moUh,50
6fZpcVRr45Z6fLtciswBBU,54
6lZe9DbvrcHZ3Ot2O9BPRc,40
4gnZPWL9c1ZunZuqc8Asbu,0
4XAxQKMOR9scxNT43lBGgL,0
2L1CvihtseniGV9XsDnNZj,44
7KY4hAPXXg9aeYczem8JBo,34
2okVT9JU7CLQKy1vtDcCo2,0
5600nq7TiBraBX2jobyJ3l,58
155EsNGoXo7XSVF84oTPam,0
2ZrM2IfZelBZMZoBq9y4kj,0
4qaa8K8DVVRR50Fnwugiil,0
6KQxGfOdjHMh5wT15t0gJj,0
4AhSkRYioEIfGvCV19peYN,51
7COXchtUOMd6uIT6HvmRaI,0
23OXdR7YuUBVWh5hSnYJau,77
29R1IMTTbDDA3VNlk6UEW5,45
7e4KQkp5ZR1gXCAalRjX6B,0
1gdMKFGWrI34ZTO8k7Hfg6,36
0cge96qsW6ifXppeiiRIGd,38
3SEupjP7CBdIoNPrFrMozG,35
0todbbT9g5uQGbeFCiBf2F,0
3Iqbhajo4nRQJU7ThH77Rt,30
2dLxWmivrCHjJbYAkVNFyH,31
09yhMTRqQ1I1dniu3PoIQi,49
0lG6QM1jjbbX5UUn3DPmrZ,64
2A06KcgNNc493lQELJypJF,40
4VUwkH455At9kENOfzTqmF,74
3u1S1OmAUhx5DRlLrXqyp3,60
05mAIVLkIWc2d1UBYZBCp8,59
2rZfKyWzXoxQe2DBlvZ2sP,39
5Z6JNzQNHrBFdi31XAbAR4,21
28nrOocj11pS0UVH2VM6b5,40
6LEdMwnQo6sZAhN5rTSQ9l,46
6uThor8zg7TzTFNDj5q0mO,0
38yBBH2jacvDxrznF7h08J,1
5SHhPFh68OhUmuRPymKX9d,0
1GxHeBvQ9935Dd3cSfsfBa,57
3T4UodGkfZObJ43RtA5KFU,57
67UemSl8cVyWC9mFKUEhJj,0
6AkFxZzBfyzV5RF7mGkASM,0
72b0ANL1ZiV71OiZRs0Lny,0
6tsOcBnaKgzK22yEiqRh8P,59
2AaF78iCWISMWYog5RnSi5,48
53hNIcq8OLj9OUNvQ4ulFM,42
25OE5Bx7Vjo3aVmQjJWXGG,26
4q0eobn8Fm4b3NLRUX7hIi,0
73CwTBSXNt4ORdXYD5dbUJ,0
7KxhSJOYiqCDclXDBNlFSZ,62
0HVj61S4pQJdQhgZP61G65,0
1uWqDjZATn502optPrBt4S,0
0DiWol3AO6WpXZgp0goxAV,81
6WLS56xiRrXjSm9RSdL3zD,1
1kiEueR1jHSW2dD4LSD6X0,1
3VAeTjREoKPY1exOXR4oBm,0
7lQqaqZu0vjxzpdATOIsDt,1
378iszndTZAR4dH8kwsLC6,76
06KyNuuMOX1ROXRhj787tj,79
0uqPG793dkDDN7sCUJJIVC,2
46NBoIAHrmR7qcUGCIFEjR,69
6lDo13SSgTv0WbyUQKgnjk,9
0r4SsYcwvd8URat6AS2m6f,2
2jfmh71b4cFtelf8KOJT60,0
0gb1J5UrTpzaU1s3nupgCd,66
6i0V12jOa3mr6uu4WYhUBr,83
7K5dzhGda2vRTaAWYI3hrb,68
4dASQiO1Eoo3RJvt74FtXB,78
0z8yrlXSjnI29Rv30RssNI,2
26rdOwwjC2UnweK3xeS58u,72
46THN9jjPWhSqFUu6YsBhv,2
02M6vucOvmRfMxTXDUwRXu,70
0JoaFxLgrqbWutREzcZBzS,0
7r15j439zkGhA3KRksbwuv,0
7pqgMEKsDMOHUdFQ7n0N9K,70
7KIbDUwumrpG5f30kEYW1v,3
4BHzQ9C00ceJxfG16AlNWb,1
1SgdUjvppHnIp6L7DZSnwc,68
31RuuWQ8XpyLNp5iKMyxWq,38
6eIacmhkE82vZlMDnGS7aP,71
4oyWrvyORD6uCSYCLSRF6W,0
17Fd6Yb7mSbinKG8LoWfFl,2
1brwdYwjltrJo7WHpIvbYt,3
2Aa1wE8ofs2tu59TOQrZKW,2
63CSozvYUEudPp12679UVF,73
2bJvI42r8EF3wxjOuDav4r,85
1B3t5xC2jzTgjDOwawchu8,3
4f3uZW3Wc1uO2cN4WJs5nu,55
6qVXkG01rBYGfxIndGOQ3z,64
6RsWqX8zABZLhZydXxEFOm,1
4kgsK0fftHtg9gZOzkU5T2,2
285HeuLxsngjFn4GGegGNm,74
7ks6AZmFcm3Y6PGGxGSmlB,77
5YHR8wBR5jXfGtP766NiAT,52
0SJPThTy7ynySPF4euczx7,1
3zHq9ouUJQFQRf3cm1rRLu,79
6OZh916QF8XNunWaP97WEZ,3
1UfBAJfmofTffrae5ls6DA,0
3rKYiySCDMUKTw5kGVVhaa,66
6UcTHiP25meOD9ox8Rspgx,0
2FiSTH0GYpIioUgjfzMIja,60
6s3GEN8wK0OMzzzZbXj0fu,67
4WjH9Bzt3kx7z8kl0awxh4,1
2P61EK6DMGyVyssLWS4fKy,66
7HW01sQy5UOxyezzZg98nd,0
4eLSCSELtKxZwXnFbNLXT5,3
3OwPSJu609AMzotCEyoMiO,3
5a7NdkF09AfD0H607eiOkX,67
2bRXehD283NioREYxlohc4,0
5XzmZjXhMjDHr7ZfJ6DELQ,1
4Y7XAxTANhu3lmnLAzhWJW,79
1kSfJ6FTfXou4dAw51xbc1,0
1eiDotla9wv9hYQlYT7YcU,0
4gObdragjvGLJgIaWE3SuG,0
0NiI7OybxWYrAtTTzKx9Yl,20
1XmOeniR3n1685OGZrXLtX,0
2LGxHl5fWiCTjkRv9vIGUD,0
0uNXGT1QyWLb9fyteWopRb,0
1OBD6ZyBF8oYm4PRHt42zv,28
0SibPl0V9rpSmaqx4mXzmV,21
1Km67XnxHrmFchlhwI7kKr,0
7sKMSfuvMyVNVwc3YhWifk,0
2HzMIJjLgXGbfSWzQlrKtZ,0
2q6uZVUxOUIoYTufzsiyHW,0
46SLrzs7kkBROQpgpWPOTo,0
3SADw9igVOXqZkvyrjfYiq,0
0mG5rhH4TE9Gkb1BHqahJR,0
4s9daMgGFI0uvCIygEnkU8,16
09Y1WTdCYfvdJegsPte1A2,0
0PZVhSVqZz9kyTHjPaMRtU,12
4OIUiGAPgvkfMpR0MDaaTi,11
6z23ntQL96zhacGOqQO87c,10
2qJn3uK8F2OQ7PyKGDk7AM,11
2sZG75vxCe2L2ReZPz48kj,0
49ET87ppwodJiY7TVafBDx,0
4m7NFWPPmR5Lk2F0KLDKUL,0
0QRSW7kFbDloM7ksDqWMjM,0
5Kfa5hAXdQ6YoK0eSJmuaB,0
5HOu1kvCt19iZsfO6VSalZ,12
57Xc3ZPLp3TPMxzUCOSmSc,0
1udmmE0jgD8xLIDW3Bb7Y5,0
2WlhuSMAqGiuApjY0XU5WG,0
2Bt71zKOpBZWPA5vhrc0E8,0
2y2sEBR4Jby9NYkh8Sqp89,10
4Qz67YCR3wSW6xf15x45aA,0
38rSSynmRf2kxslXKS50u8,0
6tDZTggJtaF6nwAmvmABEw,2
0dtSNgQP0hY5Ar5XvJ6WMv,12
0uQN3WSDQIRXHlAe7odEri,0
5mwDZftg2j8k0fKZGbZjVc,0
67LgNrbDlweZBZ8EtIpHgu,30
3BASVV5qZWarRhl9IhAiA7,13
5JtCyvuNSFF7p5y5rC0LLp,0
20KUYM6olLYPmbzLaGHfyD,0
2iK285C3qHKjlVd2sstkTT,0
4QVklFvCXMu4rLEGHJ46Ua,5
6bH8JA6yLDH5gAbSBKTvlh,0
5XMQVjropZM9sjmxCo2UnR,2
257netJMcq74uicLY08DNB,0
56BUKn55eYo6V5gqzSgmAX,0
43XPrpHjKSkCgVQgerQkvn,2
3WRQUvzRvBDr4AxMWhXc5E,67
500mvzh7TRZ0YdnVeHhj8b,2
3FWPoYBDserKdzcattMFGa,62
7crMiinWx373rNBZBaVske,55
6Fba9RZtC6vTY814JToDtP,62
2E01JGJGMa5gW1PmqAWYXG,45
0g5EKLgdKvNlln7TNqBByK,79
1I8tHoNBFTuoJAlh4hfVVE,78
6mDTcLsheIzu5tvaF25kl4,0
2KHGTpNTXeD9Z9GjaKTwAV,42
1ZXffPGPbWP81GL6J4c6jD,29
3PTao61OJ8S09gxWLsXT6e,26
1NHmcD7dVRn3RAB98wcgIa,0
1oIdcFtf58sZbS7QyZQJ2P,60
4scpF6J5uMBvoh6sFB7EL1,70
0tZkVZ9DeAa0MNK2gY5NtV,67
3P3pw6C19j31Rnzgo3JG7o,77
1louJpMmzEicAn7lzDalPW,64
6h5PAsRni4IRlxWr6uDPTP,79
3NuK5xMlSlB6K2Qp16zf3h,71
1A8j067qyiNwQnZT0bzUpZ,78
6Skaff5sYdMaqq7p3Cx2Zm,46
3DXncPQOG4VBw3QHh3S817,72
1SN1vSPsr4V4tIUTR3s8YW,73
0afhq8XCExXpqazXczTSve,79
39cmB3ZoTOLwOTq7tMNqKa,77
1wgqttlPacpvmX5DKVboOa,4
67YkHJvLYOR1mKdpQSTsUr,0
4coVboSNkToRTBRqxXk4vr,0
1e8g8Zypak1hTK8l12olYd,47
7zsXy7vlHdItvUSH8EwQss,69
7boPPE857KEqCIHNwFkDop,0
1Sl3njkhhz8nrSPZroDQ82,52
4B2kkxg3wKSTZw5JPaUtzQ,2
5NmENli4oodYuWrI0vSGK4,1
6ce17pZwsMcYNab5IaC5MQ,59
2rizacJSyD9S1IQUxUxnsK,69
3aLWuWKHaTV4Ok7LKvXRYn,59
2P4OICZRVAQcYAV2JReRfj,82
5dyDkXi1bnQKSyIdO0JXp8,1
0OlnLZY4cmQzT6ZGttvWBM,63
1CkvWZme3pRgbzaxZnTl5X,5
3nc420PXjTdBV5TN0gCFkS,66
2dBA6iMhxf29tkaHjiQzuq,0
3YJlTDtUXu1sGh8lunblkG,1
1zi7xx7UVEFkmKfv06H8x0,89
41Fflg7qHiVOD6dEPvsCzO,77
1NhPKVLsHhFUHIOZ32QnS2,79
6YwLgicpvVuMt1eE2OldwQ,66
6UW9S0skvWZ9PUvLti7aZP,39
3caMfJGFp53NAH2TuigdNj,0
0dA2Mk56wEzDgegdC6R17g,1
2dRvMEW4EwySxRUtEamSfG,57
1SBj3BmNJ5SNCoC0VtlR9Z,0
4J7CKHCF3mdL4diUsmW8lq,73
2BJiH5COSZTEmadUV1xRQ0,26
5NHn7UwIgpLQls7LhwF955,32
66BjcDhhwWCcQIBxHMpKXh,51
008MceT31RotUANsKuzy3L,15
5uImkHXfTLkNYwemtGH7kB,4
4Wnuuio7FS5u69EYM0mD4o,12
4pdPtRcBmOSQDlJ3Fk945m,3
31xtjNp79v34J5YLFUsVfH,0
6w1hZMlo2SVuq29liebhb8,0
6O20JhBJPePEkBdrB5sqRx,76
1aKsg5b9sOngINaQXbB0P7,0
2J0X46UkpfLlWbuCXFgDLr,61
3LxFqieGoMcJSnDVHokSLp,30
16pwlVsypm4aDKMhXdOuXg,58
4PdJSsESm34djLfBde9Pr2,63
2Oehrcv4Kov0SuIgWyQY9e,5
6HUeSTt2RaKYIiJrnjzaCd,0
5YdDUZDac60DEHfaGlGBIh,0
7pYfyrMNPn3wtoCyqcTVoI,82
16Cs9KsHzgunxaEfGrXysG,64
70cTMpcgWMcR18t9MRJFjB,7
5qxULZVAM943gPjtMaH5NX,41
7LpT54RUvN0IvDGIxiwHwS,0
55VzNhbcf0Gxf6qRCUAV01,63
5l3CML2OnzfNs5RfVgbcLt,72
6jA8HL9i4QGzsj6fjoxp8Y,64
5nUJym1qItTzwWx2zfSxUb,36
1Zr7O3ECzDlfLpF6XCv7wO,0
6nLctpnQJiPTxkaSgbPKiw,46
35HNMw0QuZdapDulrvLch5,0
7iORJqhbZUXC8WAXK6geT0,12
2Y0yBNDLT7BXPGRd96aBd2,10
5MFzQMkrl1FOOng9tq6R9r,1
62yjOWjA3tb65zgQWdFNx7,37
48nmKZkd67ATPI8ROOJhkK,0
1D3ODoXHBLpdxolZRHWV1j,1
1cG0umU5TKStygKsPFZ9pY,54
5edBgVtRD0fvWk140Sl21T,1
0Zxswuv5xzIhxDnsKJLq82,0
7L97R04c6ZaPlU8xSxibQp,44
4CoM21pk8SxQh4L7ijqhRu,26
5nASGGi1QarKyMmGg2fhaB,22
79GsUxLyzxgnN4I1E11dtO,37
1tAoLzNNXRabfHHzSqdk3R,18
1ljzHUgt2SU2ADkhfa9eBC,51
3HW030T8eqPs8wpsgZqCGM,43
3IJCSQoLF4YzPAKaxq2JLb,49
5al9is1AQnaI3lTi20DUG6,37
3JI2mIJto0JuYbrq87aFqu,0
5dzV75f9qVXVvdXLTqIG4L,48
5xok0LRntz8qY9ljEwPV9L,47
5eKwaeINlNEX3aMlfpmUtw,36
4WehxcnPTxouLdfQhqANb3,32
69vzkewKl2LPquyEiqD8BB,41
1GavpIO07KcErSjy84IejT,24
4t18Py5qQvK6DriDoPkPrO,36
06I6iDFVtZDGcRu9BgHraA,28
3dUMuxNadGxCE3qXuhCwqa,39
5ich6a21YmjkV62EHpQ90O,0
5zdljOuxFgbkVgVgOXbSIE,33
4F1ODe06Zg6i276BkNtkGg,30
4BDb93hwHyVwWbci7CzeDE,30
5Y3d8TTZXRfhrGGVoKAeNP,36
5v6suM7KET9x01oE8T1snC,33
0DgOmXeyDY7mMqcjelEqse,19
3vSQ77N9hFsXQDG9OqmEJK,32
40EUCFbvUNtqZSA6YcWlUB,19
3SOYvrYaTvK803DD6saJ7H,35
6hHDO5Pk0Dh8k3U0F7bdXG,19
3nbi8TqJu1eLHYWJefcJp4,0
4THeHY8ygdtjShn2NHOh0S,18
0S9xsXyJUk0MlUjWdFyKDm,29
5oE58M5Yvljoz1zUtQf1XX,18
5Ouiwst9S16DLzDinM0J4R,29
4qwD0NoxEl2xKbYxx2vhcg,52
1tSARQ02QRdFAkd4oMQNbc,28
24b8gSiQEgo1XFdwM04AbX,16
1f8qvpRcmCIDavCcgi2wFI,26
5cM2ZqITAAPPfTfs3s5Ngp,23
63ouCvRO1W9dpCl4D9Iotz,26
2YWjW3wwQIBLNhxWKBQd16,70
1pjvlYOMIg1NhGQbM6iwrY,72
6Bjtr3tPdto5nyuLYf61sN,73
7rfiXyFb5M9BqdkvKvVEiB,54
7LJkGyL4vVrtn1mho7BmtA,60
7FCfMXYTIiQ9b4hDYs4Iol,76
0VgkVdmE4gld66l8iyGjgx,80
2G7V7zsVDxg1yRsu7Ew9RJ,74
6DCZcSspjsKoFjzjrWoCdn,84
19SEn5eUuuixwxFPNtrq7D,37
1leXuBiWQMgbvOIIedqbLB,1
57p8CBvPOxrvyCbn6ttl5r,58
65ES1qwOB577ZnTkizMXJJ,67
6JyuJFedEvPmdWQW0PkbGJ,65
3UgSQu6WwrXfKKDq019IHE,58
2RpKh7kXSdO8NLrW9VQ46p,55
48bSfSZaq9Aizbu4AWn4st,47
08bNPGLD8AhKpnnERrAc6G,12
4EAV2cKiqKP5UPZmY6dejk,62
12mGwph2YzDIlChtq3EdXP,2
3ZbJMlEL4Kcme0ONRO7Slx,45
7fEfIU4ZVvB5Wb6xg2zcvx,40
0P6AWOA4LG1XOctzaVu5tt,69
5xcXVUm3JiXR3OAuZHqW04,0
1UZOjK1BwmwWU14Erba9CZ,70
6m3ZWIXhjoV76syT1j2oE9,48
3oZoXyU0SkDldgS7AcN4y4,60
1wTx8XqC5HnsppDY3sWWaE,21
3PmTsGAtqKSjWGC2J68wGx,0
2nsORFTaQPlc9FBqXuNYSW,0
6kK9Z4lWFzxeINjzcr90Nr,2
1hVb2D8BQCuwh1YPopmUQS,13
5mC4THighaz8No4EYw59ZC,43
4V8rSuUKDUK6fUukbr1Ah6,0
10APf4gHZ7oLusw6oBteLQ,52
48QmG1dfvMuYLxMPt7KSRA,85
4Y3mmrkY9ChgPGlOUvUhBA,0
7uSZPbd8DxdkmSauCKnITY,20
4AqH4V7PEC5BTK29FVmXQd,0
12VWzyPDBCc8fqeWCAfNwR,1
0GxQ1A5L9xnMOytbP6eKBG,73
7hDc8b7IXETo14hHIHdnhd,1
3AJwUDP919kvQ9QcozQPxg,91
7LVHVU3tWfcxj5aiPFEW4Q,86
4m0q0xQ2BNl9SCAGKyfiGZ,73
3O8NlPh2LByMU9lSRSHedm,73
4PTPZeJlK1rYlYr6bf11hk,48
1x5sYLZiu9r5E43kMlt9f8,75
2xmrfQpmS2iJExTlklLoAL,0
2LD2gT7gwAurzdQDQtILds,75
1pKYYY0dkg23sQQXi0Q5zN,76
69kOkLUCkxIZYexIgSG8rq,78
75NhhYjHO43mvZgYtnXgti,60
1CKtxKqyFsFITCH4SpDrWj,1
7kbTZWt7DnzIzbkyzFE1PW,66
5GayeBzzXIEl6fY0cP42Z1,1
5IZg7Ngm3CTOj9l00YSrt9,48
3H3cOQ6LBLSvmcaV7QkZEu,66
2VEZx7NWsZ1D0eJ4uv5Fym,71
5W3cjX2J3tjhG8zb6u0qHn,75
78RIER8V6EhrqVPOBi2GYa,69
78CKs2sQgviSRHygJHrhEh,0
0YvxEWGDqNacGa2RuPqD4H,0
3AuZWQOfnRt6xS4iAj9MWO,0
0SsPcietYXn1Mns3zpW4C2,0
6vYK729O29XnvQqPWyLPfe,0
07ABETRdek3ACMpRPvQuaT,73
3BZGi1yUqQyCNC868AqUGG,73
1K3RzyzlBhMzOZtR0yepeb,0
39lSeqnyjZJejRuaREfyLL,75
0ULPav7qqKTHn7vgi9v42k,56
0qi4b1l0eT3jpzeNHeFXDT,75
72a9JWKqJ8SGo0OdyCS12P,54
0ZfM5XfJTtFPhOxAERRnNY,2
0hrBpAOgrt8RXigk83LLNE,76
3dTmgecC7MCMbteWjf8Ls7,52
6uBDgLalRT3Ume0WyYae8f,8
1y4jsQt7MjnZhiD1L6qFBC,1
3bnVBN67NBEzedqQuWrpP4,75
6WaogiItGdUTm490XN4QKJ,44
5dW1VZPcFqB4n0P08rGDgm,1
3NzAZukAwo4cb6h04glIA3,0
68poZGRClFTzLdeRz9X0M2,0
0y1QJc3SJVPKJ1OvFmFqe6,84
4lYxJPxy3jMEADaFhtcWRV,0
53CJANUxooaqGOtdsBTh7O,21
3hENlPbIlUZXQ3MiosF87Q,51
2v5JTeM6hSmi5wWy7jiwrI,59
64pTtwiDSYx4Y8ozBc38jo,12
1MhWIYwoOZM8SWDKzdNrrL,0
4ZLzoOkj0MPWrTLvooIuaa,75
2R81XYNFqkLyemIxYb9aF7,38
2MaLYAd1Uy8284d47Aj6cz,0
62RSes0whPp11JG2lfQ3QK,0
7DtU5wN2b4dgOvcb5HNtxI,0
52ybDGOqIOFiV1Qr4lJV51,0
4KZmeozm1jZ3nr0zfylVqb,0
43Xz4flGpXV5JUc5jH7Q05,2
0bXAswe1VUws7gog2mKF8c,0
5UEmKZKhsC9SizDy7xn2lT,0
2PnFla1dCxZuMOUvVdW6Pz,0
1V8c3uV6p7uTsfQof5oRXg,0
79bj6j7yTkU13sFA1yNjzV,37
2xzqIuW15EVWvLB3yP6jkI,42
3Q3myFA7q4Op95DOpHplaY,1
4ZD0AEXiF152JlPZRj4mzL,0
1nMYtxDrONcoGnKRvxTwPv,0
13JyykwyYQ3T5QxxL34ukQ,0
1AKGJQIHP3dIPuhOjdxD6a,50
7jzldCBnJjpJM3epzJ85KE,2
6gBFPUFcJLzWGx4lenP6h2,85
1VJwtWR6z7SpZRwipI12be,80
5ln5yQdUywVbf8HhFsOcd6,1
4JuZQeSRYJfLCqBgBIxxrR,65
4sHR2dZb1GkdgLHS2zTxrm,0
7JAGL0wjf2lHoPUJ2oZF7w,0
5C0ivQMxes2lWuOANhvVAm,38
7MiZjKawmXTsTNePyTfPyL,77
0IK8y0vAO0sM630HsxwLht,0
0AUyNF6iFxMNQsNx2nhtrw,72
4KymXbJweU4DZGKLy3JR0p,0
01vv2AjxgP4uUyb8waYO5Y,65
1DkX0AcEDzuFeh4TEAl143,52
5HXTSRCFYcLtxnOzp9FHiH,0
60rSrsvqRE26YFruTLr0UG,0
0wErDMQQMhwO1DTbE6kpkt,0
7EJV4G8HLzJvuQjRGWrnqD,0
1Rpj9CZE7cGSXUCfiBf0eA,38
3iARls5EH6Q4fks2tWJStQ,0
2iLGveANIUf2UmYTKENlm6,0
00WIXhVVhswHuS6dlkScuw,0
3cuW0sgJND4ZkdN1m7m7Gg,48
3BtA1koBtnClfirgg4BpjI,49
15tmP0QsT9Vv8eQBbj7ZZi,0
56LYsQITV7nEggGBVuu846,1
68rVGSTnCiFOET9k5Vd8Se,61
4fc8mRy5dOvy4H6YiVXzKC,0
6Nle9hKrkL1wQpwNfEkxjh,76
3V9cM3nCH2G66afoDi0snu,59
7GX5flRQZVHRAGd6B4TmDO,81
3y6ugr45Zgutz2nHMKecyT,0
0rRjGruFonCGOt0S5zAJNQ,68
6TqoydI7ZJdRkwBgPYy7eb,0
6UVZo6UKUZC1J2KPP3IIwQ,52
5feuWfAXA4rEKH9pXCjOV2,0
0Fc7ESmkM02PDH5NnPaS5S,45
4dZTZbmJBCCofAExHwefda,50
3gZUflBBfgS3QiTSTg0hk0,1
2W4smyeMF0Zhr2KZhAsl99,0
59pC3ONM6ggVn0CYi0l1KD,0
2N3U8uTYhjX2KwGT0pf5x0,81
4ZT9FnbFu1PaBfV3itxiqT,67
0mke2MXjPsEipNCtDUu7m6,0
3BViBwNtaG9ObwJCaBKaWN,0
2Dnb6yPGUq0vmGtxzm3bwi,55
3h3pOvw6hjOvZxRUseB7h9,1
1VFObW6RUUrKjWY0SahdMa,0
3ekZOKyYPanieZuumAFVHb,23
4TnjEaWOeW0eKTKIEvJyCa,2
70B5oP5ng1QYClkJ9CeWly,0
7CaQbeNAccfyQrBQqu8X64,0
1trLI0S0vx58WgYa4CX8ef,28
43DnalVz4tL1pR1GWCpfCj,0
7HewMuViUJP2QcfiaUnyOl,0
5xLfQuX5YAfog2JgPz0dpA,59
2upFJKo7EvWdMx5732mhuc,9
1oDqDCVfT6zd7WsYiJ6esA,10
7s56ykjZI6HkIBjpRw5Qv7,9
6SAxZVn2L3IsSXf5iQrnwK,29
26hRqgXP6NQrxObiueeOZJ,7
0kPWjVyvas9lc4oXakOiBj,0
3ewW5NHyOadguuYlu0LmEY,0
5GVonz0OiMTTLgit6hCqDf,33
73pgrMq57KzuEDSpUtEDw2,41
3mEb1rDaVl13swOcpkItwJ,43
4ZTLOAIfUjJ6jDQj63owM0,0
2fycu38G0FXDv0890YVS2M,42
4Qz9GBK1FKWPW8lAToCuKQ,26
2MT38CFvDK7qQjLMixkNoP,8
5D59kJUcYmJPLDcx0Co2ol,35
3vZK2rdDmMW2W11S8dFHYh,3
2MnAs40kO1izWTF63MW5uM,0
3LCXApiAIIvSzM03Aemhoi,39
12fKpb9QgcHegCQYvKhejP,18
5VJVEQSX5Sa3Jvl57F5sxN,0
6zFOtRDPGngLjOA9q5pJaj,12
4cR5xGjVMuiGJXXsr5fhvE,0
6GmxgltuKkp0uxHvTeNFa4,0
4KqunuQGZ25YDDSoZUnMR9,0
2iOUaAoZgZYImCz6LIQBxe,15
2ipc1OACP7BEltKn0g3t7C,39
3TjBuYxZqsO5jirM0rujRO,44
4SWHKerZ68wx0fmjtXwRRE,2
24G3gIRBrI94XfUyjc0pxI,39
1BwVIIKOb2jv5Cbgau61v3,0
6h0UKzcHd8s5xjFIghKOHK,37
41ZcBumDBhCqSCWTH4KVdq,0
2VpWQNy9Ywa6rIPX4l54A2,46
7B2DS5uAjGp3QB1gSz1XmP,48
1fbuWhPQIH1NxU3iATVGJZ,34
3GBQNAsF37XS3r31EJqS7T,0
2bHpNAMEsB3Wc00y87JTdn,0
6sbOGldEofWsQlq1GjdHJK,0
40WtTONaslQRFLBaSna3zL,32
5gFW8TiJAyPwjQAMuwR2dB,11
6zpGlMguCiKeoUMMe4NUce,36
7FlwylpJSe3ea6m1IrkizS,1
5zXPfLfG8lpiwk8UqXKUlQ,0
7Hqc9EvCMrnBHa1srU6kiL,0
3xG8Xcrke8F1gfYjzQE1Le,39
1oDmijc0b8mzn2Z4bW6gOS,19
0wQwka6aD8i7gyhpGFNHLm,30
3L5OGCMGh4Vhql02c2zHcW,35
1UENUkRkZdAYZHx54lC83S,7
5YAISSnKcPrBT5W4zOwfPv,2
53qC3HBsGWTcG64jWdXGlY,0
4aIJTTtSttQM9n9L9ovESD,0
0j978lVkhYkv80fPBGUUms,24
4U6GYrZi0xvNkUmFitCDED,51
7hsRTk36qhFTSzmBoAZHdI,32
4i4QN9Zs5s7OZRRLIYHMmP,54
3xtZcACMmu4abI3xswUbsU,0
53Kf1deIW8fcRaulTzQTRO,0
2qTy3hGSbxoSenKmlKGHFw,54
4ck5sxsVVOxOhqgaKf6RId,0
37BIYtAvkJdUnudWXLkF8w,0
5UrCArd6UDDR2EPFOeWCxb,36
4r5s340LOiyEZTqNJglbzH,0
1h4LSPG9N4t2Ct6frvnNQN,0
5UFXAE1QXIGnmALcrQ4DgZ,0
4OSEE9iEHADmTSCpxl87GJ,0
55rIKGbcna1oD0v3BdIo4B,31
4iNljnJPDFYXyaLVpr7tbe,36
7hhePWBHR8oNZGDV7Xz16b,0
1afuAgWlDOD48Ue3B3XjJu,0
5DzMRynZilaNPx4epDKqM2,0
3GTK9nWsjEOSRTVyeKygch,0
5sPkgogsCQFYKnYZMwkODz,25
6ME1VoSzgeICC3LERDfq0d,0
5T0d89LbQ8b4F4aQshhPH1,0
7di4QTqNCZjX4JUFKhWQsr,51
1xH3C10MTwvwRVf6jlgdH2,0
68L2LNyLnWfBw7c2nR6OVk,0
5VtqYOQrtrBoaZKMaY0HcK,30
4kDl3770KCqW0FComaO3TV,14
1H85F0Iv9LNEJBgVZDVFYH,9
3PcKtoPhJZNwvpiXsttX3l,0
56YEjxJpTxgwvmYxtWm16G,0
10zzmoWQkfiUfZRBDS88i9,39
3TXs81YKTl1IRAeajsgyaJ,0
0FE8gz0tOBbAnOp90WbzsK,0
5VKEsChbUowEF2BT0gJSGX,54
5EFQmntseMD5F4FkwLoND0,7
0ak9xScGzG7JaA1BUlLb7S,23
4ABfaDgFSkYhGeek6db2L9,29
6XE0F3KRAm0Ld17pyE9UDP,17
4gKfuzqb1o1uAXr2xCMSQ7,0
6QNkLUwipUu4QMGyCeJQd0,0
1Te8WIfLudxjHTr66BL0JK,0
2mCF8L0brIs88eH6Kf2h9p,67
3AYcyxEACnmE6d96RPubID,2
6FRLCMO5TUHTexlWo8ym1W,62
75JFxkI2RXiU7L9VXzMkle,89
0BCPKOYdS2jbQ8iyB56Zns,85
28jHD8xBLnN8esbroQ6zz8,59
2nvC4i2aMo4CzRjRflysah,76
7rn94fZKrOwHunAgWtvJUs,0
64j3Bd62HTe0pclk8Aq9BE,56
57gkpm9dZdFfp1xoBvcZTx,53
40AYRnDKhhrH4JZO4KS9Dj,2
06Hdbxh6NCy6TIhjdXTchB,53
2KrHwwnKAfSDdOStftigJm,58
4XDOe9QBH7lqTsRHPdAbeG,0
54ZPmGE1uOG9IYoUBSRSp7,60
2Kl1E3NdbzT7vVi93TffoX,51
6EsH66Uto1zwZlDGQ6RokU,61
1trC8L8YpawkU553ymy2zC,66
2hr7myxuDCoXsKyVfh4ue0,50
1mzGywacjpeik00PVLBPpF,57
73TU1voolT9RHWGLOHyM0J,43
0LEJw1t60xUxevqvqySYFC,0
1a8tAQAzHIPQ00OPBXGWPz,51
6wp5tGVNQYpKJPo1s3WUEY,58
44Ju9snxuhY5ZKS3KHA407,0
2AhV6GW8sUFpcEuDy5EOln,0
6XGSfNAbSjcnTkdvBqhYyg,0
5WxtmHAcrDbghHVGupu18h,54
6pGZOkEi79wdJ7x2dPBy4w,56
6ADSaE87h8Y3lccZlBJdXH,82
2x0RZdkZcD8QRI53XT4GI5,69
65hRZOQkVjmBdusz1N7aOv,70
18VfHIPaCo0s6FTi1Fnp6T,63
11BAVEGi1ivJ6JWLqKUNrZ,73
6PkzXU8dlwtfrwyTlUyVnv,59
7EVk9tRb6beJLTHrg6AkY9,72
1KtD0xaLAikgIt5tPbteZQ,68
6SqX9J8tXk7rXaspk7GWX1,65
38TlYe1miTAL6r1FyJj7PS,38
1foeacjwgWD6UMmirTXwL5,74
7EzQpS56OD25OuAU0HMivB,15
7G1GeydTuGnGUvqbSFUW9q,6
7De6b4XLpncmtmhh0rztDh,25
7y4Hse34qteEfJTfNBkVyF,39
0badUCyexkIKRDWbBV9pgc,38
3fBzXNIRUnHl80OFhB0jo7,56
3uotsVdKcolpIxr0WHnaPe,17
3mU0DbuWtUX5KCaovOQZVK,80
2LyrufB6lwhwHq0mT3Dihs,0
57MWRhMsRLm394pOeYup4n,63
4XTRWWCbB68WDeAHLfv2HP,61
6QFIhhGf2T54UzNlVb2eee,29
16J6wH4Evm97ta1hDQIYQC,71
1moKeSb5S4eeFEwxy8l1vU,0
4Z3RyalTDADxdK5LKEl8Ys,0
4u8snuKA78YNkJujLeh7Ht,62
0cjE7wclBOfoqID5ja0yHy,31
4wZA1pt80ZQxzpuAB6mnHb,25
49EAN1FCYDbxfEHS3xJvby,68
7JRO6Gc9H3j0EY3Tsdsft4,0
0km1p3GNNdLkXaC6m6CBBc,0
5OyWvQ2kuOdNTMoxZI1fnu,0
4cLH3uzf8tV1YNVpQkrjd8,0
5qTWewFdT4gI0hJet8HKJW,68
2NLPvOCyPHN2CHwIHYTUsA,0
63U6DJ2Q7alA97eUkFdwDv,0
63mlCw3VtGUOoR6LI6UwZb,0
7ja4eJ7Lr3fkRJsyKd6zlG,13
6GOS3P4JnjGLk6xVdHPY9x,0
6z1VtU0MCGo666iKiajfhp,58
3sU4ZMokIz6q0lfbe4aqFE,11
26IUp4TTVCohWw7PC3SZoB,7
5LciLoxa1gK70yIUeoHgRx,66
2YiqBesMJpszYU6raDOG0R,69
35u3Isd3DuXKAEC7JCC0lB,56
06FhHrnpYCmIxIxIGUehxQ,59
7MvG7Xx4ehlvnevemZIXfq,0
0SmVMgeAawZGAER3ojBfXj,28
0bqfNDZvqXB10fUKSfj6mY,55
0eaSdnDwPCoXMwPMwko4Ne,53
330sg1eKlLIvWRJCAttThK,19
6d950ki41uXbRI4aQKjjnp,36
6yUeqED14PUT2GQDBS1cFS,32
3qcHQP6CmA2Grs3baKLiMB,0
0P9uFnsHlwafDAZ0i3k9nX,30
4Gf68vwxa69hCiXmJ1jvgj,66
4BidnF0FAjHSUqWhtQYZDI,0
3lTcHFrN025UJJwyAFYy1p,0
6ANFW8xkfJczrlblnAk77k,0
10NnNz4U15BNgWDc2xLYpS,0
2UAz1uQZR4OKfa55uBPmwl,55
77eDrs7w2utSdbBdpbefol,59
1WWVPLllFytUxx5yoG3csG,58
58HfaJinOwdtvIusPS04Im,66
0i0pCRaivPYaX9cK3psmdc,52
2udRqNX3z2OjdqR01ebDwU,62
1SVm64B4Ry7dqFSxHY8e65,66
6RTlokHIiobtIsthCLm3as,61
4TkfJCHscikJlsxzh1ow9h,52
2WrPfK9mtiMLhWvohO9VNx,0
0rX7mbNXYmAolFCY2TYVPH,63
1ORb6uGvpjsFwZK8FUpzWy,67
0ajxZXbCw3XJRlSVH25wVM,50
1dQJiFYTqToVTf179hwiSM,38
0WEv09ugUmm35vJ8mGDepn,35
4TlhItSfdcIkWIOEEnyfZ7,35
2yM8HMUjwhpCMiti6rCbON,28
0U8hIG64PnssFf6y9w35di,25
32FD8hyKXzhkt2wyBCUxGs,0
1nULBrlzWatdcjA2ZctIMv,79
4o08qQ64xGYK6r7ee6HAAO,21
0NLWuhQ5gZmFauGarAPdol,18
4F66xJ0gHiqSoI2JoY5AzP,18
4qHbFA1kxJaTkyCxbRombH,16
2iQecdm9sXeYFg9uem5hmt,0
2p8c2mMKZ4Rdmw40Oe83fq,20
3OgmD7U0OBKsGk8Iqm5mps,32
36ND2j1I4fAwsIcQJXka3P,33
3cc0FHJApouanbqTyFuEjY,0
1mVyW9yfPHVp8n6iDMTJyK,0
0X3AXpz0M67gO6vtmAqdqa,0
7hDVN6GisA47ym0H93NA1Z,0
1iLBWOFDhSgyzJZ4gTGpnh,0
5jCOeqjJRnRo27b9Hb8xHp,35
6Nabz5Gsy80XL0MJoOmgF8,58
1K3UKlvqsfWt2rjZ7909g9,0
65TPre8PWZmmoPzLm15wjK,0
1FqKB0qnhosf94ggp3BCFO,0
3HCDGtLZabH3umLgwCBpDB,61
4eJsGX9rhsU33HVz0hXGLS,29
4OwMnNi3kC2DEIrxMTHc3M,0
1PelBdlzW0xREInIHMfeUC,0
3F8aTQzmKovktFcR7MCGFW,55
6FwMGM0Dtmf0vz6BdIc8uP,65
5aQfUmnxj8x1zYc37Wit9w,0
2GRL794l2R1SFJc3Z0pIlr,0
60qjwCGifJ8I8s4Iztef1r,0
23M7cQkNJLiddeubvVgaQl,57
6zM4fg3BvLOJNlQMsiDQEU,0
4pEXlAqaJXQUKDteKRLun9,43
4YMjssjl6JWPF4ZIcvcwkg,0
0gnddNB2gbyN8VC7uqr6ns,0
5gUQMCRhjHM3bxdC67KbVx,0
6uekkuTYKxEjy0ZuvMx67X,0
6kURXiIFcBrvfh11Soiwqv,0
3W6WaJa1wRQfbhqotaHtyM,52
709ffFK4o4MtG1NKoLvOma,64
752q3k1ds8JckA7tIakICn,57
0CFIH3diqmPfa6FRXEILLF,29
4MdvgmBT9wxfpgFziA7ZHl,0
5rvY5aFTSvQAo2VNUR1Fxy,50
6wVViUl2xSRoDK2T7dMZbR,65
5jVJAojK3LFKETjI2gYb8O,61
3WIg3fd3W8I5HU8g3Y6P0k,0
0BPTTsnnfz44XmZn3EE0oo,0
2fdfsGuqb6SBX5ocoBWHUd,67
6JifQymydeuqrgE7KhjHAM,23
0A4PZuepTcIQVvA5m7R0M1,3
7mLatcwUn8BLmVrgfFnzqC,45
3L7RtEcu1Hw3OXrpnthngx,78
3SndrpimYzXF5D2qRoHIeb,0
7eX6sFVLkso3diMS52w5Vj,20
10BQIOZ8dhGwOOGBVA97qz,55
73u9bIUEaSBI2l7xXETSNt,13
0I0CVZi0p78WJMDftfXeGM,0
41bdgBL7tjwQOl7RpwubKU,45
48p5E25cFPanxuwCTmTpuL,72
3mIkPJ47lUFnc9KRO635KE,48
4r4VwcBtZWLgBn0ucRYlEz,23
1gpHMfSpviLSP9CNAeb5xt,41
0i5LBaRAugIBpBMEfNvN0e,0
7BCrpOMsSnVpDgzQefNsyH,0
3SVXhtxFCNJnA4MkWF7sJp,0
6amZm52SfS7d6oCEu9NDMl,0
6SsP9PE7JT83QZA8kEYHVV,52
6eTZyUjg4ZoGElNcAINIwJ,0
3DVlXVkobNsNxXDQ4inYiH,0
2l4Wcuw1Q4TU5iFGthCCHM,0
6ZMda6mscE8eRkuwlw8yFB,14
5ft1GmMZA4uNX7afvQfDLn,0
0a4vQ58TiGl8Z77EEAvQCx,28
0ooy3NjwsJreceWYCxlfQt,44
1GqgSodUhTUR8KwjxJfNPP,0
3vy2QK19RCnS4Egaq9fGhy,0
6AXO3W0HCu1qH5LDKa77kJ,6
6m7fhJkK6TbuGDFhBNpgyn,49
1r8oPEXqnhUVgkUkJNqEuF,52
2FpyKkCFIfqmp6eQx4Rn1V,0
755mkmCTA5qT703pHu9bqM,17
6rbHOnhczgYjqiRLAI5ehz,0
5TQnwwwx5na4rCj6EVcdvV,0
5rsSdv2z7JLhE399TQW6ji,0
4bWapK9CYlRbK1B5Sz6ee0,0
5iOc8d1LkUdQ9AbDjSBrVQ,35
0RjuP2ncb70tx4f6RdwaCB,31
4TkmYXyFTREu4rlJxihSgN,0
7aS418hRnOnYrXeyrZilwk,3
45PxL9PEi3AogpOyegTts8,28
6vy2RZfUjw42x1dEWgeTkC,0
0aZPhHp1DVNVS5HAWzpUsM,0
1nz1xzqPN4xYZtR4zgiLxt,0
6Na3LJmy6qmjK1SYzUhmZ6,0
1CDX9A7Gw2PJOVNij6z0Rx,0
59NImYypcsmmw1zeaP5e7z,0
2kOupHwtD01Wle9xOYfD3V,38
5agxCIWiABK6l4ltmCAHoH,0
72vPueDUvJcL3MCPb55RHR,35
66SwvP22z8kCBHYUFxppNv,43
4BixGe6AcqJU2etTzeh2cN,59
5KhHe6yaiaZWlqzFV8Bf0C,0
7cUXKXdigEIP8FgWbmckde,0
2Pp1ZQ4Wt8bm7UmYVAvwPO,0
4IhBhHVdPgC1QABBLCeK2o,0
7owyIr2idoIvJRib2ejckR,0
4CBgcRYGyWjGGaSFuPJChO,0
3z0XmdhO5r7axDegF8CgCU,0
3Q1IYNRE8AEXyqIGFmV1zZ,0
6WirIUSpGjB8iQ5o4U8JJ8,0
6k0BLH1VGJCgOeU6mm9mPM,0
3XmpCkuHAHIKIJ5ZxGY20j,0
5tYYM8M1tL3v5jQYQFbJio,0
5AjrdgVniAvpTjbS6xaZuF,0
0hrRcmdet5Ey4GqwnM0wBI,0
5exXY1hVwRrlaRuytYLZqW,0
07trtA9L3paByfzsIf6pZH,0
5qjdDjPPhb1obzkX3vrjUI,0
1SNHjxLCz9viXRupgYqqC5,0
5sov3e1jSq38hcYBiVTsUl,0
2JuXAsyRpfM34KukQkOJtk,0
15ToEAfwSo83rtBLdhNOQH,0
5fJsLklkTSZlEbA5yJKzab,0
0Lv6BQbmnX7HKt9tEoXybs,0
7mKTTrCsLQhwufBwCyWCpY,28
5njUSJjEOAZI18UPfToQrU,0
0zqL3SVrgr6TC8RYeN1S0A,2
4LbO2pzBtVQnHvrYEIwNPO,0
47Ls11l7EzQazAwsw7AAwT,0
5RCpPQSjEZ09MHiupi5UgY,0
034JvBsXpn8aAjYyTIPlqh,0
36jDowEuYWeKt1ZoqBJbM7,0
08d01k2LOAsQ3n9JyXq3Jb,0
34HsljNJ5u8aOTpZMb9O76,3
7Ac03wy4zFWYlZznvhQ256,0
14TfQoQHxTjxVKfTxb5plI,0
0uLdF7n18IFclndsRWaqx0,0
7gpRS0qMf9tnSlBRAP1ERX,10
7lIPktnf4GIAT1zl9hhcVD,32
0ebnzIUpJu8QHyt1oy2S87,0
27OBL8kgsenRWUqTsa2MG1,0
2s34HcmAMFCttPq8Bh4I41,0
3PqG25cnEC8xQdsO0SkzQF,0
72VK0BfYZFxoMkPWA5a5Iz,36
4jRGCR89tUVCQ3A6wnBhef,0
78cQDh4thpWSE4DeTCBeDE,42
5vzFnlJE4MSKmV24u2F89j,46
5GyvNF7yA07O0ZgGis2JVi,0
4bnNwCbIo9vxlIpu88KV0K,0
141lghKsBrt4uofVcNBxmD,0
6lRKIl3IsrJDZbPH9yZdvk,0
3vHZe0Vcv5pQNE2cf4VRtQ,28
3IfgRu6zDhvNj7nTPIzsyj,0
5VLuVbmpfP6s2oWVvbUdYp,0
4g76GjEr9b9vHnbymLLGnx,0
7kKI6RZNOYdAHqOcqS93oC,0
0ZHWMKoCSsrIWKOaTyDvke,0
5eddlmNETuP9mhjBLWNLOV,29
6kJmK6N95GBuZa1574EcBA,43
5Du6gEDduLCB9FIm9xIE4w,2
3XVZXRteaLrwa6GTlsQ5i6,0
0x6rgzl1TnIBBrQ5Gljb4A,50
3GR5Qd34nif6bskCrhTZue,56
3bZCS8ThTAxMJZavYWOY1z,0
51SQT1nigVQ3Tz3jThYrUj,0
0sg9N1JVPfx3Xab5ttLYvw,8
7m7Vk4cGjklljENBoRXVDt,0
35rnikz5NAOTvdc4gYzJFN,0
7kft2XxMqsCZe2gB74bvXV,0
0sirCV8os5AwHHaMa3IDyX,43
7ycmSrLzeS2tddca6hKqY5,32
0QKHlkLVjpaJF98RQiL9rR,0
42WPVWtxYdFE9fb8Vp24FR,34
6GunRGvhXUyvREwRnnKbDC,0
08smDzfxppUCFABj6FU2Xh,4
6CgC9aQV6GwkrUXuQfohMM,5
0zx2Dq4YeAAjKcbPSS2DaQ,0
2JO3HwMRPeya8bXbtbyPcf,65
4iboX8xYIzgfe7LB5N6DEa,0
0ZKOe0o0804652Rjep8sTV,0
3TQQia7NM2GwsiwiVZWrSC,40
75bIRlw76cMP2kj7VtIgQy,37
7AbeYC9dss7l0YtQz9fWy0,53
6gjCB9TQq3cwuT3IhPLV5H,0
1iTZnsVqhCBdZqp9gjITDB,0
4zz9PWsnrYqtFEPUaSh8jj,0
0T7Horo32W34iuW6iC6iRU,33
6Ipaqc1ybISGpoJ8E9Qs0E,44
6C0OrVX3tL6VeTTxb0ibzG,5
1KngDoxfJ3fdTEbFiIMw6l,23
3sqQ4ocD4M9fsvbHrr1Z2M,46
2oZLGAJWR4DQINOTh9W9Zx,0
1fYEmBLpU9IIuWrAUGggSg,40
2oiQ1M5GwGBKsPz1cRTWoG,0
5fxdGJIIqlcsXFRo0Am1AL,16
3aRqwon3FOf1nybe1bOLX2,0
3wZvXDeSxh8ZxqyEwl0ChR,0
0HCl2cFW2ISiJOZtZ92vJe,0
6a2MiOBXfkCtAGYvHeeOYE,0
5VCk4tEn6pXqDqOGBNNmdt,0
78RYulAoOiYBP1dwdEOCah,0
4JsQkSOE4taeyhH3pv1een,46
0u6CqsKqlArqFuMVKREXp9,0
1z3ugFmUKoCzGsI6jdY4Ci,75
3rFC9t2bY9i4Bq87IWW9uW,3
1nbMkRhfldXcmCyB83x8lK,1
1lpFXKKckqVkyAN1lPwwC2,0
6CZMoeVOAlu0ew2DA0Vh5h,16
0KsWvegLnQmb6SXbQ32FAi,0
0kPeymTUiaidv48eRrMISu,54
28o8m1o9RGtySbmQJtAvym,49
3CSpzkoL1XgDBZ1q9aDCUV,60
5ZZelsMY2VgrZOhq66GiNh,1
6mht0HfWSayOESGoaXEShd,17
77NNZQSqzLNqh2A9JhLRkg,76
4CGAWAPtcZWu4fRM1Jr0Z3,12
4Z0ZWdhqh1RWeIKLl7zC6J,0
25P3eWNVZWofL0nXhMyDwj,21
6jJCk7oHNwyowOUaF3gXEu,52
4k0bXm9Q4RaTuYi09i4lKK,48
0UXcRajVmKz6b4i8ryqNhJ,27
3XDeeP9wBZzGhIPZmLfEEx,62
4gnAKtZkXPYjWcTnsagfA9,46
0cKuO2BdECtbVQDCGx1dqa,51
51wQovDO0hf05pkZYvu1GI,58
5WwqdeavrQrbeAMDxGawse,75
5CFCnkuf26Goxohd2KBGI0,0
2vEQ9zBiwbAVXzS2SOxodY,3
1Jwc3ODLQxtbnS8M9TflSP,65
62LJFaYihsdVrrkgUOJC05,75
03llf55qnVnqzVNP03SEKZ,17
1Jj6MF0xDOMA3Ut2Z368Bx,70
0BB9eUBBaaX6GALSYNcEp7,1
0HEmnAUT8PHznIAAmVXqFJ,75
0SNGe4xksgp7CGnY5kMXOJ,3
3ctMIbfOvk4duxPcoYrJvO,17
19pVVNsJ1Nr6QwSgSsRKbX,5
0CsM8VGDi38kusMv3pxyj1,70
7bkyXSi4GtVfD7itZRUR3e,68
2k1np6GRFvKjgjYfo2g39B,1
5a9BgulCg84pm4kgwGGArI,21
6uP1ltEgH9Na7C1AkxJTvF,43
6vxX7MwVgjwvGDstNBzFSv,27
6mxWy8x0JarYKbQpgZ85Mr,0
4MFoiFTkO0y3KIy9aBe2bS,0
79yPlcjbwRebGO32kz8Bkv,0
3fNj2LaYofOn3wkwVhsK08,30
6a3hD6Bc952oVtdqXyWoB4,1
0bVtevEgtDIeRjCJbK3Lmv,16
3X7abqSXC4xrxuC1ykpWcY,1
7LygtNjQ65PSdzVjUnHXQb,62
6XIQe8CyDYFHN0iCjfRIuj,0
4hy4fb5D1KL50b3sng9cjw,2
7o2CTH4ctstm8TNelqjb51,13
1tQ5TSr1tyeQUbHKBee0jv,58
7gcp21g7ILJy0Doa1bJh0L,6
2CLXW451BFgjvB9rCIlizC,0
1li0jGGRIaMaNNRBV8JXZ4,0
1NW32mer4GFgDvDZ0idTUt,46
46QazXxQS0B31CnbRCy8CV,65
2SiXAy7TuUkycRVbbWDEpo,83
1QFh8OH1e78dGd3VyJZCAC,79
7o7E1nrHWncYY7PY94gCiX,71
0m2BFvSyFp8eyB8aEIVS9T,0
1rd6GujNvOYQaXnaLrmEXH,0
6KqWBiEZxRmPPGDc0PkRoV,0
6Nq8YtPAHuL1outooeiFde,58
1hZJcuz9iMoz6tLkFlIaUy,65
2ZUxIlHAS7D0OMAwzTVXWN,0
41e8y8N7OLiVTWMam9iebK,54
7EmSPZ9f1AiLR9eVHNSI62,1
7ahtENx5ZVLkPplyejXy8j,0
2KjYhaRlB5NtCJ0JotvJhZ,0
6wXy0MosS6KGV8yowVradf,0
63nVsCAdxu9OdeRhe58wiE,1
0q90594hk25yo0xZmBTqCd,1
390AWnOn2rfe9FzQjYmxIH,1
3evppwc8rJ86Y0jFHqyF8A,8
2M9ro2krNb7nr7HSprkEgo,82
2ZBalNGwjqdKJd29O76wBV,0
4ByEFOBuLXpCqvO1kw8Wdm,81
1JLn8RhQzHz3qDqsChcmBl,85
5QOcepOSAdswU3fvhFPwZX,2
78TnMTAFmWUWWCgNXR7D3K,2
4LFwNJWoj74Yd71fIr1W8x,78
38IWXVnGBxNtBoQwE51qs4,14
5tHbBxWjTxaQpL5SrT17Tz,0
1Hvtjeu6MgmsaAbrBrYl8a,5
4fVdtkBSTaOuecdWKcXmRX,0
7GhIk7Il098yCjg4BQjzvb,0
4y1LsJpmMti1PfRQV9AWWe,82
5prTs2HAw2G4idHZyeFp8o,2
6mYrhCAGWzTdF8QnKuchXM,72
2Hw5F4S5TFmrpBoWXc2Awx,0
665Jxlgi1HamPKbW1vwzx4,69
424ga21oScJ3e1YvT9JxlT,0
1vjG2EShnUdbca0y1yb3xK,0
70Wisxtvi1DJrPMFvCpZQu,33
620tbRI5ZFvrWF31JkQ2dS,0
6lC1fMDRhWMzxZ9FSav6ky,0
5iGo7eFvRyiDvCm4X5yy9e,46
0tauHCQrMIigu9GtuYqIw1,44
59tpgfXjTc3QR7mWJj8Wln,0
1y6sI4BrtktJLLtc7Eti0A,34
0nzNL2ZFDC95tkMDEkiyxd,0
6SoVI1qSkmyJG95BF5oFtR,0
68yqiuPVxrT9OySWFDwDDd,0
7pOQfmpo1pmoNE1PSeCKio,0
1zdsOgv1hdGGGe9CK1QPY7,0
3UdTzeti3zWxDnFz7NUWgR,0
5q21u5TzhSaJPslac3xce8,0
5XLjIFOigk5R4oc9UUuG8M,0
1phqpuTmNZeXsNONWg0TPN,0
3GNP9UvQAIQaN1WT7A5j5q,0
7y8aVfDkqt6qirGNivvs0M,0
3dud2dUA1UY39rM2hqmIhb,0
39FOpTYE4ueXiWy7CPguxw,9
65NKfdLTAnL8ubOho5jCXA,48
2Rtmbsx0Q2xzJl03gWOrSH,0
4KupOOlpiji7VTKLm6b8nA,0
5bBrbeCtAntjU0SOUXnIC8,41
3Ve96alMjeaChfLbszJoKZ,0
5Sq7pwP3ckLbwBt4oa9cxq,0
4Dgu832fwSuZ4D7ZmNx948,0
3eWS7zJviX0aRfQgyPB54G,0
2BnY9VsTwf7Q2jZzQ3Td3o,0
0Yk9pUjag0vNBww57XrzST,0
6dOLVH7MPhXEdq2MCMmi5x,42
1gNrhuOhbyF2YPuFQPvDob,0
4Zehi1XQ5vKkIxMoqZ1L38,0
6e1rpOJQIXivYKXOBLoAn2,0
72RPn7RFZQmZD5FEgfHxp3,0
05Q5sFIYy6KC887fLw9p1y,0
7vfWgVGiLgnGbInU5lvSQg,3
4OZEu0Vwq0RB2LAq14v99n,0
0IKK48xF4eEdfofyaeKWWO,63
6DsFZITJMPnh8z5XewfVmL,55
7vqUr6K2Js9Paq4kdNSOm6,60
0V9cosR5jWa4fr2koARmhD,48
0uVyZywUNOp6S0dU5r8TS8,65
5lURhQIungeGdpATEZSpwL,0
0IDcqQM84frBhAJ8vXC76I,0
7l15QDWp4v3TYh5u3pQjxa,0
4RepvCWqsP6zBuzvwYibAS,3
689WZ46LgjqQeI6axe2kkG,0
1Dt3SMp00av6ch2I5eIKKJ,0
6tinFGP1QJuRbyeCekZcLZ,0
00S35gEf40z03JTJgvQMqi,0
0lmdsH1MIoLsMymnNpd6HU,0
3GeeyHU1Q6xjyeXjRAjBoo,1
1XRTXNP8eLpWXfso8Q4dC5,0
0tjQxtpAyQdTJ1MBubNxHk,0
0NiXXAI876aGImAd6rTj8w,45
76pb7byVgncOfaeFzHqs5M,0
7Ct0Q46k5PkXzYiNE5D2dn,0
5mYNiuzRtpGUJZpbBRWrqo,15
2DGa7iaidT5s0qnINlwMjJ,72
7r7Fg0xo6oDt8jzYFmPIU3,0
4aSfgWmRa9KsISD4Jmx7QB,57
6SEA9c4WLjX6bQtdVgNqiE,0
5kHiHWLcbsvTDtmHxBiaID,0
61lDxV5pn2UdumqMpdxCKG,0
5FVZ1MUgy0ChBMU6aTsxgm,24
41W4YKwP7DPxoplPA2U0PW,0
1uXl3Nuhgkwx28NIaCMUzy,0
1wXtvhUaHymGrhbjPI0KK9,0
2i3WO0WkrlnrA1I4GdUmxh,50
5gIRPQWULwrvIt0F6pY7ph,0
0yxWY5cPaPUpeAoqSIoWfq,0
1eumDcFTsoLPEN31viUhkt,1
7kJlTKjNZVT26iwiDUVhRm,63
6BnONjR7itGMEqwxKTIlRM,1
7Izh7zLJGw1Nscd62Exxj4,1
2jfCy43LsFbCQoB6HyetlY,43
1jLsirPDkUS2g4gnkYua58,69
18AJRdgUoO9EYn11N7xzaT,77
5dKyZWlgjWw1oJgLa4GCZD,0
6LhMds7ayfuDXVm05O2uOs,0
1KeZgPUr54C8iz3FjqzVoz,58
6xNSaBtoPKlPhXsNT7ZwLd,52
5eTNdkstwKaNahHf41fJ9u,67
1oXHXIB8rHgwHSsPRNjEzn,59
6lhBJwyNBMPr6ejjscUDCj,27
55S2PQgSMYAhgoTCcGCDfw,63
7IToVuRoN3NP3mJzLe0RXt,44
0PyGOEylGJ63YvEtA7Dw9P,0
4F47yMP9WPb2MMvOUxNHKB,20
1snWlbcbgQpJfknoI30DWG,59
7BPw9h8vCIX94N0rjFU12S,52
1eq1wUnLVLg4pdEfx9kajC,3
4aebBr4JAihzJQR0CiIZJv,1
7xkQdy0cy5ymoWT7nedvLz,76
3B54sVLJ402zGa6Xm4YGNe,86
7fBv7CLKzipRk6EC6TWHOB,87
3Yqsx1OFZqPbULxXPLHlpq,47
4B0JvthVoAAuygILe3n4Bs,83
55h7vJchibLdUkxdlX3fK7,81
58q2HKrzhC3ozto2nDdN4z,79
72TFWvU3wUYdUuxejTTIzt,80
0puf9yIluy9W0vpMEUoAnN,81
7zycSpvjDcqh6YT1FEl2kY,46
3QftqIoFrzYaEOGrQdjWe7,59
70Vdd1gx5tn84jkAU31ASv,71
0Nlvx4FIjNscz5b25ccCuk,0
5UqCQaDshqbIk3pkhy4Pjg,75
6q1qACcezH6eH77Xljh5QV,0
5FTCKvxzqy72ceS4Ujux4N,68
4WgvTITBJbEfCJHguiE7QS,56
1XrzQqBNii8fUo3X0SvAoH,54
2vwlzO0Qp8kfEtzTsCXfyE,80
2JzZzZUQj3Qff7wapcbKjc,83
5A6OHHy73AR5tLxgTc98zz,78
6M6Tk58pQvABy6ru66dY3d,68
6b8Be6ljOzmkOmFslEb23P,83
3aYBjxTMvrEOP0A0UXg9ER,69
6ZdUGXn6KUWYCMZNA8NhYJ,0
7oVEtyuv9NBmnytsCIsY5I,81
4fINc8dnfcz7AdhFYVA4i7,71
0Oe49j06Bjrxs8PltuVeaW,74
1r1fPuhj9H4VdXr7OK6FL5,77
7KXjTSCq5nL1LoYtL7XAwS,84
62vpWI1CHwFy7tMIcSStl8,7
3FSPaBp49Clqq2p4zc9dbA,61
5TbzAWWc5eJaANpA9kfGCd,79
4e6ZN0EcEqYx74BTC5xQzy,67
5m5TRf7ggoguXtcXQGprN4,60
49aLCvvEKM5EA8IYwDmtaE,1
5iNRPN7oYQvdB9AmeSW6d3,70
3a1lNhkSLSkpJE4MSHpDu9,80
5YEOzOojehCqxGQCcQiyR4,68
6fujklziTHa8uoM5OQSfIo,79
6nmz4imkDcmtwMjocAzFSx,0
4sQMalN597HdggTu196aL0,0
3UN6cIn3VIyg0z1LCuFSum,78
2i5gkqfLxlCM902kgZVb6v,56
5iFwAOB2TFkPJk8sMlxP8g,72
3GzZfni9NCD54x1prgpIYl,0
3lPj2nA1lIrWIpbnhNG57v,43
4hnjS0dbHpJwBlCkEAKVyX,0
368q7QWp27Qbvh7wWFIyA2,0
2i1CnSeLjppv41BTuc7qhY,36
3lWHWGrRrVrEoYwolWZ38x,0
7yCyhsU75MYdbeqRLhLY51,45
7n1940b6kHcaEewFSZXnXa,60
65Bynqyt59f3fojjs1Uo41,46
46QBu7dvDRKji86LUB2Vaa,0
33DzKnwuBE6lfOiADwzd5E,61
3RbmtLzTMJsbJaXG9wCgwq,0
3QC1Hyu88irMXcyQntNMMV,3
2k7GyFSbErjCvk1QlTChxL,33
5dewQ7ojISR32NAYNHFYWC,1
5LauJCok8UqqmVaYUl2hqn,21
0jE4MNnQmOb7cCFssMYA6H,0
59qrf6BXeN74HUw5YvF9cX,6
3NNIgD6HMJ0tqwiSCdH2br,0
2csDp6iJqt8VypzWSFrwwT,3
4yT3UMHdi1p0xkmLuwOu6f,51
0Ip7uA5GfQtdToetBhcvuC,0
3YDeFx4VPESam1upfiJmVW,27
1E8A6Ceb92WBAe6mUxCBDO,0
38OQksFGBI3vGeSMrG5qMo,15
6OPOa3qlKoDUzGpS8MrcLi,50
20XjdVfh6kFATmgm7T0C5r,33
2btKtacOXuMtC9WjcNRvAA,72
1DJVPxNc4PmCC8EB9oZYfB,0
4py6PECWsrYuAAUk84XmVI,0
1SDLrgSkAw2LcdXfWArPgs,0
4X2caEGywKxXKGImqNkBmt,0
6iCJCZqDJjmBxt07Oid6FI,56
2Qizs1bDIl7uhOyPductaz,0
6y3vemZ4p8iZQoZ0VRzdws,43
5vtyFzfLkCSJvXEZFjQAa1,53
7LnlYD9vq4c9SOrgWOSuDh,0
4ICSZfaKo9t9JRClVZwEpG,0
2J4T0IOIZjQhLzosKPR2PN,47
57nNNkgk768QVXq3uHxu5e,58
0s5ibKUNbISHnrBrx1o2nF,36
5SiPF66MWD55UCrvVKWufG,22
6fYjH3nS3NRxBRmIXsbDtX,0
7cLm450e9XaPrEZTSTsfwU,52
7aFfriQJAyHK6eC09YMQBK,0
4P1EGoXLWQ1YF6Nsmr1pfy,0
2AwCsgb9YMkjfe471IOEvf,38
69WAiCaEdxACKzB4B7Bv27,47
1GZH9Sv6zCIse2GKihRHKy,0
0l0pHBglf8cL6JI62RpWnT,1
41LS3EcBdatoKJzmW7orjL,0
5pd5gGxcHxErpWzbYxNi15,34
7nGVsZvWnSvQJGkuxTnOrS,0
7aeZoYnAebnnmNJLnxE7IG,2
4djIFfof5TpbSGRZUpsTXq,64
7iv32XEy2HlM7PqQO4lp5f,51
2RZG69vGcBkMGZQf7JiO3v,0
3SsSCdNTc2gnZ7aqrCVdnI,0
3wyJ90In0gjiWYgXniY4Op,44
0wGFNHfPbknx9LAt8Nj8FE,0
3NFuE3uDOr6QUw9UZ9HzKo,51
0fXTcou0FQxSGksz3phLfT,0
14CsUVcoKztExH6aSgfrfb,0
2kpziA4mHuM7Na6La4upg1,47
3iQHc5Mk6yN1ntBjJYD89H,0
2eFxaSHpZcJiwKlUpHqtLp,0
6kSoZBTDLlyukdWgLM0TUZ,36
6AOHd0PzHGNo0tBh2olFx1,0
2mtmVxxieIIJdMqDvy5aq3,33
6KBCPmeUIbUgXJr3GOcYU1,0
7qVbgfYUPrcPcJtqZoRis3,0
3cwProa7pzzqTGYPYp5Efc,47
00YeYHw6zhoy1y7EPTgIkj,0
6W4GTXLYX8HkmZGmVkfrSC,46
0SWgjMbFFzariuvxAxbybu,1
5kZRoc6Gz7u5eu4a0YM2LS,0
6YuFrGKapNrKSDVnBmcBj3,22
6mp9IeMdujzozbEJdeQ4DW,0
0hNduWmlWmEmuwEFcYvRu1,65
6qbaRdGTS1lEV0PKgolUoS,0
0KOMzOpAeg3CNrs7UceEpO,0
5EEb0Vm8xUKjpwH2jlftOl,28
6UqRGwjwYL0stXbaodTxwo,64
04JbHAAn3uqbfnx6ptFyaK,40
0SzWYIT1tVV27FjUkruzLD,0
0i3utbege8Iy3q7Hy86QCF,0
37sijFfgFJRxDBrCqyD6It,27
0OfZ9imMwFU03zc2wl8pBt,41
6EIETcclomf0Kq1QzteiqM,16
2sHY6sT0EomTon1pVVLwjF,0
4wTMUy64bGyYPDx46tJuBB,0
4dJBrqwQdAoy0vQERFwFRk,0
2XM9PGYRKLL0kgJK7WLR7S,0
2APqQANaVkJ7erarpujjHh,0
30DvrKbciJunUOfIlg0FQy,0
3Efi1Za9jvExuHtNKH1NBa,34
5V5429MhHn9vSOSZzVKlwK,36
54MSbtjeIe8nFGZLfc7rlD,0
4r8hRPbidDIoDPphxi78aY,1
0k93MXOj0kSXo84SvSDeUz,2
7ri4jOlUUpAOivi56ONeTm,0
2nDRtDihYqKsHUbxheXRTR,0
2H8LPaY3NSjmOFMH2Rygnz,48
0aHOXu219Z4MqEKwiKsddl,62
69U3cSTPAkGJufskzC0qHK,15
0nMqAzCOdTbB4AtNUe2qZ6,26
77M0970AjqzXYTdCxHvQiN,32
6MMLr5UnPXkZp5kJHBDPxO,25
4A1IGpeMdt8sUdTPfNzYcd,22
2psMX6T06eYYa2UhAjrsNQ,0
7iOwtEpJvvUp631D97KAmz,0
3C0uXzWyIg8d6WBrBviGKc,0
5G5IX0zeEIYhHKe71Zecx6,49
7tirhoEiNOaHD2RYrjt1k9,40
386t7MPmZfrV17EbOAMYcj,12
0oVWKw4ZgoM51WXieVOE6Z,0
011gUcrvLDn2gEApOdOhVe,0
13SwfYe1rAehjzZCYNcXwb,0
7Lk17yd6wYC4um3grYnSqV,0
7GWaGnbGZEg1Pquhr07cVz,0
6s5smacBOoWoI08Vi6EX5T,0
2XBWT6qciUWR1HCmiPwrEV,43
2779sByIJexX6nBSXEJsVP,27
2tCSrGNARBfix0duHMLkGF,0
6vw0UxeHGLCRhWhOZdFxjh,0
1RF5PLN073ieWb8sLztflg,0
4rKHs4JtVYxsYen2eHIW6b,0
73OZcwiBI41R0o5TDGeZ7i,40
2HkL6IDXIzUBB3LZuGk0xE,12
1GLzCv2crATQgyUGdN94c3,30
2s25Z079T5KRzfqEQRMQQ4,0
57rOXabUKgkrwHPSqzo4s5,44
55XEfvRKAkrOYJAeo74YFD,0
7gZQfdEQpmwAoPHSbEHzms,49
6IvoGzMiniDkBc95x1d1iH,8
2Jh56ObNpv46PFBu95qqVj,8
1CUVN2kn7mW5FjkqXTR2W1,2
4Sir1bXEwLvZDjz7h0LZIP,30
1OcCoDKGaQyuBQBYWoGSbo,28
6b9eQGMWwf7Du1cadR3a8c,14
64U22qDcIs0iXzwQeDOuRj,22
5e3tHHlxpLfuLRfa2kIsY8,0
3Il5pMKaV6gOwad9PwMhPv,19
0AYr6VOn2CXG3siNrBrtKK,14
7J2EJ4QMpGUbB2H3SYYYtU,37
4YTaOCQZqdOVeigs99IntL,9
2s76aKBWKShlwPC4xTtEEE,41
0h4FK0CnlZ3oJnZ6quEk1P,0
19aAvyfu96PEYMVigkJTgN,0
1a5Yu5L18qNxVhXx38njON,1
7p7GKEtJj5vhtr624s2foI,39
6p9xQKe8tfDWl8owpEHmnQ,27
78mNkiUBAwHqjT0QOeEqqg,41
2wOrU3z0ivb4L7f46c9Nf9,35
7IEi3VrMGDo4w8K2J9bk8h,0
50lvV9CGKuQ8ld9F5EoQtp,30
6rVNnvyNeibts1uOqdSNIw,48
2Vk2IvgxwIYUGSWzfwsQ7P,12
310xF17abXDaKlq0gwv50l,44
4xh4WZodJ7NpFi7zKgiW3q,0
6SLTPbDxDYR0uSMTT7gSb7,52
3yij35M7Qbe8JpzvNiPXp2,0
2RCUr24WkEe2r5Vv4oDKlN,49
44Yrt6xIUdcooTbDh57hrF,0
62GlLyIgFKSgKLjivgjfai,16
6tATRoq8sbvKFHzvMncBc3,38
3hmvIloDMQzh90YEz57Ewr,0
0aY9d4Kgyv6mzWTW5gNzSO,6
29tIhq8ByVaG5GVlnS4XRL,62
5mpibPxO6AWUhl2RiHpOGe,32
4Smc3nFAoZOMEsrxnCXpgz,0
2PJi7VnApEZZC0xaEM6YDO,0
18XhpMPsd4oeX6lQETPeaU,0
2cSiyndkQZRPmYOfrk9WlC,47
2mssuAa5xshIx2c06p1c2F,45
4D7ERaKgv8NAeck8RzUtRz,47
2xqeIc7SDmbirKPGYhrKEG,15
3rYkfYT0aZ2pM8gzH27LSg,11
2Th9BGKvfZG8bKQSACitwG,53
58jiO8fZTyFM0EB7Nliu0T,28
05UpUTOoVV6PVjfIhjretZ,0
4CvLP28DM6r7h9mEa55FBb,35
3PUIguYpwKFXmfGD6uU7Jl,46
3707IBa4HnS3zDDoWfeUBl,52
3feET0c3SdUNzA7rJUehb4,0
0oTyoTKEKMdF3rXcOLyEfN,56
4m5OcDvGWDEDOWMQnxOh9N,0
2xHEAdEalJ5YcP0ur8kF6L,42
7jlqjY6QBfzu5akxt1b9JC,0
1HxL3DniLhRd8Qy9ENVRr7,0
2hnxrRNzF74mdDzpQZQukQ,0
7apizLyhMRutg3ccXvr2qv,44
7jZHUhAmW5oq1cq6s8IxmK,60
0Psz3az3RIYfJpnsajBT8N,62
3i2Q3cFdFzJ39nV9sAt3Pc,53
0CbjaCNhs9ayTqRcorKkyO,21
091v7TIPqq4LeZFFEQapev,0
34i4yxPrHWquuR4kjiivFO,0
5UAOuU3YK9xo76vtrhyDng,40
0ktUOmqwFOpdPqqGMnmHqm,0
3o8bovLXjsxsFBTXajm1VA,38
3wchQBokK9IDtoYrw14gpK,38
52hSR5CsLyziuwpZQqd9wI,38
1hsPZY6oWcPfFPqDEQmMaW,9
0c37uJwj7mpovCAuFY5ofQ,33
3cmcy7BwekXhIzysIdhLng,1
0aersVHlGGXcHeRvHtuaSt,48
6Jo0NEaU8Ray3TEl1LVkw7,35
20PISOo4VbLz4yFH78Zv5R,40
2PtBhfoPZ6VYtXkrE5FrCH,57
41cJIihaawZaBWzhQGv25i,0
6L9E5ONm7Mv8lraV53UR3X,0
2XMTqoHHSH0lvuXrvIEdco,66
7x6cBmHXwdS1EGwVx4silu,36
7rAUH8YZRvGyZ5wmoKjYbG,0
59uEiooaCUECb1fMmo6Sr9,0
3V0W5CfNDMiTKg93wuLFxJ,46
6M8qU2rDpeRQLE88DF2xtq,47
0owL3tvmERawo5yh2lZqmT,0
2aKoElQmZWu2ZMCB3f2tbc,34
2Uws5LNuLkvf9aR14UM3x2,40
6H4IrhaJFaoXrSuQQKfzpD,37
6Hx7kdHB9kGdxnw2EwSx2V,0
33TRLeMwVVAWa2eZEGnTip,0
1Wvzo4EotLEh4W3OVcQoDO,0
0qxRmtTovuLU4VBz5y4DsJ,32
0O8z1t1M41aeVAUi7scRvb,0
3hQKuj4sZ9L4Yn0RC2SIrI,0
4k3KuaHE8dET4RPp1GIxUe,0
5SmYtofSMKeccnqWksS9vW,0
6WhzFzROw3aq3rPWjgYlxr,53
7d06uajfr1DZUeKVCaE9BS,0
4ob71GMH7PAokRzPhejagR,40
6kF2DYkORE9d17oPFomMPJ,34
04pcMIy3xrbNpecnb0Ii8q,0
4Hqlo1XhohWyonvWJ2U3Mn,38
1mZF9TEc7gpw7by7NCZSKr,69
4Vdbb7QK3czCJVdfxOBbCZ,44
28axGcu9he7YdQ0xwXIaC9,0
6epvwUINain4iSHCTWA0sj,60
43a41kwTMZClWCLTONiaqm,42
7AxmT6cBkyLwEnb1IJWtUr,38
5UUQUFsYJyfF6YwqTnquuA,23
4MIPNDbxVPWdLwH6A4nsiY,54
0rVDc5Nnv8GIF8TlkCvpM8,0
5l8oNQsDDPNFUIV5M4lzRJ,0
1XoGueAqqKk3QGWzzGvH2y,21
6q8onrzcka32nGVrnWYGBQ,69
0OBIHrjv88N4SEtf2INos5,48
6yOIdK2nKErlhyo5u7y81B,0
2zsWRxMcUdGjj8TnWkVKw0,61
2K8elWg8ihrZRwZJ7Gy6L3,0
4TwbiHzsLKYydj4CxrufQB,37
3FpEXAupLwCHwzeUBxF99S,43
3hT4aulcGsGrgeoGU0M5Pj,28
7k1pfmKI7t0AprW7SEdFpC,43
7IDKIfRltN07TdsdTVtRHh,0
6zQyu8L8yUuJkl6LbQ6iKU,0
0DvhfhHlIE4HqgBX8yDJz3,37
0WEcGzNZSNl43NbyaSbmon,0
3FCQTUlUHhSKjo6CLF2DhF,27
1BwhFXqoIsePt21WyWIttb,61
4Xv41B0BJRcMBJYpavNDfD,48
0yYZso7EcTez67xdRCOrFw,15
2jukSXCni9myIF79PdgMZw,21
0HsE2zUH1uZg7Bnsjf51TM,0
0EXpZh6efFQ2FNjw3DrpX9,0
0Cw4EjuGqEqbxOWSy0iIUw,28
6VVd4kRfzBsZqFbvEAjloh,0
776xH04Us0YBTdspg6C1cP,47
36vROPdYhE7MiUJjZ04kPU,0
554dAjQxsN1DrNL3dKgp5c,0
6DTHkeVHU2CCB3601pJoHM,40
1MSM3Fo2fvnwVqMcz8Jhjq,57
0kq0Y8usfSocdx1EumUklz,0
5sCvipEhpAhVhu3K6kzm1P,41
2docvXwmea0pDCPv7cDe9s,0
545dPrr42WxSTsjnqAKZwH,21
6Q45iYMuedSPVotifXvBSh,27
1mSeH8fuRPe0eKLCfsbdet,0
556l9P7WVZVyYUBjT1YFTT,53
6wdzLY3TTwx7zVnMmj8Z8R,32
6MZYWdxGka0BnG3KYO739d,28
4xb8JHIN56xixSl6vkSPjm,61
448kqm1gUbI2qmu2Fh5uz8,10
1Pj5oOFzLYELyyeh1IYRK0,56
7leFv3iETFzzdk4PTfS8Yt,26
4Xx0J00u90QvnG3rwz4Itp,50
3OXpOuqxPaFDO9rLNn1Jvb,33
0bXpmJyHHYPk6QBFj25bYF,3
6rxEjkoar48SssZePbtb2x,0
0gnG4oD2rOoPWTSzZnnX4A,42
5hSMjPTfQ4mUObJhQqj2UB,45
3FhJFkDNFoDc48O2x2gUfN,31
1yraET52i6ZkrvvrmKNyn6,52
6Nl5jjykRxa7salssZ0aER,0
2UkKbV1TKGV5OafEJW54fr,0
1EbacZvcixTCTzBcJfaua2,0
6zfczP87XO2SxWlQtnjFNa,71
4x6aawsLyPkF3aGPXGvbat,47
1N5zNjjaie1MpYW4oTPqVZ,0
5mOPeaSXywGZX3mDflbDsq,0
2h3VovOKaebUKvhhdE0I5U,48
3EE6kXsJPZUF0TVvsZNtTv,0
7iOyMOxdOULvXqUqC26spJ,51
4D5POIvEJfBH8wO80Ic4T8,0
3hyi4CYvZ3K6EqAI2ja7pl,0
60ONwBU0GgM3kJhPEOhTx0,0
6UlVoivrSMVoyhdc5S2tVk,41
4FJQgzmWXgmYPvlmi8dg85,0
7GLL5dU80NstXjcKlDMJmr,0
02CygBCQOIyEuhNZqHHcNx,1
4c9WmjVlQMr0s1IjbYO52Z,2
3SDlMjloqNmuHbOUWsLyfU,35
4jJEQg6mr3fQsUCYTwhBEZ,0
70ATI6K6i1TXfRfID7bcN0,0
1qtiESAzfGMw3YqJvI97ki,70
7laPt9sVrlXLK80PoQf05p,0
7Hp5dzh57qndSeuvVpGL9B,11
1BL1aVDLeEhe82PuOsIS47,0
1irXmwdCbngOtucJNd5mSl,0
4KDunhuHObIb7pVYRNC2OH,0
6CELFLbg9kgByIRpZ33fY8,0
4dilm4mV9RQ7RrCW7dcePo,25
11xRCe6bPQ9fRhz70dqF9N,0
5MChi9fdCbTIWDJPPUuuW6,1
1ARkKt39O6WQqE0QEpZntu,0
0Gpq0lllEPZf98gVo9C4uS,0
1R2CpJXwERlLURyKaE1nWr,0
1p0ziArbexSnA0FK2bhEsu,0
4vELW2hK9eb9R7Q0BNJ3Vh,0
7jbA3Kti1R49uiexaMKDEE,0
0XbdhHYvrfmUeMd6NaCfmN,0
254kuaMH6WLGAGtRd8z5oG,0
7BQVhWw9GR1Up3eKQrYFlI,43
7a0mPDySTtLmgE3NoIBNJp,45
6bxtai04eVsvV7IZGqOXMy,48
4PIrQHxXlHlSXKoKd2nuxE,36
7gARZ2i5u5DHC1b1n1fML5,0
36ylLzMtvJ2CItc7bN4TcF,0
5A7FKtfUqykPsmQ1wMZLDo,0
64J4hxVuHEpLrhzAuk5QMM,0
3al8a3uZrOZIHc6J1n8i5f,0
0OIkb1unFOOnCcNI8g4JTG,0
1Avnd5xLg7HmaNofmYk7RQ,59
1ko2lVN0vKGUl9zrU0qSlT,74
4KMvfofdk7H9eMijiOWYag,0
4pI7VTiN59CZnGJUgVZPoy,0
32gaGfRgDMrMtcpCqF078U,0
58FsmlVRQxpjFmXF8vSKMT,63
0KTvHwi5cDdZh86cpZztfu,39
6ZizKmm2kQY7e77rXrlwWs,48
7iQzzNzwTCHNW0NO9EVRCO,26
5kc6erfW0v4PtsBtRJpf0Z,58
5CZMYGXypciCWqiDKG5vgx,28
5a3MulSI25BDyBGg1Gsfpz,51
2L7mTZOYDtI1syQQh6AVM8,0
1ITJTMrS4cx8zdlI7DdSoo,56
7l3MZPlCyfO7wXXH2X0JRE,24
0UgHTPXcW728KHbr7JbKr7,0
5IWW129DwGyMVQAbaJz3rS,47
6Dg2RJihNlbkLSmtXY3p5f,53
2Sh3g3NaqkD23mZ6Ugfrsq,0
2AYZQuAJIHcM32EBkHgQs3,59
2mbu1ssfb7h1RNO5jBv4cW,55
2SMn57cBVxoD4TArscpovk,0
65c7ThLCjdleiLILiri41Z,0
5AxhoDqSWt4WQjBvhh6aq3,47
43A8FeaAetF2Imc28DX29I,0
0I0onONP8E5RG8oxpWoGIY,0
2N4idqj9TT3HnH2OFT9j0v,0
5uIRujGRZv5t4fGKkUTv4n,55
1DriOnyA5tFc2bUdM6nglI,0
1eYTN19ZXz0i9iuIX2TD5U,0
0fDf7Fo4Lb6DA1mmKibSNc,47
3Dgm3Eaw7mBjYrGxdZxfjl,0
7zrXS0Mp9h3KynGEx50TP4,0
14zhqtMI5xHrfCFCLhFcsn,53
2vNmPvzN8fgyhJG5nKfbt8,0
6dXVbkS1t7jQs3maRSM9pW,0
0fIFjeeLJjIBliWUCsxyMF,59
5imShWWzwqfAJ9gXFpGAQh,75
4LPraPfByX8L6YuqmJ4DJX,0
2MTSo2SGQ0oVKgPu99x3Df,0
0Maqqr2tZ93fqgy1n88q9e,0
3kwRiuw2oJoArGs3EusCgn,0
2hhVlIZmGEGfNeVIYnMUAG,49
1kgws2l8gsvDhtsVyzWbu9,0
6ZrVIQPKkdOvLO4PS12vzZ,6
3FmSuz3ElwIPfqWoMWOzpq,0
5ztchKx1kmWXmc6fN6pNsm,7
65vbAXYhz1L3pa0SRxw9Tw,17
39p2Bauqy34ZozrpQuFa4t,2
3IB6XJvP4GlaUl1TOBeVoO,0
79DmpsJcjNdrxEGM5yKKPx,0
7l4OLV2EKT2jHd7kx0EzxV,0
3FuwVLUDf7QCwVaVmUB5F2,0
2aMqRRtkIgdSB5O8DF4RTK,3
0tqTXPcnB2x8IncNh7zSz9,21
5IXRReJwphf85X3q7vhtWa,21
3glRVTeqKmtGqmblN77lw0,15
3r2b9bQLstavgFY0PUnDBu,0
1Ldg5ulnUpRGUJQ3rdDN9D,2
40P8x6FLoYWfR0iNt0bJYo,38
0afR4ctrn6l22hzCFh8RYY,19
7aFti8ewDDCJtNvFcijJZ3,13
5uJMDTAxA9JwR5AhVqfTNZ,3
16aRTzHbanDKKyetUy2fpD,0
0RgCZbrfpNSRyNmnoym607,0
2kOqMmHfT9yWyow22efctY,2
3qfoXvz6lLGKE8Ry0All1K,7
4bZepcfOPD8rvjwRd04IqD,0
1srRQirAUdDdgwEkporNB3,10
1FCdsMKI7eauYb1PJGGTbO,42
6OY9OH03Wqro8K4mhri7QH,0
4plHqPPNeevmgsqp1MN1uy,0
51b9RSkQA203wA3XvFMsTl,0
6PeQHDiVcDzwuuLnUIgrPm,10
53emAQV38upXsSxT3Gvumc,17
4E35NIHOYy1kV01EFr04B0,8
6hlgx0DEqPvQPd6dBpt5hV,19
4Ei5ahrpgejym2mVLpHjOJ,3
0mGTlJ8sTCcEgxbNdq7k0f,2
1rDpCpxEVt0JQQLQbVYxoB,7
5v7okxkuYr1Lr72wZOh4Tl,5
6dWplIzy7QMhZmaMOStuOG,4
7lHULdXeamU98w3MlIPy9q,0
1MwSMSjbU20bF5nFgWLsJh,4
145SVB2wsBUr5RhckVvDIy,0
0yOeaGWRU93MVcEOTDGf74,5
0561ZV0uaJYEOPTa5jCiqg,24
4ocmVnBOmRFzigZrIFpEfQ,15
1OJMt4A0eFFg5xHwTu0D08,0
39itaaBkLJUasevlkGemMo,20
5Xtnc3Z7g3gFkMYP3OfSAe,43
1t9QfMMUAij4Wtwq4HVDbz,7
088eGKZm5dgDxFauCEwOqp,8
4EBEYyRQ95GSqKXNbQnPP7,5
5Ng5imfPCY4S1RxugcYd3g,15
5bbxBlkH2QdB1AkA0JIx36,16
17s9ohMleXceK8Qobgl8Zd,0
34sfGtzQl376IwomFqbJ2L,0
1HZBR7AHOA3oXlGE7SB9RP,2
4652sjB5SIXUSZYDvGAl1j,0
5ruuV3aplaj3tAi4l6Fitr,9
6eMGVZ7U2iGU8333jxkAi2,3
0DmuBILb0jSb0pdYGZP1bw,6
07OKKRUAmBaJDf8YGF1PD5,41
5Y07b3xtlYJdahK8TAlCel,6
1TqlivP51FBxN9Oa69kNjd,0
0UreG2A8t2D4s0DycjmAbS,23
0r7ytFBs7IucCT8CxES7Os,7
0JEetF7i4P30FFokKslZOB,0
1H1f6It40uwEDpgjnRcQ4a,14
0aYRMIcuIeBFZEUg6pTsMF,23
2rl644SDyLDBBKhUPSFucq,0
2ZYkl27YyPCXStjrdfHh5z,19
4q4ZDr3l5wGVHupxjajUIH,3
0QM6nU9Wr56ph2s8Dwl7uo,0
4nnGzheGSMqpLiMStHQkNB,13
0Dm6IRxyvcPamWqUXOLATr,14
3lFDSMvOd8NG0idns2ye9x,0
63hp6LPXZ4OcrhBCuipNoN,0
74YNIVGC9WNkOPzvPa23fd,0
5KwVSqf6TkzKQk0bG7owyH,0
6jt3LoLnTs0CBsE4Z1d8r1,0
45gItCnjA2nQGuTesDZ7wb,0
3sevlI1P7FQdW3enywfz1O,9
4tBbHsONVGUWBMgF13ECMK,0
5E0kbd2qWAodXncg9Sxhfu,4
6qONQJm59lYOH2Ioa5bb9X,0
1Drxo9himn8ZJDzSR9CQkV,0
6GoZuYpN1nXKV2zSM6RHpv,0
0nlvfzBggNIElNWnjVlzMT,2
0BtkZoSbth2mU4stlqkk1E,4
1mJ8RePYsM8u8ENGjdi8Ht,0
0J6PbnvCKcBWhnPzN2IBId,0
0ebtefX0Ck2a35arKihkYH,0
5gO27f0383F5AmJoLOkN3N,0
1ABQYz6PtpVzq6yiJyRkI0,0
0sXrAxJlOtWhTCAEYzxbZy,0
1a9Tl20toSd2uVJlA45lGe,0
2IROkA9gwDeblCyaf7aBGH,0
7pWweQxIFyIV7OGkJZLyib,16
7JKyC1LwBJQHeiKiTRRsMx,3
7nnpU2iHbi2k23GNPJMKUM,0
4Y36xj2AyVRguhrGB1Linl,0
1WGimYNx7U5q68rL0nnEAF,6
3a1Zmq0P1E6W80x8EOcVNP,50
2Pph0CUJ8uksCBzV6iyuQF,0
4QMSq1uq0JgvyKhEDp8wkx,39
0mPTZjG5PElXTUIxj1nqgp,48
4DAaQ5InUO23d8yNRbB0Yj,62
65SjaqhfKeFhmXprzlzyn4,52
4GKcaqt6PFor4siHXMO42e,51
74d9QhneUCIUvO00ev5kyX,1
5Cevkgj9FyNRFIwY3xSCn8,53
0pVE0otGuUr9ya4T3p8A19,1
6LiDQPlwukZQ0YG8W8FdPg,0
5teOR8KU4XNWY2WlVUDiIR,53
4vhW66VGfINDEOssckYMIW,0
52AtuDhDYHavraoyirpylv,0
7oiZRx7OZbUAYUiYeFTXrf,0
0zEKfIm5b8EUcDM3qoPXKX,0
1uHfCC9qFChGhiSarUWq1B,28
0R5GHstZfGdRcfXrAcL7Sd,25
3xKNy9VJrH2hqO3YXV2mKx,30
04gQHzS8FLPoNdnRKw4jDJ,0
5UIR8dRPP1GtdxYHYPwKN5,51
4GR9MdPIvrkxcEJ4RUbxPk,0
69oPVTn6mFjMoB3axEejog,37
3LSnp6mtKiVXCJwsmOvfMd,0
6TSlbHp7Vx4wZ0Rqciwn5v,31
2eLDUK7EkpENZkDL9O5yhz,40
1m7XbKhOvJst478ms8yUrr,40
6C3MGasn7adPXHlE1z4NbV,35
1WoChv2ARhrKUhzHcmWqLd,32
5jYe1mOKg5zUx0enf1DOdz,0
3Vtl4Xc9cKVs1UoenXtScn,0
734x5kcTkpSZpsprjOYDNH,0
3fMNMAP51H7NywqzoukIRy,45
5Js5edLzibx0GcazYl7v85,0
0UbfSLuX1zF2em3HulFN0A,37
5Po5YmT4RhawSeqNXx5m0o,50
0mp6WVhgI5FF6DGtYcyBNm,39
5fpbliFLBFR8hGwFDzWpXB,33
1uy17QxhHh4Z2pBj9RbEK1,0
4NK49OnNDP3oJcTGs89XSg,60
5AmTHXOp1sTFkYZBRBQ7zt,40
1RqoiUFqBzWiyAbFQdHJaa,26
6IW6mD0OrfYXXkTgdLBQ83,54
7xPzc46jIlrvO5gzazcWMy,0
5O3nMjk8xL7n4TIh0tym4i,44
77ixMBo91onYG37mAZiaUj,44
7JDWhC422Gtk1Bq0mL3OTC,63
6GqRl2u7LIW93T8Vi5LnXU,42
64BKKgWdKdmKlQDzRfHW3C,41
6NJ5Q5QujNwwsst5mdSEfF,48
7cpEhtddPd70q9a48mRvgz,29
4lun2dqyRS6RL59sew7CAr,35
2nC3QhMI9reBIOWutbU3Tj,71
2VBYFWgwIlJjyzidPTHQqp,34
71HJ6PCDao3hcgOEUX8M22,29
3Tiv2bF1OLCXXnuXaDKaG3,47
2SCUNHTUORvAnmWjSsp5Ib,45
6Ok1iGWO9wd5XFD3mA5lEv,36
6D8WgDaIuyirn6egGauzVK,37
6rReKrolZgh6rv97SVSxPE,0
7a0VLUciBUdE2RmpEnod9O,0
5mBGcpiLu25ERBiUb8RTBI,0
7IszHUVvLUq9aHzoHFfgrG,0
7pEGM6phhCcPXx0muMqFWW,0
0POuQCMT4zyRzB2MjbzVaI,38
2zkhW5YaOPPaPgNWXmjTjF,50
7iTwzSe2fg5xYwCgXXFkEe,0
1NNnmmBEaId0uoWfvtNd8F,0
407tDPFK5oB7hxSDl5Tg4O,0
1umJyGPzSaIzgh0Na4lE1E,19
3JyvSSU0VnlMUsQckyEVfX,60
1nDOeWBfRKA5YNQ8bKWzMM,52
740g8hhl3ocPTZfZHCVQ6w,38
0XtnjngdyPgVxb9qXBUeJh,0
1mrbHxd94wZnyv7nsF2EFt,31
0BWx2N8CosqHVKkofenY3R,37
20JGGCzwmvA9t1vs9HYkxE,35
4JiuLIWKkLH2iluzOhXh5Y,40
18rkFZIlEVdXIpOulP72cZ,0
5sn1BmEOPP1bu4cZq9OgoF,48
6YpqQsRNBJ8VG4cjQzZvOC,0
2EtDBM1HREttw143IwZvJ0,54
28sNP4vXS6EtFr2VKPhCTQ,47
7yOv1YISwpujFFQm6blOts,31
20z5VnuRJkpxcokwAu9VtP,0
6JEqJbL1brIBySspoKU2CL,36
0d2wtrYzOygH6pd8Q9VcYO,0
2X1qZ7Hd7hSdlA6Nl5PwtU,0
38DmpKGMulBN5NuXCZopOF,0
4T45Mh70gFLu7ggUUFdyOf,0
0Ui7thqfvPMEAA8z4j51Se,7
1IQgMSRjsLjVw5VZFeWcC0,34
0tCD4um9Mbqli92icIS3Jo,37
4YwGqn5HGXVAOEPauLc9MJ,0
2sXCQPtgvMEDu9m1tlQInQ,27
7hdApflRI6aGuwfabUZCu6,5
71nvXPQMmYflxqil6Q9ehh,31
6bLU8e0LGyztE9iD5DWBQ1,71
2rtojZgpeM6CdfCxv4IIeV,11
59X2Mc2Kn34UUdCoHCJ0Nd,21
6aAwVy5Hzf44HaXlG6INFO,31
2mK3ZMiwScXhErO7CSM2X6,0
0QKNwgSzAFRQHlGoNWy3gb,31
34Hdo1qNE9qyx3Pf1TsBbR,31
14BH4qO7pgCmIe6mgLKOK3,68
6RtRxaZN5RMWFbeZW24oRx,46
4gTwPFGhIIlYtlo59jbVUB,43
4yb3ikgJkgBNTSkGm2Lvhz,41
5tvOiucEIc6W7ocHin5rFz,0
0g21KZ1XJuhwexWPLpuEt1,52
4qk35C5lGrStA7N8XiExHt,0
1SOClUWhOi8vHZYMz3GluK,79
57i3M29DWoo7RDk0Tf0LZG,19
0JHwXSvHa9X1UdcKCDAwSg,21
2w7O4XCRoIJrwF1NqKL9TM,1
0IsrDyDQyNFFNB55MXgnkU,0
1ff4y46qRCsLXROVpOxxTc,30
7aqwdLp0chKuF3kP5fNZTW,18
4BhXlLrlJSSA6b2LknHyBC,0
49YNXgHWiNSxz2wGtXCVZ7,39
5fIq2ovEhDIyV5Hx1epC4c,48
00HIh9mVUQQAycsQiciWsh,0
4dmgawH7YVY663GxxjEIwC,38
3GzS0iKqyGMHwR1TimM2KN,50
1DqLRYf1IrztVFjWUme4oC,22
0Z0iYAtKYswMYXL3kJtdO4,45
6uCmU6ldcsVpLAKNCojVg8,46
09CWfcYFhVhB1Bzfz1cLJ7,0
5KQDGl3vAkNGyfvSbaW89E,51
0GO8y8jQk1PkHzS31d699N,78
1285n66OGGUB3Bnh6c18nS,46
7wRsfZCxZhZUQGUjneTSCU,8
3JpdV2yT3txeXNWUg6QZnF,29
0iQ77tSa7ncj7zBPtVx6cU,57
5tR4MFnmZKLjY5ccrSPyki,33
5mCprFWOqe0jB96v9RhLBo,52
2AYEOC02WLhUiOoaig2SEH,77
573latfTMO7SpGtStVrQx5,51
17aDyX39gb1iV1ZWvD1ffE,58
46gwMD8DJO8B6jy2C3hEeZ,24
7tKnaB8gsXxyPScxEwzQ9N,44
6kcHg7XL6SKyPNd78daRBL,62
3dAz60DDFTKXjLl3BFLdZT,30
5zFEJ5R9FvqzlY3ayWCfPq,54
4MthqsBXn15DUWzjR1mi4l,17
5qFDMxXqSYs00jaAHtnXfE,21
1IUWIwZrxpyktrxGqI7FN7,29
6cMswWRv4lAU3mh5lclgCc,62
7IhXIYTj3JnqoyXWut3jFF,45
3f9Vq2NkEErxgbToSAztFD,0
1HH9T6jsitwm9Cvs9jUeTf,37
5uyRkr9cH64kAGh632Sj1T,0
61ypxNWXEGVTemBFvut4Z7,24
1553kU3XIclpbNAVzopQ2J,38
2wHJj7r73uyiMjayyaoJGk,46
0SNmsxil0gv3UP8TFB6Pz8,20
5huOzlgCK7PsMSG4TFBvKY,50
3X0qI1VjyCv7eiE7bftaSL,0
1Tb6uFyZgr9FYWDIBRCO0x,25
6RKGBcDtgzXx21zUjpeu6F,67
6H725KQnIbXVkRPrapOTXZ,0
3VsiR8bSkmnqtuLASAbwz3,0
3VKDOXkmTHt4Xa78U4dbDp,33
1bHEcHv3lUkLFAebNnaPNE,55
0PdATekmkKwAlGMHyPW3QI,0
0p0ljM6RxgpGt7wthGqBZa,46
5w6amHqMxl0yFEkhsZt0Tk,0
3reay7NBijCy7n8xVLpDL8,0
2zTjF6OGxklU5Ulv7iTf4R,0
6wWCyJmOsODjsCMtpjAH3H,0
2MZxGY9My3WGVZNfOcXptn,0
4VA9yqBTQjjAZL4fQhlK9M,0
42ydLwx4i5V49RXHOozJZq,71
3XIIOCu6B8PuGq5j61asEM,3
6cREm4bV7V79Yxdilx9HDo,51
4QdovcM8j50QPlyR7tH4xe,0
2zDt2TfQbxiSPjTVJTgbwz,0
0VzzzYWjBWofMsSB77pDo4,0
5HzbxweVAtisCrpoOF11qt,37
3ZMFrvkNgwwMfPdX3aThYs,0
5Dg2h1wsm7ZijCo0yLmbvR,56
6wZ8kvKP9d1MKlNFTMZrBK,0
0fMMtO0pOYIGWfbJmrqfVJ,40
1LWEjUzrngRXdUBaf7GWYI,39
1Pyxh8ERS8aouSSOQVvVsz,0
2sqURk6kt3v93PwKpt5xF2,28
3UDXkdQquqCEAJdNAsA1wO,35
6ZbiaHwI9x7CIxYGOEmXxd,39
4abm3RbYBcQlrxdV1ObjUj,0
1sfmIZRBmY5yq5wRQs987T,35
0B2RttXEiyXsMeQ7mMP3EI,52
1OPOkGoucSWZkpXyI1Q6Qb,22
0akznwBCaPCVAtiGblDtHt,44
1qBVIqIYRqVlcKLncbuvEb,20
69X5gWMpn3GpmfAg9hpQXJ,0
5ZEM9j0jrFr5RdHEbl2MYV,0
2Vhd5uZB4brKHmM0MNxkZo,60
40TogYyqoENkImGSObxjyb,38
3dQ71J2HPHXpPqJ0tQdDHR,27
3aIhJDHxr1kgTSnutJxPTH,63
2NrDhKpURQ2qAOfEC6i55S,35
4IazOWzgfLB8MR5VIY368A,58
5GFDrUTLGJix84sNhjCG0g,0
0nmxH6IsSQVT1YEsCB9UMi,0
63pQm5g0IXLckrv9X3KEyX,51
3eRvE11OJfCYnaZwCFhMZD,37
0DNk7lEqDGCN6nDD0H8emF,0
4aB4udr3pcJuENmfDitPSZ,50
2L6orAlH8tBhiFTumIfMyF,4
6HUnnBwYZqcED1eQztxMBN,0
0NokbnjZEEpLrFjpvanGF4,0
31t0ATifZW5CW3XP2QUsUW,0
4Z1t1aMRif8ES212kTN8H2,56
5pqUc0SPA1EmhdOyD9Ou45,35
2K06amHdw8ZPWI75Xvo9Ij,0
72xvRETEsd5hS1RfduciRi,0
5GzExVEv1JDsYyPFjMdXsA,0
5mQNY6pTeSDl2doFB7uLbE,61
6vU9ic5PA8cSApJVoUKgKm,16
4T6p9mFEP9J1HbQWfdIP6F,0
7wYKvMLMWZz59hlGxLSuxs,0
2HIoOBaKYMTOKNjmo8Nga8,0
5536iVazwUoV1WfdFV4vRs,0
5PXhYXlPf6CCGrSeZEmJZH,48
1JUfgsFPWjXT3ZzzV77v5u,0
51NBMjiv4t1nUiLC9Bim3G,46
2c1EGwagV1sT73NimGsqIh,45
2QHX3x8XJTMxv6FMqQHkdY,26
5VGlqQANWDKJFl0MBG3sg2,81
2ZyuwVvV6Z3XJaXIFbspeE,1
5kF9PbklFhT0rG5J5jlrJF,41
5brMyscUnQg14hMriS91ks,49
6wtcxwSJs82tpdeIoj93LF,0
7oyHwpNGuOLAOS53RfOgZF,0
3NcO4jGK1Opb5ea0mYLpxb,56
6YBaCpYSMtzj2sf402aLfm,29
3e9iivPr1NZ0ivSGgTdvn4,0
1XTzZyrbu4zVuiwfhTdudE,0
3NxAxBnK66q0ZpIWeH9xlp,41
3JvrhDOgAt6p7K8mDyZwRd,11
62N2JSA0jHmSH7Va9t7hIf,66
3lO38SiB2WAQRqTAHN7WTC,53
0VOsR3sEACivA46VDuaLai,36
1lhLZGDYPwXeOjfpxMWtQZ,48
47zREtxQZ3cHHIZwUQnuuN,0
5jJnlACnwFvyqNXmUZu8Nd,34
6XkuklKiHYVTlVvWlTgQYP,68
0SuLAslEMFZAXf0SwY7syi,64
6WQyaRxqf332knjOMWUMQf,0
2s0Dn2mtvp94wUkyaB8nJc,46
5ZuInVOgNrq49O6XtYpjq1,0
1a9rZyDXVfvyAQQvp63gHc,20
7KtB8hfz8uH2BFC7ua1cNr,39
5hYTyyh2odQKphUbMqc5gN,0
4LzerfwcaWCoLkCNJwNwBd,8
6yIdwnpDHufLWgQcveTPMk,0
2bvJM2iIdMlWEG9lk8dxxw,0
0EGuSSpuu9wmHCtvb4PdLO,0
7oIAqDzsqgVpUaMXuultdC,0
79edhUCJIHerzdr8Tgclw7,0
78rFhTXf81WtRS7Ubl2f4V,0
08Kj0lvbsqAxzeUOBYZRL6,55
5bs5GopDitBx9xjoHHRDoo,51
4JuJZzGcswQszYiKJSnC6i,64
0xM6mdl0XX2qOqUZmVUp97,0
52iLDrSoRtf9lcgFuLVfqE,69
41d2Q6DHcM20OdzynkRtvf,0
2DFi8rwHcVkTTgu7PULhtI,70
38Zr5Q5O5o6CYaioIRHSqL,51
3PWKPX3YJAHBL8JozsWTMC,51
5d1fRO6RYAtbPPgbpSHnlA,45
7uUahoeqGNRMbpdeiLj1rS,68
6wyr4ReB05D9sJB1Rsmcqo,0
4rhdtzBmrrDxYi35yQDpzF,39
7y9iMe8SOB6z3NoHE2OfXl,4
4XnoRlIGtEOaqvQWFNsH8H,0
54l9GJGQ1UCFKe2tzt1Vxt,53
4hQ6UGyWQIGJmHSo0J88JW,70
3JJYIoJ5FyY9E0DGjr7SXF,0
79esEXlqqmq0GPz0xQSZTV,71
45ZGEdLxCZvdMX9jWlsAAx,0
6u7jPi22kF8CTQ3rb9DHE7,2
3HVWdVOQ0ZA45FuZGSfvns,74
7njKgVl3AnLflRad38o7AG,0
06HUJRcD0t95ogCb2pMQJF,31
6LsAAHotRLMOHfCsSfYCsz,65
4Sib57MmYGJzSvkW84jTwh,1
3towKHKVOXCCcL1fHv6xFO,0
1CEDx1kXFwmpmN2waT2PbM,30
1NbGcdgwRHZ5rbPIT9hdR3,0
1wsLHgXJ4SKIfd5ePSX1hD,52
6wmAHw1szh5RCKSRjiXhPe,78
6yARPLK0PV4heEyh7pVMGz,71
6qNALlmZa1ESnCxJmXE1K9,64
1qE47wUKG2juJwPoLqg4C9,2
0ADG9OgdVTL7fgREP75BrZ,73
1LHfEkVMR0Yj20C8lWdgpA,55
3EfugazgSddQvzZpkof5I4,52
1JDIArrcepzWDTAWXdGYmP,67
4jXTQ3JP6wnsLrTDg2KZ5p,25
2RSHsoi04658QL5xgQVov3,81
421eObjg0DTm2qajJl5OJm,60
26ZX2JrAb8AFbr8FFfAsO7,58
6LcauUZjF1eXQrgqMUecHX,64
1yaWRS9r2woTNmJpCKd5l9,0
1rzc5izgXXn4KsSmibtNpT,0
6qQ8a6M6o5mfj9wTdrbSgG,0
5gTyK0ylsqQbhFugP7eYmz,31
71G8h9UiqlkXFvBUOKFviS,0
6nl32vTZsMv23myzbRSAea,29
3d7W9cysz9P6RpmuNkDnnb,19
1r8e3HtZOP65v2uiWd17dF,0
4RR9tI04ScTvVBCVTyTzhy,0
0yTlrnue3pJTJd7h7d43mk,0
02bTIMbUm8Zgt0cVAiexE4,0
47rks3vghBGi3B8q7ZIFkv,29
1aQqtnz30d2vAG54XFNpu0,0
4BE7L7XB1I7X8v4imHVhoG,28
2FYWU01SATdqHwAVh84oNN,0
1Ia95g66IhlAJ3qVI4qI8W,5
3cZK124mgXDTPNiSais86X,13
1b3nlcP6hogIzYRVK2Ui7K,0
5rbHxYjIAs4flh30UL66dO,0
0GFXbdgwVYO8Dw6BG8MLfL,32
1ywuaylLSmjHXsZOr0CY9U,19
49KpQCADAIEfKnmNa6QUXm,23
7mo7U4LHQxAHxnvKVpb3nH,9
58HvfVOeJY7lUuCqF0m3ly,75
4D09e1TfOMbuMadTLcl1P6,22
3Pcq7FMZ58Scka7U3BSnba,30
504BrFbtkCK5GG8U0wb2qb,0
4oRP8osSzhdDJ9xD32YZUu,6
2re5ttrh8baTNsLP1KJIpH,3
6YAkFtK9h8tUZnD2d2rUBS,24
3AOcvuNATM2cnmsNf1q0T9,0
7Le48y7wfWRq63dRAzVmWF,0
2cmihZ5RD8tmmVAaGR0pmE,13
2p4N81obi8re6coVUCaH9w,0
7eb8es1eZwGNCgm6BDU8Xh,30
1XoPyLfeY1ICagE5j8jOTm,1
4xEF6fLuXzUiWJzMqhmpTh,0
26MiQlP8DL99PvR2dknfCr,0
2tiq10rhGegBQmBa81etVS,39
0mkgtO006NB4lVjjBF00Jn,0
27yLF6BOzUKkxQiJ8vaUpg,14
2ks3RwyEr6tYG4S3bfqMjY,32
027VSEVC8RRjUXLEJAzhH6,7
0jkrxTzWniCbQ6MB5n64BK,7
4jZ9KCpaHeTUfnOd2pd8sY,18
19bQt6Tb1Z3yRgbOLx0G9w,0
2vd27EovNJ3PnJMxKiT5QW,12
5iVCe6f4zgTfa0Ekfhsh2M,23
6hGO839yARUkVnsYG3AkJB,0
41knNw2OhgF9gouyy1squL,0
4jFZAUKEVJkaba8aCqHR3d,22
3Omovb72cRtPFH6jRv9cwS,26
3oSJcVgX24PnrxdsRrf1mi,0
4nmXIR8tHEgoHnvRfbPSbw,0
0EP3yjbjHdbUL1miyNlgys,0
6OqiBoHIMpBlzZaCW4HdWy,9
4yJiXq86uM56uIfIZgE440,0
1UAg1NXIQ9GFEa5yRCMBUV,0
35NjG6G6Jvtf8BU9kF8cNs,0
2jUoKSWTHduXxUL3JomwhB,37
2mbvrGn1yJJdImnRPljeJ3,13
5fPehuzkcZkDFFCwf3fRrc,39
1bS0xQbNrS45NvRRxUEnPK,0
03ejfFAbwrrANbH4fZzF0W,0
2jF1y26L4aFcXxaPgvdg3B,19
0JK5mu3OhQ17kDnfaENqze,35
0xORFaXxl07BtES8IAJ7OD,0
1Z5joKr22D3U68OFn30FU6,0
7zHDu3EKh7E9ljaPIFrzgv,39
67BSKlgTnOM6T3urm8qsWp,24
2DDbw5f0ESFZkjX1J7MwAZ,0
2XMQVAiXcqawEaXspScvwB,0
03sno6MIkoVX5eC4pRKMzr,30
0PsRz82DCGREaAwbYJ8FAL,1
1tL1wrbBwzXpUhjItFytoY,0
6gaGHQiNfvqnybRRbwwHjm,0
3oi0jM57drueNianCvO5jI,21
4Rg0H5DiBSX2sb6HxbRxkL,0
5p1o6C1wzfFUlfAUcqq8Gl,39
00PTJgyN0GTk2ProuLJ1aW,0
6wZdfrizPnIRTAbUFdnaOR,18
5kcvBnt6DPX3AMEsCx1qDh,0
51gJTJ1l7OCWHjGvfiZ177,0
2WIa4d4waVX3hxArj0jLQg,0
3VHJN9R1HaJAp6SbeMT0V5,0
7uLgpb9VlCbfNYjFmGyr6t,0
0bbw6Es6hgs9ybUisecefK,0
1oUpRnKn36YRqAyCAxHOqT,0
310d8Vawp5kYDYrGrrTAzl,65
4nI5Ep2zQKDjJl4Sol94af,0
1K66si1ZELsRZzg7m7mcps,1
6Knv6wdA0luoMUuuoYi2i1,76
1sSNWjLtY4GwyhqAwAnPD9,0
2hsza71y54ABzmabyNDtM4,0
4cxvludVmQxryrnx1m9FqL,73
71X7bPDljJHrmEGYCe7kQ8,73
3nJYcY9yvKP8Oi2Ml8brXt,69
7qfoq1JFKBUEIvhqOHzuqX,74
2TK2KSrzXD6W01qjXVjNGh,71
13serEEVZ46F2ipeaqWvQu,44
3rIsR2jKs5Tntk0621jFW8,62
1mSlftOO1dlDRXAyOE0Sbd,0
4NFoWbS7vtaeB2h4DexoFk,0
3xqF04FdMK7gpIPG3SPFpY,2
5j9iuo3tMmQIfnEEQOOjxh,1
3YlrH4ydAKkxuej6F4Nnkl,1
5sc7wXrjQWsg1H9LGI4RaG,0
0Cw31BoxoJbFPXrT3kUuyj,0
1G2y3ckwnDX4IOiemPOXEW,35
5eBQQUveFyP600lDg2zPD6,0
7dsHYU5bH0qksf8e1loXcl,25
4HZ4jOG7Rdzxpk1dDJBEot,29
3jyX56Nt8GqoN78OAZsrFQ,20
5fiac7SW61qWXs2hSj3bE4,0
3QCi7tzTX5RhlR9BI3CbMU,0
6UN1vcxx6OejXncNZonTPF,37
3tWp93Y61r4j6ASXbJVUL9,0
5jP44Ar4M1lvRFuF3dqvFy,0
7ezGYRSrMOywKamZ0LPVwR,32
1yzx5EiuemX8bKS82gLCva,0
7nlGMUcyIGWZQFkOOxOWl5,0
5U1eDhGNl6uUQThJ4nBm7z,0
316r1KLN0bcmpr7TZcMCXT,60
03YZnK3XQWKpvo9TyNZzXf,57
3kSXn1osC89W8JcPLozTzs,62
5rRDCbF97rcJW0ES9RhPhC,12
6CzAoEsq48kvwtNYlkMk41,0
6XfGtml1CAUig3pOAeKrXh,0
7dbnaGb9MGC9MGLZVmFgas,0
4WzamSygZIzZek6rIqFSHn,23
3jI0kZNDxbyexHWxqjArOH,7
6a8l86YasUSKVCyRTHX5Fb,15
7DUhYlL68zdUkI2ozWS35l,0
6XPYPchsGj40NxVLe3m7AM,45
3K0vdUuu8KAxKoHF3EYQA8,0
1OPKCqSyi4qBwMhX2kULY2,0
1tkRrjk71WZXeKbvw12PuV,24
23cj0rlc0UtTBaCg60VCkm,51
5e0vgBWfwToyphURwynSXa,1
3yZQk5PC52CCmT4ZaTIKvv,65
7zOs2hkIhTL8Bipkj9LZd0,40
56cswAa9WdFBsjsTyPBAKA,0
2Pavqy0vPxGilGe0IIetdP,0
0TD0ydYJuFPEaqshquDEpw,42
0Oyf6ZdlOrWfACzS96HFag,0
6p6jjE7ki1CxYCHKbCMh0s,0
31KE8oQuxg7FKON0E4tRhp,30
3VZQshi4COChhXaz7cLP02,66
0A5qqtFMG1qrNQEcjvr1A2,49
6RcQOut9fWL6FSqeIr5M1r,2
2ERoiswcZQdXztyYNODB4z,0
5GWvjHTDN99HvQepF9Y337,5
3HvJkF7TFCt1SN3QXODJad,3
0QfYrtWTIrvl282F8KlKis,0
2Ct67B3RbJXuirlzo2605r,4
5FuhQBzXpakYPM5NkrnhYR,7
3EFbnBUr70peMlk8g5XzT3,38
4U5nMZJoXr4jJzxOYoSHia,0
3HYXqOAm2Q8b2OyYqzv8d4,37
4c2Zdtqy5x9BkhTSJRTDmk,0
0sjAoOkrgd3olF9OT2f5Xg,0
2oVqzEcaXpUnxQv7dIAtKb,0
4Sfa7hdVkqlM8UW5LsSY3F,64
4BdGO1CaObRD4La9l5Zanz,74
2yfu1w0yFYHAHnr4p5JS7V,51
7bEDDsy2LFC0KSqhZp5nPE,52
7FLQuyyCaIrBRqNt5l83U4,0
5n0CTysih20NYdT2S0Wpe8,73
2kJqNHHGOzLNahukdvlDWN,55
2GiJYvgVaD2HtM8GqD9EgQ,79
3omXshBamrREltcf24gYDC,68
1jJci4qxiYcOHhQR247rEU,82
7e8utCy2JlSB8dRHKi49xM,72
0yTJtxZJ5VLfBEHhiNUNeY,56
7412fpVfB2PSSb1nENQczC,51
4kK14radw0XfwxJDPt9tnP,46
19hM5qpD5U5jLmNh4dg77m,44
1AnoNTlYCt1ELWArtKsA4s,0
5eXnC2B5RU5fAhfwvV2ABD,59
0elXIl26ZrovBULLTrEGK6,55
1ksSib2GsrP1wqkpOPdHnY,30
0Sgu2kKr8M0uuqKygi2wrH,0
71PKZrhUMowmuTCFPZ6aCY,0
12pdXFcruNcPUbZypKUDgz,59
1KDYN3odJHnj9pqGHN3FVs,54
1lbWbnWiEbAya5FlCzfsrq,39
4hAhyE1iL07EIUJnqw2bsV,45
6ooluO7DiEhI1zmK94nRCM,5
15BsrefgYpMgu1ZCIr8EJw,46
2jz1bw1p0WQj0PDnVDP0uY,48
2MLHyLy5z5l5YRp7momlgw,81
1Q3t9fWvHUXKsMmpD2XpUu,70
2QjOHCTQ1Jl3zawyYOpxh6,92
3YQ96qkxiEwTLwgu2Izcmq,47
2EWpa5XnAuSn0sIkSSIhYk,72
11zf7m4vw9Ze7cer9Nyhk1,65
6L3VWDPDTQkQFkqvmpAUMU,60
1scwknKtBQpreYy6MSoJqJ,54
5P1eorfAD2voGnX7ZbuvFz,43
7ikrFGfSscvwV42tZKUl29,26
2zVacJzgXQXGE1I2CMGzOK,17
1NWcUXTRigGwMubxPdAGl1,23
1uTjNWaoXEEi6Jtt0gvXl6,0
3n69hLUdIsSa1WlRmjMZlW,70
4G9addS7Yq5ihZBQLXG2Mj,53
3oxegYx25mBNgc7zRO7BOS,33
2nPWO41XxMMke3TAdNprBh,0
27bEVkeBQuC8jTosBJdGej,0
6iwkQs6nzwXmdgPH9vnIr9,0
77c0xyUM14wHa0cEAR9BV0,0
2THkQauDWMvJgXFGPY4iKB,61
4L0HMiE70JyFSfOsnoHGbj,49
3HOa2rytwSAWgqvW0W6LgK,32
0nSEZamLD7UwRiqUpyws6o,0
4zFgZQEatsyUhLhDtClcKl,42
1Tlk5UV5vbff34BPJHCaZy,0
0BJTbkmrB2Y4E9M8qVzbYZ,0
0240T0gP9w6xEgIciBrfVF,0
4IrwwrvilWDSEP38LUEcVl,0
3djK2yDqJArNAzHyhzSf8G,0
6G1xBCUqxa18lRgyCPmpW4,0
7dHqpgKhgRoTYo8HotjFwr,41
3bPfe5UbrBoVFOKZVYMe0y,0
3OqmsGnX4EdHq0nD04B2CR,20
7s1upm7yr7ZjrzXMwHawtG,62
6fVujZrirjfU3GWji09nDT,0
23OvxppBAZq6xqLrQpyytj,0
0hiFoxxMg36FoPIdmiAyfX,0
2NtGEBPfxhl9SmIzZ7QEAg,0
223pTIXzqcuxzQyAtz5kyo,0
7rLEnlnaXB1TM4p55Qz1JN,0
3tfsqKlijCyeRO5TZIQStC,0
6kbRL1WkHrKxHsBrV3ComC,37
1E1XcSAS6wCOWxcZNrrhns,35
3bfZPCm4UrEEmrayPyxtbU,30
3O9PMUpo4M21M41fMQsawW,0
6HxK2OuQDs24vjNCRzE6pT,0
2f3GPCYUaoOLoQHRXrlMaL,0
02kdNcUqZRgXwQiYr92gZW,27
0xRrshu5CURGo859MmCvWf,0
60DBiajOIPsJqoiVFY6hrE,0
5mIrFiQO3VwnMK4GAyJOfr,0
2dB5GYSO8IdZazyTp8YhgB,0
4ymQoZNLQpis51EmcgAoNc,17
0BLR0gzwIbPJlI5y2BUGYZ,0
689izEMmyU0vp280Y0JLMl,19
5AiNxLZufMUfR6ADAxxqOe,0
38m5cUBHsFhD9xsjvRNOKc,0
3mbcpcRiAzeycvnX2YYLY0,20
5ajEdjV7VfH15GqSL8tSus,0
4zvHX7fRYpva5QO4cV27yl,23
7BI7qd9aSWhf60vZi6RGzQ,32
6feLBW4q2iKBAgm5HgkCZV,34
2SAhbZ5QqI5Tof5DeBjGyF,35
63Ly2sEzloc9s0yAXlMi6r,48
5smFCXEyT3yY3gHnBz02Ql,13
0bTgregq5i4cNxbmQMOUm4,0
6SRXLRtZ5844IPi0YszKtF,0
4o6daGeD7CbswTPUCqyzOJ,0
3vwmTGh2zgxxoJzvcvJfhm,0
6XkShR4XsRhL0bKKMKPpFz,0
1QqVXJhaHXpWHrnaEvTzi1,0
7BRl8VDCGCRrFwlVJ9biBT,4
7IRpfv38ZXa9euHCA3ZKMw,29
5H2cgEPEJxA72Bqb4cLvrj,39
06b11p3gAvqqjOnku0CK9V,12
08qjPXZBdEyif5PxU2AY9S,48
4BYl0dM7AAx8FeUCAvIK7w,0
7Fxb0J8kBJ0H4IDxvhamhp,13
7AdNd20xhJsdlOY93H5HiD,16
3pzmGlzQeAkyjKEfR33yec,22
7axJj8BJF6UFqQIQfROvlN,17
77JdjC0082Q3g4Nb5ugotm,0
0lXz2fuzK8s4csGuRrPKpV,20
5Kd5uREX2CcXvFigm5oMdU,0
0hKbBE3RwBZQtsnkzBIxIR,0
440u9jO8Pxmtp72RMEe8Wn,16
7DtIdJ2oeqBIeX8muz8ybI,0
4wMMiSEzBgqpkTX4XyTNOU,0
38mUzp2glbbLwzQVXaakHP,21
72qwkxwEPAvHX5zhigT89f,11
1lC8x6NCJFeMDWucl4TuJW,0
0k5YE4nhWJdgzhyTv0YPHP,0
7FwUBR93O0aSvXltMM73e7,0
0PSHEHVctL81aDFJ2V0wQ0,29
2vA4zCYKpNYZWQfK92sT6N,0
1myeLS5VH2GKfZFBdD9TfB,0
3bZUiPh8lS0EowN4L7tJGC,0
6S00LsQDmqMtyVy1HzROR7,0
3EJflwzyWYd9PIz6g8L97V,0
5nFlcwk4U6KTFIB1Ij23Bt,0
5BxVRqpZi6tIhAap1ZjzVD,39
5oIpqqcCF49NCAuy4o0FAU,19
0CDoNIHn1ivManl0kloMzj,0
18QnuOfBATMFLDxfYwSqbX,43
4E0SwMbCpOG8KvPQzsw1o8,0
2wl460yr0e8Bdnb1WOpV3B,37
2OtcGlYvI7rMGNJKG6pDLg,26
12LU5Tp6xEaJ8qMdaLO4MW,0
5yVz80kgeLcrzHLWCol2xw,0
22EbQdsUKInydpq3A20H7Z,21
0Cqm4rlGZw9mUyzVAYHiVf,0
2wOZ3MzOvz7IPyRSQ6KfXW,16
437h9GRi70A1BzMzh4cyra,34
0N4RL8OFtthWHPY7QuRywo,0
31G7eQpneJAn4lj5jbdGQ1,0
3qmJ5EaqncyHS3qjtYuzIp,22
63TgqagiZnNL12LWDHrQKK,29
1c4w5n4wDYIhOSLzeycjTi,7
5aEwbUkNnUIhT4MFxU3zI3,27
5DLJPVuaVXp9vlKfQIjPWh,0
7h5vsnbygkp5EXbRgXQ77g,41
2aZ2Co4NeQRsqWcU930zHT,66
6Yu1OL8I0D4vjOzYdsXYGK,64
71SidvkT6LCBHRZI858TsQ,43
4NOZKKJKMWhQCe5uyQNNG6,39
6luhvKibJJNM4P64RLNwgg,45
52UUUJnBvaEX4LtEbtJgUI,31
0q6LuUqGLUiCPP1cbdwFs3,84
2jQiSYrwJehQAcuaaQrXnS,3
4rtiQE5Yo2gC8kW91VCoXi,0
4YZbVct8l9MnAVIROnLQdx,69
6olUplztLFFfU7fMYmFXOP,0
15rZ2QaGKjt9V6jG8o3gH7,27
1QRhkgyZLIR1aqNPvB76ne,0
3L6S3Px2rdU0HprDo2Famq,0
1Xi28qSSoARTXiqMwb8Srg,0
3v64IAj0C9myTAtDsUAqR3,37
6BBfG9FiwJhRVMCd9IYl6c,43
3ZiuxcBeRanTjfHzVBuuQe,53
1U0nWcWMR1gyHEHBvx5YpW,38
5gBEdUKVZJgvQwNu8pIQqy,44
47Bg6IrMed1GPbxRgwH2aC,1
74lfGn1j0rBJ3YqR2mo4oU,42
4P9mkwYxReeSJDsUvUtAkE,38
5Bge1Dsqjc14hhGguYML5w,56
28GbaBYFpYi1J61fXnGSfd,0
4V3VshJLUTCIWa77YiAkvM,53
4vxsJyTGsAxnXWDuYseeQP,49
1RGasjWLZ4qMN7wbtkLa3u,72
2yrJ1jWo3HLksJFUqUsZE4,0
6IIcLzR05sN1gk4ngzz7Kk,0
0TEekvXTomKt3hdXDZxxeW,1
52Qu0no0NBho3zyRmjlsHn,60
4H7WNRErSbONkM06blBoGc,70
59lmc1erBarSFuxFLxCzVX,19
3YW7AWZMCvNBYBPoFdebTh,26
2a56L9B8RtB4vhzXCYAFFU,39
0Vwfd6fxFrL3kCnZSJ9vid,0
248OFOZef6ShXv6DGgbnxU,63
1RMJOxR6GRPsBHL8qeC2ux,13
1JiVdjenpldR3RduRtuSAW,0
3UCOHhnYLVw2ODokTTtaka,37
7stcuQtnHL7C6XdPvpwywv,50
7kQkmyoHCEqwe7QwDbkSXM,15
4EpZ4eYuZOwPSSwyqpdHnJ,1
4zvHZWOGyL7WcmqHOgtGCW,58
3RGVYzHQWQOlHYphHMAaaj,0
53G729jc38JTStNPNX4dF1,0
3p7byaSR5J1he8vvDkxirp,46
0q0UHaklzSXTGIaENBn0QV,0
3s2C5xTanm4Kk3Ed2Rb2mo,0
2nH0gsXkSo8hsMv992jbTm,0
6iSTWxErxiep4YiYjXGmSo,0
5QUsyhPk2WXnMQ0KwvyEp2,0
5zRHyQgNPgl2bk393NYd2H,0
3WxmlTZ85sCYFnuIXmUAEe,67
5bJ3cuvn0fMdSV8tkJVpNY,0
5EV4bGHxVN0kHpcAFvgnTt,59
5RFptzTg4VOBTxbP9y03ID,29
6QfS2wq5sSC1xAJCQsTSlj,70
4u9Y4Z9i9VaAbBK7rW1Rha,64
39oeKRgsLeynDIbWuXyA47,1
3Ri5PVHQ3VacOyPT4Pij62,32
7mjOxXnZYbGtgjyX0hqaLs,50
467t3218y3yihFcyDGWjr0,65
6ILog1T1vfQMxHm0Wok2O0,0
2rd4FH1cSaWGc0ZiUaMbX9,57
4zHC1zzSAV2xR7OlUqo2Oz,55
5sHde7fFQ5TthEulnBllhi,0
7vGGAJBkHKxKtOnGjQduDV,56
4BqwtA09d5FIHbdL3FZRxi,0
6fhEYtnORqxaEoxSrMH2bx,43
5WNYg3usc6H8N3MBEp4zVk,66
22vU1n5k6pOuY6VOnQo3oz,0
02tvc9CFnTyHuSRlGeNv9w,0
3rIKurK8njiyQvZQsSU6bl,0
3AbV3JF0bJAZXeHEJZfpke,0
2ZWlPOoWh0626oTaHrnl2a,83
52Y7fihwIppKrBaNFwb56D,38
6UkzqKiOsrcOSmaRiOEQRb,0
4c57ZlmIohTkITIGzyE197,46
3cHkjS45Xiduc6DcXtXmAo,38
4n6z0yh2ZpoGh0RNyGVu52,52
4t8bZ8dxZtatpjOpBrAnUW,30
3ARti7OUxxxhvruAhrw0Pd,0
5oiCAaTXWuvRRKJwOfHev1,34
5JFkuKQsPps2ZaZzaLx63d,61
5Q5sQ1AgLQ1wKKXIYt6FGC,53
5hzYEPlHm5nHEGCvQJg6QG,0
6vBYLDvY6vMzHMknz56Ls3,35
0G0THcz2N4UpY4A6GhgMsN,28
5nVVMpZuTAzFyyNtBnD2Vd,28
4FzTuLQ0vck9PBtw4kqJ8F,29
1euQrkGwRPQod7kcddoeJ5,0
4CRvXmp3xs3LCjFh7u058r,31
6zpCJDhdpHPZCcFCJZDqX5,1
0K1glOFXQzLm3KxjJY5rtK,0
0c8X4ApJu6CNEXoIb5VKMo,45
2BVUOGciUUUqOPSLtHwLGp,53
1xKAX82ulfphGaeZRlwmJN,35
4Qt4z5raRM4riRPtU55uAs,0
3u0n1VYwUNQyqiQTzJwwlL,0
3xEqegrcyQtfhWeEMnDyCG,45
14w4u5B03GZxJGwNWgnFRp,0
4lLAb7SzLQp0FpSUIqZJdQ,0
4EaO2XR7gWaHq8DW7nu1iY,44
0WQ88kAxG3KTcGJAJzCF8j,16
4nSrvWuCRK5yzY4K5iksAr,11
2TtLHwMd2qGw1jn0mV82ES,18
4yNoaxUJjnP50AXYoAZx4S,0
09dUClsKgQ2uyonfqJqeCB,0
4tTFMLph2GZzgDCMbnKJZG,0
6DxT6qWd8P7ZOP5p4urTfv,37
7aJMDBKnBkU4CTGqnMQpuz,3
1dFkD1JfRMzwO6hwUsE8aS,64
6OtCIsQZ64Vs1EbzztvAv4,75
0otmDG441slQ7QYZUPgBcM,43
5oBzet0pFpm9tEz5pUmdK1,34
5qIn4pLKtgx600opXJnNLd,11
3eSD4F6Y47EHatykwASvHX,34
39yDIZ5WpcwkFyjpO8SN1d,0
4Lora6205JbkK6BJlttlRH,0
0viHtyuhVNnkIACRjh08N4,0
0feKZeNQejawicLLYdyTdp,21
4IoYz8XqqdowINzfRrFnhi,79
36fRbuu9QkKVDR1j7jTI2U,34
25wBlLDFcspzo9gBqvrQr3,0
5j4mKTvOu0cr4cooq57sm3,52
7vLeZPIeblZLz04hLRRAES,3
4eucKRPayKSzwxaOOGfhye,0
7oeidbRS7GmtiTHY99I7uA,0
1808VWtrx9NdT5fCHDMC7t,0
0owbFAS9rCBSqJYly3fMbE,25
1F2HXIJrE2Xn81OzT2zZvW,1
2cyfSwcJRd5ikvj34eokdN,41
1PT03zQv9YRAYFt8BzgiSS,0
5Kn5DgKUYMmSWpD6XTVtww,0
0zc0GOdR0ZeSkATdcam6p7,23
6U2vGiMNVhJiJqxrlu18uV,0
6wU8XNHA98WAzNiLqiQiru,25
4iAPzwWnP0HMJvcUez7ljC,18
3GmCb7uc8HnCdq0wGozVw2,34
3wKLgtriaPGVW9A3AoRE9l,32
6gFSHnsWpiFYt0ApYi4EjM,16
2AVL6hxC2kgvGb3CFKiqWJ,0
2JQm8NNpFkwvhuKH3yhuC9,0
74tsW4h0WDYRpfD19gc10W,50
39sIYwLYquEkGkmRMPHkH4,0
42xDAj5qNVFcxciJP3hSJd,0
18lqJUEP9asLnmfweboSh5,0
1ceGzdrIE39uWWSoueBIRV,0
4jmADw2rRriDjzSruTySZ7,42
5RoIXwyTCdyUjpMMkk4uPd,3
0qDBPHQA0z1quCSeqQrbzn,0
2KlZexJjJPuNWcN5uAG1GU,0
7fGxqyHFmWrs3GhpwSht4H,16
3EADyGIBYk9m26FABcv18T,0
1RmPi2rBbY6pB97UDbsjeq,24
2oJNiRn2MrOCFoGfnlOYyy,0
7qoR80YEhHwOuKx075tuUu,0
52Jf8rOBta15wNrkOg0tg0,0
0KnzZd9FaVOKtOkzSvOivN,0
0glI0Qi04BEuaNWNh5Wytr,0
6QZtmgaUkxWk3Rlq3Upll6,32
6iiajViQXzVQ2qFYDTguEU,0
6nsZRuV1jxBWXNLOSCZERI,0
6Zjw7NdXuLiwULHgyJ0Jk8,0
7p2QsDBkOmFNK8ZETH8S15,0
0bleWpLne79d7vpP1cUC4p,0
4zdU3crpMx7UILpUiwFBaQ,0
5l1VdTIOuBj1Nz84BDiZHV,0
6XDHl7h9blHE6fVvjh8KdX,0
5CFkmOYSGgFpy1AFLjiF7p,0
07zV7KJhD507OPDD0NUuj2,0
4uvwedM1QipiOaxr7k7zuD,0
0IRz5I01411GsTnepuXtUp,0
5nqJAP3hKBH0nM33RLujvK,0
5lpYRameatJ020FwCl4Y4Y,0
5jjTz0dUHLmcWcSLioEAb7,0
4Ew97RRUndYLVMHvgJxIaU,0
2YL6ORlq8Ob2G5qhsvPL1M,0
4aBEm2uCbPWgVvZ7SP2KZe,0
7zBkFHiWejDPxIimU8XpVw,0
1Pvp3lLLxoc0qKBDUjHvvn,0
15WD2cgiZAlQSY6DHr7rW3,0
6HL3cmt8NOO6r9aAN877PH,0
3JsA2sWDNR9oQogGAzqqtH,63
0BfLvshnvJldGROufmYCrv,59
5A3qVlLryOqCuAB1DXrn8t,34
6GbWNeR3P9MTCmSyPVHgb1,59
77eJ2jPNaV8MiuQatgmeQ9,0
6GOeZKhtro6T3EVX2GOpBn,0
5KytIKWqQJXb2T3RNOyi9G,64
0aKoR2iMGuqAUBBCdRwII8,0
3Wtm09sSjyoidTrms6H4H6,0
5z4rXPO6B5SSMVnRfPWb61,41
3y29QLWHxB1G7CfuFyZ8qe,0
2aiAzLLkHcdJOnkLlpqHUe,16
0JRIh5NUNF043xDylSYIVk,14
6VEWoWkls3vXeT39gPy2At,24
4SSnFejRGlZikf02HLewEF,75
3XF5xLJHOQQRbWya6hBp7d,76
6IRdLKIyS4p7XNiP8r6rsx,73
1EgtRYHFJEpEgKIbe18jec,0
4zKyp3uvR53CfUEKikJsmq,0
5fLfzMQ6T583mnUke8622M,0
6SxhMVIqpdEOf9jVzgfQJZ,0
6J6FXmYrMxg93mBxkugUlI,0
3FnLBRntvMISXApLyt4Sl8,0
2UZUxzh7Rew8q9zqRzVM4j,23
0mCxb9UFHau4aG14oRPl0t,0
4CF0ypdrYDSEtAczdwrQwo,0
1Cy6AaY8lvDFxCB7AlLjME,0
6K8FeFOouLIapUrISpSaI6,0
73bDvrmSBh2fr53tLDH9oA,57
2eZlteRPDQr9ioxX2STcpt,14
6hucKm27q76t8cC4jEdqSw,0
2ap1x3VLFXzeVRDl14PYsM,0
0b49amLX2WGFwGNmq6xE82,0
17txou7v6Jxrwm4SGBKdBu,0
7pe2OKY04MW1Cunyqrai83,0
1vZqSAWEKH4Aby3Z9nJ1Ln,38
5RROFztQ7ua0p9ttJ0U8nv,0
4ho76qriHdzQFaoKhrPvwr,0
3uozbmBqY6tB7dQJFtb5l5,0
7K0aHJFgffrUKH8Z3IE8a4,0
7K93PgKyLPZBQt9fPDE1K4,0
6kUohQ7py1XEcQAhUgf2Zz,0
6NQfUZb5VummNR8rozb8Ic,0
05MLzVoBzoe6LaBooK7Vsj,0
3221dI8XPRA2COFaFlDI1o,0
63OC8cNa4ZnFB3bbvbWCOc,59
0zDzOFSvggZ6IGHJllWg3F,0
6Jz6K1LBGmYqirDbkk2y2K,0
0CJwLZDmSFdXL2WcA74Vo3,0
6rqONVHOT73QecUdJ5HVHy,0
6NpzkIYecTgirnDViWoisp,51
6te1QldCR1BWiNgwZADpu4,0
6SseDBcadnkZaEAkzUK6a7,0
044qU7kwVZaDwzWnRsmVVL,0
14WC41AQDTPVzRUpvcIenM,0
505hHgfw2U0XtOpC3XYHOQ,0
1VyoSDW7fP7ud2z0YpL9u8,0
7bWTJ9aXMNGoQ3rCQEjEWu,0
5ZiGdWZvv9kaWw1UFcmDur,0
1zuY89pNly3uoQJebQsArr,0
5nKEBGtC5ORYnZMeOacpxG,0
39wHJyoHNlaFEFUKlDzNo3,0
3nATeGcFdtkhpUrRvgr667,0
1L8epx3bjOlIKncbJZRUcd,0
7noT3FgeH9FbCDLNJODXFP,0
0WQbCSbujb6bSPVENrWYrl,44
42zJqS8TW1Lpsa186of3OY,0
78W6Wj2IBE2leu2fz7dVXv,0
6hxe6A5BT0YnnZsVR5OPN4,0
1UMB3TtruOojfm4EXqP34t,0
32zkKx35Et6A515oZKxDkD,62
45dKmyXd3icRGH0s0LGESv,43
65yj943cpxnMmgwe2YEZag,0
4Sd8YEW2FbCXvqTW3NV7N0,0
0OY2KqGxYAUizKfjwsPrbp,0
14c6Q17DoHUY4A2u9HlxxL,20
48lVHYfNO1TvL54zMNwVnX,0
6v4ORMzjFcS8bfx7fSwkZD,0
3h9uL1GB5GU0TdNPrFHluJ,11
6OsEQa0fSWbsqbrF0aQip4,0
6BPUwak7LDEFuU2FZVHhgl,0
3MSZpokwCtkv9BV0vS3uGr,0
6FvSJjsxM3o5ctpexdB31e,0
0Uro2xUVsEHQNKR5QL4Lku,0
4sT2hi5bgnG2ApK7Oq06QW,55
31fhJR9Lop1IScpn1B86k6,0
3dAxzv7hkxipbuWJaOMzAl,0
5mIM8wMyZ8NqhNP3brwnEV,22
2jpcKcN8SZtp94IJpd7JzB,5
5y0wWqRzCBY1MRbguE73Z1,4
21PFmyhCNDENa8CfNYaPbY,31
4fC2lfF8YzQuyJTiQsbHkQ,4
3JOVTQ5h8HGFnDdp4VT3MP,68
59A6lBd9QmcD8rQTZPj1xD,50
29gadGnxeyCsHeXeRpEkeG,0
1EzrEOXmMH3G43AXT1y7pA,77
76VWuBu8qoFxzfhpfW0lE6,57
08XmoAjG6I2vbsONnFmDWg,36
5ZpDC6e5U9zYGnF0Jxu4Kf,0
4rNOAEQx9ywqkihRssCm2t,0
28j9YpcO814u2WAv3RKstY,0
2nkdmdmpSreBz0ugsCnUix,0
7d43We1cl1WMsmUYDMbolv,13
7Bstjkh8Ymg4r7cGAXBbnR,0
0U0l6YXTLm8QtMD8fd208t,0
0cgRDeRDPNrfRifO8WHit8,0
6giHzoNmL0kwyBZAXGIIc2,0
66sCCqeaxSiDbIdewAx6JX,0
5KmwE6KlFaQn4Une3LTrhs,0
3TU1H0EAnvbGc7IzE7CUn7,0
6IF2P93LkyW4GqDQu1yS7H,54
6ijvGZMWSfVVb8SPWX3h3M,0
60lwJa695S26FsYbhCVFVa,0
4qH3RkbFgzxYyXUD8YC8kr,0
2gSm4u0pOEqHFyBNormMVz,0
4z7N3LUchksm6yMrH2XHA4,0
2k6pJDKXsWs3luhS23Xdd7,0
6VdPR0ZgEcy7e3GVjcA5t1,0
3f8xfMuHb4cAbbrsmz6itv,0
1Zy6u7hhITR6qHYpYvg8yD,0
6Vq9kOWj1X6KIg4qPKuOO6,0
0UnjUj5D9vPhYOPK4Ifwwh,0
7DuLZ8HdkbJsFSIBJTYV9U,0
5BBFzEZHejmSWKoFpcLM9F,0
7zqhUgWpWzwYnT9eewPJEK,0
