track_id,track_popularity
5Q4DOojEcvYnwrFIHR22y6,0
7Ec9qiOemgoYl73dQcCsNH,0
6923H6OtBkxdFrepzaVXMd,0
4OrNPd9u1lDB9p8EpNDZDL,0
4ZzFtk0U3BQalY3nLEaZJ9,0
2gi2Ni0IFZeXikkBYgkEvt,0
5PgZLD24ykS6AsMM8ZKKLo,0
1j8pd7HrxRQRohDwfVO0L8,0
4f0UiNGZA0ZVaOeKQ52CvY,0
6ZdiSlze1mj4NLzAf5sPpN,0
3Q5CoZMYVDiwv1lpyiDsji,0
6QaedjNdzSBo8iCvMQDCnO,0
479UW5ZEzAhdSn7uq7doLn,0
1rGxG6Y5OgmSwGPRPJv9Q4,60
4RXADjwsZsVuqUVNStV6lS,0
0Ffg0etsfpaUNwv8t0bosp,23
1ixSXH4wf5oHmGA07zoK3o,29
2Wr970IfovsSGnfkE08iMF,0
4w2iAP3X4FkpPb5kjRdIDx,0
21xFsQzlsh6cr5XIDqKc7S,0
4ogp5UEEagtt5gbM1QDgTY,0
2jPskMhww8DEwvOB7KmYAB,0
3UNuVVGosJLfLCsWHEhr5U,0
3BmjebvpNDVbcVf22BrNNR,18
2EHb6XNNMtMVpWesvndBzB,0
0k4kiY86YyvLYRqQETwyXD,30
52JAhb4HXp4PiDkSAIk215,0
4u1eigMS1ORqsTrASgXzID,0
3nk8fMceADguLOWDPGSbpO,0
16XhecupmndkdYsiIn4Cu0,0
5TtNpBiVb0frGgr63WEyyv,0
2BrzlUj1u1CtvaJDGIKpsP,62
4Zc6OSN5jokFfoWhyqn8Ur,13
1fWwxmWor6QbvBeLSV428F,0
7pbETrTDObjfhVT4qh9J5q,29
70K0ezmzYEZeqoSaZMyP7o,61
2bPujZTjHKSIHztskmfudg,0
6u9cWDkxbTXaqf4GZP5MHh,0
1t2DpS6WxY0JGX3IJCLQfQ,0
0IMQFfmMikvJge5bweNVxe,0
0DskSLv9ocz7KsJlqUSCGw,0
0xLb9aKxyObbRgMnfW7bvB,18
7pd0EjaK0m2Er7fEsOzruu,0
0KE8xLEPrhrvc02uW1JMhv,0
70Wsfvr0gJmTzHPSnJyJJE,0
3DGTyRTrReFYlNQrevIQP7,0
7tfdE7sUbVkPhfAK3rwyc2,0
3HN9DNWtFSI3snc5pv5cRj,15
0Iwfj80A8KoGOh5XSFF87m,0
0aCI9tg8Pb9l1uoOPk9R8n,0
5ZmQEfpxN3WYJgfkU5z5WA,14
1UIutH0tnqnflhUat1Q6Bz,0
67d8DiMwQJLwPRdKhVjmS4,0
1FeT3vkBmCC9jGJ88oVerU,0
0ltO5bci13M68sTnEctBxR,46
6IAOkZxfTzpRDL0nAAynjq,0
0gTAcOg1yS6KY3eMaYlpKg,0
3uJsg8xIH7OpWHxuJaMLJX,47
7soA3JDXGprclB4x98xp2X,0
3oCI9IEwKLMMBo8d9Rjw1z,4
4FI6qJdZGN83WyOnvDON8Q,32
0XYvHhtD8ONs8Kqzx7D1On,19
70hvCk6sUutFjKA1Y4W1mc,0
3n0VgOwlCp8cdSWqN9GnwZ,0
1gBGDhwhekrKYy7gqULf0t,0
1YItRRQXVa3GtFSZ0RmgXA,22
6v0LVhxY8pgqhbsyPNFjg7,0
4dEZbrokJ8lgNyrdL9ZTe8,0
4gB61mP4tNChn4LgfquMhi,0
7lWbWrW0wV4MB3zo06FkyX,24
6mQpBTqZ2Q10lJmds8niP7,0
4ExbAn6QFTRUxml2SDVUBa,0
5DWaEpFT3vqOrr3fTaOhA6,0
1lvWhdFZyTkdnUBYpUE3e9,44
0mJDqliT6vmi7i9kRoSAZ3,27
1Qz1BjKg0fgwSZQXYgyZR9,0
5Leb8e1Nirv6IFHrmvJNv3,34
5EITjsahjBbV3FjLOPzsfz,30
6tucelGpAWEAYMUhbND0TO,0
4qjLvvBh5ZeKEPyShKRf06,60
0oInDc8Q0nc8I6mKIliCfk,43
2HSg1bU4ZmlVbhyYZ8YdyE,29
5PAr8JS5KtQrWzDixaD1Wl,30
1WHbTjO9WZChMmQdKwmWAC,0
0NI2W5tqkfMWwY1nhl0iPe,0
1Wm8n5eQpDaOk2eQjf8ENd,37
3evL7OEc73Z1hlFSaZkNpo,20
2UjEyfnKzaY7qpBEeESJjv,0
7JcNSQXmd242QV2GYKeMQ4,21
3bkBEBd8G3kvarNlTvCRPU,0
7vAVuNs41gDdzfSiMEtJ41,0
7qIICzwgm3eu1Ic3ufPGJf,0
7jGa11njc3FnVpO6QxGZKz,19
75ZKw8JLaFsYr51J44fQ4N,0
4QfrbKEYdcnsprpRg0VYQP,0
1JzxgZWVwxajO5txHJSVfY,0
1xy4apMFecGGkgBeaHFZ2M,0
7ESboJkv8dqKx501qftMkG,12
3yF9KdPrwaDiZR3HByjlwV,29
3coUcc0CDAHz2QwdP7Pee8,54
2kMKmb60xVUIWW2Out8ypz,59
6XfZ63vc5I1IUDRfw2FinH,0
4i2OsaRNDW7Jr3KqUb4xfw,0
7FTnd3mjTk2aGpg2g2SFx2,0
1nBKCSY2vg5nFDHquRH8LR,23
1oQwOiKRFTCBUcNKZOICG3,0
6RxFSL6ZrGxmVHmN4seMub,0
2VrONWfzJ7aeWPuHSYeFnx,0
7lgWYmAitmW9CTrpLJ8Np2,0
5YerFzhEvwr70WP8qXgd6o,0
65RMx7i8rPZNRq6jGmqzeu,0
3WxQXufIzssKD22MqKR6cW,0
40c498Ic7gnr1znNRZiPPV,0
765ZpBQUUFKAVjzVyW77if,0
4cumZShSrE76155WJ6kyGl,0
4VckRQW4RhwwIx6p8HSAbE,13
0D4yVl9Pn45xW2s63MFCmT,0
1r2N0b4VRjrO2OAc5KXMR1,24
5xgvMrYYHTIEtx7w1LEAn0,0
7yj6i3TaFhBvxbLGejrvfw,0
4Fhlg7UFKHbvBZgsHu6K89,0
7h6lpVuSGPW6RNjDXKpYDh,64
2flxduIqEbsicdmPyj1WVW,71
5Ti99QiUdIwe0xG4gS22FL,0
6CUugPwgI9yd0iPdMFkClA,0
4P38HiuaPb53cRh2yVroIV,0
2zcPV7NeGyhSZJK0WjETx7,38
27W2xRl5A5vUTuj0kX6YmW,23
087B7ONFOiKkkMVmg83md0,30
3jl1I9gvCXo5V9hu4hYGLY,43
5t7SHDPq9Ef7O92chdneBs,37
7j3nbSiaWphYU2cFgyQXd9,64
5yY9lUy8nbvjM1Uyo1Uqoc,72
0nbXyq5TXYPCO7pr3N8S4I,83
3R8CyhJfVjvgIROd5RSGhQ,59
2Ec33AVlkTTq8BHFgBTdQs,60
2u3EyuCqqV31woqGvO9LBz,65
2YwC2IM0ykBxtMBH9aMe5m,0
6Ozh9Ok6h4Oi1wUSLtBseN,74
5rSVQzJQ5nMUcFJDkJMfzL,50
1lO9CZo6eDrOy0S7khgryG,56
1iSqfoUFnQwV0QW1EfUit8,76
6gi6y1xwmVszDWkUqab1qw,75
2FvD20Z8aoWIePi7PoN8sG,74
35Ycb1cMPK6tyNMsTepijg,30
598yNsG1JFrGd4n2kMoz7F,57
0jBJIQuToUUOEx7JJkiPzm,46
4bl1HBZliBuYpFZjWgefE4,54
6YfTl5YupXOQBKiJJLrxcw,0
5FkoSXiJPKTNyYgALRJFhD,75
07KXEDMj78x68D884wgVEm,70
0fySG6A6qLE8IvDpayb5bM,65
3RZftiuTcLOqpsd8ZlwNhr,54
09TZsMHXEtQkdmMJZPLKup,0
3Gzcb65waeZYidm0vSaelM,33
3VyjsVV24RmBIbWJAeUJNu,0
735RSTb2xbtWbDtKD9XDYi,0
35Xf2ABjPzUXKz19akd7Jj,57
0eHFPf7gom9ztF7Jc6FP6C,0
3yD2LWeCCFu7ybBO3lwbXM,0
6klLvorLoo1sxvZcjJIY8I,81
05JdgtCKkZ5CoOjM5KS4EG,47
7h0d2h0fUmzbs7zeFigJPn,61
7tgjDlQsMR8RvkdlNCJA58,0
4IO8X9W69dIQe0EC5ALXhq,66
66FltlEV09mPJYAyfYm8De,49
1K2xWMZP8mgMXAR5SpcLQu,0
364spZLB5bhNlnPrzvUB41,0
3JERoo6pokCgQ81z79Jpmo,0
4E08gEca6avoGx5SS4MM6T,0
050ud0e5cmIYjmXplDugVQ,36
4YrS33mjBWWchoLJTkAKwt,52
2Xo3rLHjXfdb4avN68aQyi,0
34e2WyzmjG2aDk7KykOOZZ,0
4DkZDzcHicZBXCEdA19oWs,38
79s5XnCN4TJKTVMSmOx8Ep,76
6VYXuUz1nYMap8gtqeIrQB,44
7LGWmZaoS7jZJ5tEi9EcDi,60
4Chy83oRs3pToekNNpvTU6,28
2VhbfT4qyB4KFhVEDplXxX,0
4aytB0kODhqRLnJwdJqUmW,22
7tzVMfgxbeMoxpBPz4EKoK,0
5vCMqXWUY0gQffbbX1z2eK,26
0eOOTL9t2P448umBMf8vcS,0
6vhSIjj1M9HU9OnOi8sdqX,8
0cZcOtDqLaavK7LowhTBsa,0
06s7XknCVIqABJY8cGMol5,0
63hM1i4OCu2axm2JwbQQXF,0
1sL9EukureVOZOrx69SiWB,4
7gcVX05HnwUIHev1pkh0ne,16
3nuSxBQUTn7nidezkdcBf4,0
0RVzAEJdh4VsuRIkLqmo7t,21
2APhx63Q8xpqlQ1lkomqTO,31
6BwCkzxd3h6eA5xqOUZzUY,0
0QiMXPWqr4HkJICdUxAwCw,0
2NEjPjHPuTjUqQ8MoIWi0Z,0
0vTJP35J4M1PY9iAA8UmbV,0
5VmL8CrjM82tIGWwum8Cbo,51
76RXCXdZaVZ9LHbmBypZnM,6
0FouIjnjH3ygThiuPuBatM,0
6VCeEqyExn5hfV1dBsGDIm,25
1xHXZxN2boq8o6ohlAlB1O,27
6B6QA7QrMPio472SsQjQnh,15
1pqkpQx65J0uwl5PbnUDuJ,0
0J9C432nUkMtgKiHQrVF1L,0
6ekeactpFOI9b9NzwWDDb9,0
6cx8ChG8jGa5Qc91PIO2yF,3
7sTVsEhtLy217gr6739xF4,22
6sCNSFRrvhVlLGWJTvTvbm,4
74D5pms3OKB8xEem6KwLdY,42
4fypvLcaDU7pdHJ5xlRFPV,0
7ALj2jRLBUaWXnW89GlAbz,0
5whd3bsCbU8yuQGfFY3w7U,12
07PnRpdo0I4sEKahf0Os8l,0
6LoeOsb4PfpP0ph9iMsvUf,38
5Use6EepmS9Z7wAUPy3Kp4,20
5Y4nAJYenoA15vWtRJllMP,0
1p5jbuZMzTZUXOlmI8VRIl,0
6oW0uYJZAR5RjOWBr9onVj,0
4qv0hnIWqV1k1AksEY52RP,0
24LlCzV5XHVGSvIUa9Ke2G,0
5g3lpA0rVxdt4EtNwJQBQw,27
4d4IrFVJFASjI1QC0zDKuv,1
0o7YSyPeTwuZXi4rn7NDlB,12
0w7HY9VhJF5KHPqhOyY6Sg,18
1MmD2ICUPPyGxGDVypctcF,0
2jT4R7AMB7SrA4hXOkylYo,0
6crAYI7gZzmGHtKINtuUn7,0
1nNSbg1oXFH5AxyI1WRxkF,0
14gE9N9Hx3WyLL1U3CnizM,0
51mcuqQpPcsMRZ5KW0A0In,7
5qCr1Rq9otIdSC2WyAJ1fH,0
4KIhtAJo1zQmT7CiztTsKI,0
708BmbNyEFsWl0PQXWHknO,0
1Mlr2Los4l7nUxu6gSZMLN,0
1YG7HsQ6msnV0z2FDTptnf,0
2DHHKsZ1ejniF4qGlGNz3z,0
5CFUgwifmVBL4lrIVP2rp7,11
52IWmLOUfIW2a8dHnMW0Gt,0
34SsCsOInrOqdkbjaoJWzn,0
2sLO22lacNt7fQguWaBKRo,0
14kpqRxMt2iAvNvMEoGJws,52
2FygRDP2PuxcvWGGyf3nao,0
7mpdWGRFeoww1AR1qz0T5v,0
6xZWNYuoNPDOJnH8ez4Ydc,0
4G2WtXPgkDl0dnwzoBbBSj,0
7gPjBaQ0ezSHIAVlYTk9ad,0
20k7dNVQhMqPEYlOwFrmC6,25
37WThuwPuTsonUbRbeGZXz,0
2lN0R35eOsdqBnFaQ5k0rM,0
3xhbFPgrYiWY7Oz3qovZuj,0
4q9OiG2pXGdP7xmcRRNFMt,0
4ZngBJlBDwEwl3Fv2Hy6QQ,0
2Fs5uaRcKRwmAth4u5LzaZ,3
2lR4W7VFKuLeeFwhIqzDk7,0
2cuKRkBOFSeM7ZLCPC3gFt,5
4mEyUJn4hgJCz75UWv3YTz,15
5xYK03nHMZgAfYZnA9NJRH,0
4rFCytpPDYKLzDJ5f5hFsJ,6
0DvqAXyoA7zRB8wgH0DjRO,48
3q2zODlw1n3be81eW3SHcv,16
0T3MQGkFdP9FxUJ4bRO3VH,0
7ueIVxEgrDYvlt0slBFchE,0
3aNsRsxKJWI7QdKEbav4e4,0
4T2mW6Ie4bg7KD1yV6aMdb,0
19K24V0kGvNLFYCR8jMs88,36
4JZIQzEuPvnGj68SHC9PSe,0
0nBaWCfOOitktygBKunrEi,0
0QtbbFtPyH8VNE5fxQ8yBn,0
4QwB3OnOhUGuS8kDBEcYb5,0
1tzHOvF8X9Hw9p1xRM6xCt,3
0yNzLGveSqD6jdj0sVVkrb,0
3QEWSE2yXJN85Q66gxY64O,0
5fwLp5qIOxEtM7BzP5Mj12,0
2VZ2N0hfF1XQIPEhot4BXq,18
4ZTVECvBdO9XU4tNhQcgQ0,0
5C4sp6JprCFTO9ZQcg4qXs,47
3o9rQJLHEq9mNQIOD4VF3C,31
7EnhGSOY5RbeIkFaoxiHZ2,0
2riiA8hqsPHzi2OYZLRDLC,25
1mZxvQwXxNivipBi5IQqGM,18
3m3IcXx0tjp9tgkisn60YE,0
289bzvdfHv0bAMNSaxr3sK,20
0GDlfD2tm6pejevucQT8IN,0
1WghIFKtGge4jNYtDDI4AO,18
3urdAMyf3Q5Dq373k8clrZ,0
4ZEN3u4mTt8gxIEPAH9bXG,12
7LKRv9zrKDrLOO8jcFPQxA,34
7JFI3PMMPDpoHt5mPLh8wK,0
5RqkiY002Ja8ETYZrVmGUJ,23
2YK5YJzVXMrVjt5dJWbNCY,25
3pVQUCv6aWJ4Gc29qkakhZ,14
0vQo3zrpW3Ib8yumDhX3Lk,0
3PXFeaY00P1xAFCTnxZwiD,0
2V8SJbDW6sK8FrHlvCdG8Y,11
3lz8akHskRyiSkvfwK0gqk,15
0Ulpm8SoYA6e7ZDdFqzc97,0
459tqykAvuDfgPrWT1XsLn,19
2BaWEDerOWY1ShD3rpqgWv,0
1DbNAHDcdkRVwtMJz2lttg,17
3fimYwkWOq8YoXnpRrmyU6,0
2QAnWA18XUiajq1NxoTJuF,0
7CTya4OETWwc00AeknaWBF,0
1pqiUytktkkaA7bV7ym2vt,15
6LldfZLHQMlNYLG19mDR6x,0
72nU2PZrtf8glvjOiSPjYS,9
7BEA0aIXF1nTvOK9zVcVkm,0
24Ls3YpU0IjeWUM6ws2yaJ,0
5DyLzEMSAwWWuAVfKhHGLh,33
6Ditgndq8NnRVJf8K3hs7W,21
66WKuB96Mwmxy9EBiECNp8,0
6F1tpMt4vwHFx5A8aWq5Q2,0
7m0cogTTBLtx7nlvR4aCLi,22
7s3YrwYiXjOFH4O5OE6l2W,17
1eN0D2pAR1hou4iEuXQkYQ,36
4cRtsgJHnz4UaUnHGfDrxB,0
6eP7ORSpvpgbbUt5aUUMIX,0
6j7fobMzagIA3dIr8bzY0J,25
1dCJprCdXOvLmK8RQ5jpRL,15
37gNKK87AHQpmDmQWWII3Z,0
5MzdRLptsrihyrpxtI2hNH,0
7wSkoXvluRMn8IOpvS60eN,0
0swyX713ErpFQT68b9Krqg,12
0UZIq5MBtALBLrYZhD2vyN,15
5BEX5jMEkOB8Zr1dUft3Mg,0
5kJAk6KD2SH3Dz8K3EfIhc,0
50w42bgL9DTDMV0oV1FicG,13
2fmcciVsc7IEKTFGWZcyB1,20
0z7QCHOnnIPiilUkEQ0Y1s,26
3izuaLqYKLPLargJXoErNk,0
3Wc9aWJgP6ST2gKqaPUzq9,0
62qhlMjSdV2xzmYrzlBgSe,0
6EzuZuIO6lR0XvFkBVcvpW,11
3BjXk1moo8smcdRE3tvtcO,0
6GpnpvtCFQ21HRk0mqVRw0,0
69gdXYtXQEX9xNeEto8K0q,0
5l40B5n4x1U6B7qTaJXPtN,0
4OfB6dy0mjs56CYTlLI7Oe,0
3julkyNbFWkLu9geA2CB8K,0
2VnKo1kUEFkM5CwzsreulS,33
5DaL1ihlNVFZ7qdiNds13f,22
4pv80UbBmpaIj178oGuhYs,19
5JZcqp91d9ZfvkGmgb9jjT,0
2J8XWGtQb2PFtuHjyaNow3,0
2yvQ3Dz7nXZLXxhQhDvhog,26
6IQZ4aWSnWZm8Cohq1kF0M,0
1AQX0rO6nMJnC2u6ORjlOw,0
28Wu2IcHEIED0PvaDurkr2,15
0YGgEbmzrt7SNOJ5nnHjTQ,14
3TlFxsF7d3hNGgRMUEWxSB,0
6wkTnl4q7qznX2JG0ZDlkg,26
27Zp4clfhVk3Qx9TwCwZ97,8
4eoIIRUjD5p7V5X5RCpIna,21
3O8wVPwskB1ZdoSRiwaAak,0
4tukb1DUFeq8YjydJE8UVA,0
03eTzlfvTDaVEJqyL9CCLf,0
3EosD4gp9RdgkemwbuQdaO,14
7oK04GdOZr7uU3ccbZCOr6,18
5QzUEV4NtpM1HNabxklAOl,0
0FuBfmT5QuCZFBjGVpAyek,0
52DECUk6ubfu1IWnhaiKC6,13
2V9u4CoNKwP7WV7gJme2LC,0
1igeI0Dv9OWFjshEH05A1R,0
6A30LeQiZ781ATWscFIJo3,0
63zCFKF73wPvX7x4c6s3ko,20
5Im6v7WQdNsp7KNWeKSHTy,0
7EWx4sRu7PQJHAFD1Re9RD,0
05Li9s63oMwigFbQJDr2cz,15
4x7B5sK4tnb9IYCkKGNhWF,0
7n0AKzZvxlKyv6cvmQi8S9,23
1DW4KWZRIwrMEPcfEdCmCn,33
7trxuSkxmsRKOyJcejNkij,0
2z8V0NF7biKE3oazgX02J9,0
5wJmmRVkx1dfghYHOFjT8n,0
79JRTaZyyrmTK31SuEkgWh,0
5Jm9dU50Rpzz5Yao9ynzQs,0
5Hq1CQHBuaxjHSCgj6DoUu,0
4WMhD2aaKegdm7qjyo4mxw,0
1InzTnM9CRkVlrRzVqbo2P,0
6AooRgSRDzbCYL4NZ4RCjU,55
1rav6gpyMEfZQrMdaVs1sx,0
61eDLrQvquaTtZRnGFz9Kh,37
5eR1O5GNIN7kTtfxgg2NFh,0
0A7qoxWF15a6oNSWKIwhZ7,35
6SNFuJXjkgauo3Kg9XJcj6,28
0d4PvVcC2GxJoVm76a5GQH,42
0nfccjfE32KUJzLShSFAK0,27
7B1Dla8uais9Ahg4VEeekq,22
6S9tXDdMzrT8LEk1A8enKF,0
2flJr7pqmFiR3JibFM9YGX,0
3DXP7pJNl1AmAUl90CAGe0,45
1jCKAMsvvLowhwmrI1aNsz,0
5oHT5zCrthfT8kFB5dIC6n,0
46gjSGy1qoGyK7sjv1wbkZ,29
01Oetb3comqkdTqBNr7uFz,6
7q85sngNN23APYpE03lFHu,25
5kgDPgxzetfTBXtDYTb1Tx,0
0T0AY7kzqXBiMuHvI7I3j4,0
57onkj1hvlwkekdwo6LlCf,0
0pM7PCxuclmb1qsjTqt6WX,51
3K1SpGtUIeHz23PpwJRrY5,0
4ZIvqmpihn94QyFfGcQtdZ,0
4xZ84q0XpGZTfNYkA8uean,1
5BqvGsg4foTngD67rNlay1,0
2aH8bZkSxnK1NIFQLEpDiJ,59
4NEdR5Yo8D2KwL7Y9KW7EH,34
7n8xH63Whw5spavIWScPIh,0
1mEFsctBXKX6nmashVJ8Gu,0
5uaIbU3oHHcSOK6WFNK5nj,0
4DTPvhTmF3oVTLjAfHujVK,0
6xzQ1uSk2Rzz6Xdf8xBnWn,50
5IJM4mXrz77UItcvVfq7CM,23
02U1wo5IoGEPAkYidjUAv8,0
6Kynli1iHBqJRWUCohcV9h,60
4yvrKVY7V0a3pLbNUFbaN4,0
2Yy1oOzy0RQuXB0cQcFsys,1
5QokJpDZQvBhg18NbQNjNj,0
5oUg1GpldQiHaMlfAV05tL,0
1yZfyNarqiwD8eJBswXplK,10
4P0DhXz4UIGH4YIH0xDUNx,3
12M2FNbOi1FOIe5KBGEwU3,4
0jvNc73pMCkyHTchaQu6NV,56
0nWWDo8j81mFJCzCLSkTBA,12
0wcvsHMMrwA1Ah47RDJpdj,41
3O02na9eg60QnVMTvBLml5,2
2ajFeth82zNY7n070Zem4G,0
09WgwgVEQa7X76FG7VapUE,38
7uB5dndNMzsKTibmNBBfDO,25
5YLb4u68e67Alc1SBC4nGQ,3
3exvq9aZlgLzlpeCpzxXNz,3
3XEUVgaBwMQx5zMwS4cDO0,5
7KHz9ozYcZfGMn5IQxsy33,24
3Fvw8hX5uajqFqZJB1KhGi,0
0Zk0jUiOIn6hcViDB3aMKx,0
4Tm9tGPiqfK1ETotj6gwfP,30
4I9KMyos5GGAuop5XTXLIj,19
1Oyoegq8YSlnhuDdNvgy7Z,1
04i2uLdBAfCSYjQzZqspDa,30
4Wk3CYokLbIkIo1CjBJ4gc,0
4i7jxre9SlNDPyrB6gOxAX,1
2uKKRxkxSWSxtwQIEmyIBM,8
2fCB9ONCcLPVBlsr3v39eJ,0
0rNpm25xLsckCS9JPAgpwP,46
4c2TiYoJHIjEPZ5syRZhsY,40
2tVHXIMmky5mOeQrolyOUV,0
2pZi2b9U8r20AF0Cf3hi2D,0
66z8EZXSd2VKGHlHX9DZSx,0
74t6wFVz6sU52IzAQcC1kQ,35
2L0jEuPJXfrdrImUUKdtGt,0
4SPUVPV2Db8B5xDaFWg9rD,0
4l9S9NFztZ0nrMZyakENh2,28
6bE9Ud8C8stzPwu7xJRx9u,29
6Yp6bCLd4IWur1yL2Xirrk,0
3v1O6lndJhBf7BXgnNs42x,24
4dd9GGN2kHb1d28yGL578m,24
7oqBNzWOeZj6fS357VaF9l,37
0GKi4sPErVwTzruhuqoDvb,0
2qyJG4XyYLCMl3qIWL30ET,24
6TPyiwzayKHCRJP2JL53oS,28
0FM0FUcs3KpF4BIEv5jYNg,0
4KKWslFZE9wrJKlOSnvREW,16
0z7GuzX6SvdWx7KDW5Zxg6,28
13SKaktrtIUyqwWcHvwnIO,0
7LIF6JiBEIOgQ0gFywXbbn,12
6n9A3tuLQqYWrQyR4dGLry,0
3bPsHHJ6EL2xZSflLsIve3,0
1GPRmRcadnmINbJlutkseu,0
7j1Y0cl0RqV74Gl0eSvDgS,32
74PHS8w06Hu5pwa7rB2mF9,22
0VhE5PCtSiJzk7v4a8qZj8,31
3K5Gqh7UtYJp8MYaAIMWqd,0
1s3YrMvvEo4BADEelWfugR,0
15LqhqSSDfZmIylBdlxxVK,0
1vpMsMmJbGdfKjNgZY0IPq,19
03uSlN1JqW0MI6OCl7UQEa,32
4XDlW5QgLKZupaJ5VvacsP,34
05SUJyDZaEJaqwBr6UsKRH,23
0Zo84WVAetJjKHFNS0dkcf,24
2JWTVS3ndZcwJrabnCAWvD,30
0xRlXVs5zs2ovMnbH8zIvH,15
4zROIOjt5mP9vSk6pCu9TG,0
7bJ4RdquDO1A29rJ34tiMz,12
5jSHEphh8r7VnQYwavSFPf,0
6NyUKv40Lorxjlet7IltHJ,30
1EsXJnF4BXO4XRYFl1Q9Xv,21
3mZUDIEuYz8BhUKRIkoo0l,0
76fY0vhiDWoyZZ48JH3ulF,0
5I9cUsP08mVoll09AgkenG,32
2Gurqr6KIekGwLiCt0gGKX,26
5k0MvADsuxZCmFXnN3BSto,0
7pFRhCj70NUNZG4xMDEQj8,46
37I8L2Cx6PScWXn0tkN4wV,26
035SD8i1kub2mdW5ljFhjS,20
2HmL7Hp6cEfJq2cqGGkBXh,24
6hBofveV7cUFOSuUB9RQjk,33
3MYLwBjjdVbcj0M7kUGodd,0
3T1XiXsh1d6ZK7nJTxf50s,26
1lwCqBqzMEyYxWew1PDktS,30
1BK5u5dCqEateAptzwHaYa,0
0cC1pTC0ySMeouWJG9Arly,0
5kJjcGRw4cyeNuwfJVgQRf,16
693x7mqPNtiFzJSkFZcB1N,31
5nKSxq2yNgQLtgzqJxPn41,0
3YNUXos2DxxfC4ZwNAfjwi,0
69ScUfmrwMZgyqb0XRGw12,0
6P2nWQi3aQX3YOHy0EF26A,0
1bW8IKNqSmC4RHihpGaYoc,40
4PJePX91Q5u7SqQD31R3YO,0
5n16dEoZ1OwdpqOIK13m1X,0
0Ueq7HrYgIzQ8wcIW6Duzg,0
2LoBlYBwkyzWofG9m8C3zo,0
2rPPAYpPE0mByovu9AS5pU,5
3eU0idtZzJXksHeYVUjdzm,27
6W3XJGH5WXGoFubLBr0Mf0,0
7Ah5dqNBn8OpGpg2YZGzuX,0
0PO1YxbnvzYayge7GgQFQ2,37
7AP6EfiA3XH360wVXMICXr,14
6pFCWGvher1KJdEEsj55dn,27
42JPhBkcrAn8wfZn9xdSzO,36
2MP2pU9BEFas5fZqslCjbS,0
1uTxXCU8uNiOB8iTg3sjcs,22
2QcJ9rR9ddplIADrrNkIBZ,0
1rsEvWK5fLi4RABG2V9hWw,0
3JdcRs53aBDG20OiPBJO9g,0
4vMvv3T7NXeelqnGQtLPaE,24
1yrZp8B0mLT18RuZccaDBJ,0
2FllN4dJIdS4BvqJkTrLmZ,19
08Ovag8PDrT7VC2ZkZLYmz,0
3GkSDGupydidufnOGZn2FE,44
3X55wToVhDnQ0Tlt2OU9Sz,0
1RBsx4vh4C75cJlyvbyVDg,15
101pdKuN5fiQM5KziHN0W3,0
06pokVmH9BZjHCw84AN8SH,0
29kvrLzNSVoRiqE11df09X,16
1DWZUa5Mzf2BwzpHtgbHPY,70
1xEcsGNqeAeeB5Yx2gmFRJ,43
4Hqh0dS4x07zuRw6eBTO7p,58
6eluAsb2ONjZ6tXFp062LZ,41
6uJONCdr2rC65BNmCnTBWK,65
2wBB2KKqtuK1fcxAiqbCSZ,41
5W2NXrzJQDPr1dUN6wykjI,39
3Kd6Wp3lG5HXMB2dlvuy7y,1
15gaivYRuN6mra3Ib4z3tt,0
7A20WnLkjtZU2d7hIB6Ziu,61
14X1WxiHXdVRJ99cMCBzOE,56
5SiZJoLXp3WOl3J4C8IK0d,57
7BYppcUTuG5ysmaJlGSt3t,44
6HPRxfAFmvHZqQHtB1OPPu,0
3QzAOrNlsabgbMwlZt7TAY,74
2Yv2mHzr5AQavVdwQjEokV,67
43YQDj1KOPMFAUcTEPKy4p,63
5r7WvQtyPfy1xch5zMgGRp,0
3Xo6NqkOMHfw9QwxzYQ36c,12
2iObjOsy2vpsariW4Y7hQg,0
4FmzpxyIKD0VmTz5KhQzJm,22
7a7wbihbtKPnMCq17iECek,40
6UFEJuDXQMWhL5UH5f9fUR,0
6piAUJJQFD8oHDUr0b7l7q,66
56yyecUavZFNRc9W5t0P8O,0
0wq6vHsbuRAxJPX6Rm2Oes,32
7qeWNGBqqagdwf4KnjRzGZ,68
0hGH0S74Eoyv6mXZcOKtdQ,0
3VnIAUSwxuocMBjuRhPW2N,0
54yCP5dfn4uvU5h37aE8f4,43
6ede6Tky0YYKyUKqKuEpQf,39
1IhMuuTCpO0K7BM2MmIZ0w,52
36sI03C20IFHKB1f63ezOD,26
40mjsnRjCpycdUw3xhS20g,70
4ESyocZUQ3fOlCbNP6n17i,54
5fuz3apTO0JuTErm53CGXf,0
5wwQVa7OHd9zQILs3scfun,12
0yjsqPohhEH9engTAwqWYR,0
0W9E3s2G4szLUwXsE17x5E,36
4hHyxmILDhX5x7zMekpk7i,0
0Pqix0NTfbuROfPbaZbBgp,44
0CheosCkNZZcRbEtlgbHSj,0
5jiJXFYMQpBfPr4N1Z46oI,31
78L2RUFISfqkmZMTCLYQJC,0
2W6iqyl0jSI48ByWAEl1vr,0
0XthAWvbDoOunjDceV6Jq2,0
6P7JZyL9y8GVp4e1aZJme0,0
6F3zAaf1DY7akff9JQ8pMb,0
6TxtJ6Nan6vyZu1m8tl3Ch,0
0rbbqMKtmEAFv5bdmQdWqr,35
04VF7AgF5f5LR4TBAvGqB7,0
07Agqdd4SD83JRgN19OjdW,31
4zbwGwOFXOSRhdh4C0LLgW,0
72UTxfWLA7lW3pexGQMIMC,0
6FGAHJzXBS7SKtIlMUEbR3,0
1mMCe8c6iNVLu6fzJl2tIi,39
2VLU6LTuUA621cS87wVG7C,0
37OjKpGDZngkru4ToHVz4V,0
3CQ4zMzqUGSxD0GX3fEJ1G,0
4gUvFKFbDSqd2sR49W11Fu,0
29rV7CoaiwzvZQMi4OP1XF,1
78Rt8cal5uxRh9zfEXO3R0,0
2CSsOy2PTQNkhPc7SRqr78,0
7AkNGJ9p25ZaU1AFbVPwBL,0
0KY3vzMW9Ke1lYUeeuQ8xO,33
6wewGfrHp3Bo9VX7BorrMS,0
3kxIqD1BObKKHB5kn5sOqD,0
59uSPFpJeWSUddwtJo9Jd6,0
1CPhABEvhQf47PRiHg0WBO,28
1tsBrwoPcZRFClC02IIMFP,0
757xcPUO7sNohea5aKXtmz,0
6lEvrsz0CM2gStegO3el1x,0
7881kSmOadyJQqKw4J3InC,0
59VRFUqZzQfHjOpqFMJuQD,0
3folQRowvURG094lAYvTLo,0
1q3m4S73prJEX15PtSqZtk,0
6eFkf1xxOehBGMpDyUrEk4,0
1SVsopgKbauppy1h2G7Woe,0
2RmEAopmu9Of7kQNfPrdHc,47
0Uu0e8qXr1HeEhUY0utaB8,0
4mhjXZjKCtwJSMfoKvOsBJ,0
6imHfAXTylNqAqjDnmMd30,0
3vlOANhOOpJxiCWUzq4DnK,0
1DXaXsT69EUS1aarFfBxMw,0
0sXotOhh2L1FmVbr2IKmq9,0
36KGBIsobZCsLcZamffF1T,0
2aNeT64y3UhZsbFpVxGUI8,2
2unYQbgst3vkYdAxH1rbEp,36
248wm0QJjthcaWCCXoXfDf,43
6gj9PMazlwq99Z4dXMT8kN,37
5T3iMVUMq34Oy8DwBzPvJy,0
3pCkuopR4wBW8PhkLdlKMA,25
6ZVXZ9Dfd70tZ8ZAkHUToE,0
0EHR9OObFtjlhQB8wSt1m7,70
2aIdVb8v9KTpEZnftkz2mD,2
71mDjdeVK9sqXmamMHaAfX,46
06iMqWThw4w8fTFyccvOwr,1
03tqyYWC9Um2ZqU0ZN849H,82
0F7rEdewJ6cSLylOZZpDu7,0
05Sgj1Hx03ZXc57gsV1kfX,67
4ns1XFP3W5JPyzvnAjMdHD,65
3cSuhzV7wKX5diQ8hos78P,62
2cYZpcIV39X48RnOFM7w2V,1
2tOZtdbkAMQASWokLvSlzj,68
0Ss50OU9tCozI7JIywkv14,69
59rtiYOPgMEDf3yPEfU2la,67
2ajhenDRiiAnCHHjsIOHhJ,68
2e9EZ2V5QGGZPMJacO3y0Y,63
7aXXjA800sXYKpM8D9pCVT,43
60WcXjimfbhk6T0gj1Eufg,1
0LVghzBGRulc2TX9HFLYBl,0
6lEIjrQNwJPecJ7mMXjhjo,68
3rMyMv8EjKXoPnaRo2hdJN,62
7fnY0ec4B3SbcsJoaIIXIa,42
6bUNEbXT7HovLW6BgPCBsb,72
3LN41NUdHkyNqQhi9gExMm,68
25CnqAR7fzAQbb2SVoSa0b,51
3lwMGZ9M5Gq4usaZZLV4NK,0
7cFpB4ozcSwXuhqjvNbrbP,59
0RZXNlGPvfMo54fd6uCvAT,63
4s0o8TJHfX9LLHa0umnOzT,64
7kBdenpTmgWfAz9clmBcok,52
41bIQPBE1lFN0mmw6Lmssz,74
4UNhyW0R7qylxrF6Z0q2Tb,72
1IAzD1muglOxOcPbUHs70R,75
6SmPPtaMnfxgz5duA6t9Cu,59
563vSy3HB5NHxel1VGQCW6,66
0bdabO15YOj0iZPg2OujAw,52
65D95SmygxGCQGiI64eaZf,0
25YwwruYRtxe6RQdKtrZFS,55
7cVmKBwzPsh4Fmb6SplfEm,59
4gdQ8QShlC3toP9Mkc8DwB,1
6ScJMrlpiLfZUGtWp4QIVt,70
4IYKjN1DrYzxKXt0umJqsG,75
5krOROgmf8adn3SJzeKLZy,65
68IM0wOuxlrbwk0zgmi9dk,0
7kAFSrTIOiVZ0gnHBuAH3l,64
323Tzd2yjV4pifrVAajafb,64
0OvwzS8FX73Bw7ykMRmffU,64
2lVDc57IMK6nypg2iuEWVR,53
5Mcvgt2GbxxCp6cz3Kfjey,48
5VkuqayHiiU5ZHyYEH4Oeb,50
0hmQY8NW6hNQWfkvZsa1e9,51
4kmIO0yPq92dXtKCL28RfC,55
4mmkhcEm1Ljy1U9nwtsxUo,75
39yRhjDdSTP4A7VehxBXDb,61
3XQY8kDjI8LARMIC9xkxQk,63
6Y9kdB2O0h9gq9y2vclsWT,58
4svCVV4VHEL3Z4efES868h,4
1boHm9rjmvzxpJASd9dnGK,63
11hQvcLydGTyXS3Wo6AkmW,56
0l3GEbH3CviUytD6iX4wzg,71
19VTqucnxJuH6kilNdweTh,54
24PWKmemCvqfyVXODhoKHW,60
46XvcuEZFFInDilbYUNHBn,59
6BdgtqiV3oXNqBikezwdvC,71
7g7M96UGiA7OR79H86gV4m,67
6Wt5QBzHp9vdSLAFlvdnDQ,67
1xixUOjgdqMOPZxursTms3,36
2Lg4kvhOrPhpGEZmSe7VAN,2
4ImL3v98u2BLkwnyQDjfRm,3
6o3s08kk2fQI37vxGZDrJ1,68
3ssX20QT5c3nA9wk78V1LQ,5
0EgigrGFGb4PHaVNb7fgK7,49
6cnufgF6qLJGZT2PRFZBr1,56
1fLdeDTrJWNkwOeFyAVLvF,4
0lyYVubxulG0uUPOVCQj0Z,40
66TRwr5uJwPt15mfFkzhbi,77
5zd9TgduWbfFXwgnm3K3Rz,62
6njG8EYG1lrROn8P6q46eq,50
5dANgSy7v091dhiPnEXNrf,5
4gaz3uvhKgO078XcdzyPsl,58
0B8drtTSp68pZdkmVrG9ZA,67
6glsMWIMIxQ4BedzLqGVi4,74
5h21AlYy4mgHfQp9jUAUGi,47
0YkJU6TjjwzsVXUPRIO0DB,63
0Uhnzk5zI46IRlQ04LNOtc,53
4LwOrnuxJwR7C5Sw4liY4Z,66
2OqYarizUUGzSSNHPrDEii,59
0YUrjFy4qFKOO5NhM9tYdV,65
62r62ArmWq38cu6QCVgyTc,1
59xyRqG06dGbTmmJFVFbyQ,54
3iUnagQlUtjjCNQ3us3lPi,52
2mKouqwAIdQnMP43zxR89r,77
5MYFw4T2gy52pOGBN4EYHS,71
5mEwhCsqadBZIE7SSrv1gC,57
0Ed7MeXx64f6OcIuoTRCg1,70
79lmvU7Qmc8QpXilbSk37z,52
7fkbO9RJWW0zQAtXBu5ixb,39
6YTp4sUEi3oWNToQvOjke6,54
0UNTBB02C1aB55Fu4H63qd,64
4P7VFiaZb3xrXoqGwZXC3J,70
5ry2OE6R2zPQFDO85XkgRb,74
2gwkD6igEhQbDQegRCcdoB,67
1xbtojAZsQjOgiGdGX6ChU,0
3XiNC94b4Tq1xwv70sQJGN,71
4ak7xjvBeBOcJGWFDX9w5n,62
5tsI3xxDHDgzHhn30LTQNz,64
3CLd7BfvgsBwBUI8kwFLU6,44
2eMwDehkIC1j68U6FA3Eiq,1
7DcvwMAiqKJQD1rrdfxSDx,62
1Ser4X0TKttOvo8bgdytTP,72
2fQrGHiQOvpL9UgPvtYy6G,3
5de7ci7TFqbQ1PFgKAD7MR,58
5hVghJ4KaYES3BFUATCYn0,79
5rU6kDNXZLXIinFezpbWbO,56
5uDASfU19gDxSjW8cnCaBp,73
6GnhWMhgJb7uyiiPEiEkDA,76
6CUBgX8bXC5YQCkdgRHqyg,0
1wHZx0LgzFHyeIZkUydNXq,72
15EPc80XuFrb2LmOzGjuRg,75
3e7Y6sfFlIdBMJhX7wpqVO,60
6H0AwSQ20mo62jGlPGB8S6,64
6GgPsuz0HEO0nrO2T0QhDv,59
4cM0qNo02rp56x7c6nlx6T,47
6bZB5IW4W9qFDbnD2kJJou,29
4aPB8rSxGFISs0o6V2LrTy,51
3ncgNpxLoBQ65ABk4djDyd,58
6jmTHeoWvBaSrwWttr8Xvu,66
1jo3TwNGCXfNdB5uba3ZVv,70
59oP06RoBps6bvbvSQ1Zee,48
2N0NifjyXAdMOB4KBGvBJ6,0
1lAgtcp1KQRQS10m2yCgvm,46
6PGoSes0D9eUDeeAafB2As,83
4ntsD33Pgsgk8rUyZLLiUV,1
2ONFCvnI85yGmDhXT8HyXj,0
4URQKHMxklDp1WQY0c6lZu,42
5N1o6d8zGcSZSeMFkOUQOk,60
6AoYWCzsDls6c61Zp5qTuU,1
3pXF1nA74528Edde4of9CC,83
5cgEadiGKjtTP1Q6NJqVP5,57
3NJG6vMH1ZsectZkocMEm0,65
4dfCW8ynuItQ9ABweWyl4C,0
11kWiaqMGj4BMv6syMEFT0,0
43PuMrRfbyyuz4QpZ3oAwN,78
5is0hEWWStAbbHCjWyoxq2,0
71SDPonZOsIKNtqnaX8LXj,0
7p54iuWHqvdeN224OglZ9t,0
4Sj8JZ9zZfl8HaOav5yTVq,0
1faIb3PPSzEifCHUOJ691R,55
0NBiC3zLXoBQXBjsbnbwJq,0
2YK01AIIWuywG24gsbuizE,45
2XW4DbS6NddZxRPm5rMCeY,2
1WIfWj5skn5UUZTs4cEFBe,50
7cGFbx7MP0H23iHZTZpqMM,58
10Igtw8bSDyyFs7KIsKngZ,3
0wdKiSBUT7aZkXUIdJWcwC,69
1OmcAT5Y8eg5bUPv9qJT4R,2
5NQbUaeTEOGdD6hHcre0dZ,75
6KCt9V6Lev0M04rFUj8ANC,48
6hVGw7yVUd2bpdHMPCWrtN,0
3Z2sglqDj1rDRMF5x0Sz2R,0
4RVbK6cV0VqWdpCDcx3hiT,65
3ESSGgWzRf1xvP7G5hHMhB,73
28FGV3ORH14MYORd7s5dlU,60
7xq3uN2toVZ8IbNzfTucyJ,55
0taOCiup4HNG9LmbduVlJj,0
7tbyiwnLhtKYXNMjCZ60BT,32
0lwkTJnLBVWvEnxtku7Msy,54
55Q46o5adtSobImSKrrlqW,66
3rOSwuTsUlJp0Pu0MkN8r8,51
34oWbFBfGEElvgO0a5c9V4,77
0egGmGkZ8maYdEYo4RrVsZ,0
19gEmPjfqSZT0ulDRfjl0m,69
3sz2fvkHUhBip8r9i8HqeV,45
6HK4YGOpZr1ost68QP3ul0,62
1cTZMwcBJT0Ka3UJPXOeeN,3
29gsi1zZrZxdStACmTQB0Z,69
4T0ScSPdQKmGvruK7pavNP,61
2rmq49FcJ4U3wh1Z7C9UxE,0
0D21XvHcVsIvJM6FcGY2BT,52
2P3SLxeQHPqh8qKB6gtJY2,73
0sr5LOMv4x0jmTYfe6oOvP,53
1hsCcm0xujceILNvgRfrVB,0
6hYdhO1BF8V03tuF8pADKP,33
73WVn9jXiLvjO0jq6x4hYX,39
5lFDtgWsjRJu8fPOAyJIAK,67
7aeC8XRoU9s8b0OPUfUbtJ,35
5u5VZaUmYMZiFed9jFWebf,54
6SwRhMLwNqEi6alNPVG00n,76
7DTlsMOQjGysXHpwwpHuPl,71
27GmP9AWRs744SzKcpJsTZ,69
029QP3fFtLaW9B9RKr8DAg,38
5hfpu8saHLGedbHRtNCYjm,45
610BVUQMZpmt3eROWX9ZC1,0
33JcUj9qQDayKswunZP9ar,58
6HSqyfGnsHYw9MmIpa9zlZ,63
51w9Jbat1pLeWINGCpnQUR,53
3s4mrPrEFFPF0LmAfutW0n,70
2zjGJ0dChMR0KxBZS15aqo,63
6vWEAOUSxohKxhp0K1BsxL,68
2JvzF1RMd7lE3KmFlsyZD8,77
6uFn47ACjqYkc0jADwEdj1,74
0fcq51a3gOI6gPvzc0YLsk,57
5lw8Mgb4LyhriPIC86gV6e,66
5Z8HZM6iQMhhqyPcCGY5g9,69
4SWWe2OYC4mqf40Gc2RSdl,71
4TCG827sk5fDEmUvcQlStk,53
6MDjeiUWPPgEwLtiBrr9he,39
2Vx8E3K5icPZR7OCklWBXX,2
2NRGaA1GyCmTYfm2GRPkUe,0
2xKQj6P0TgxBVaRiojP2s2,44
51wFQM8W0YfXTmHusXUr5i,48
0L6w0YHzEYfmO8Pp0ibcin,0
6ya8ejoKgw906Y8LWclqrp,61
7IBSffWIu7P2MC7kMwy2FM,65
59ywHNwwchG4nZJMLyxSzd,66
1GeNui6m825V8jP4uKiIaH,76
30z4LVkScpeNhwHFIB8Ewa,54
0NJp8GyCOWnQh71xKSPfuV,49
6pcYAFkGyFRCrmcXk6iauq,0
7sO5G9EABYOXQKNPNiE9NR,81
3qAyjdhtnU2a14rrRKEkcE,45
14mHfNsSHN0FbLftyjrV9g,60
4XiGKQqbmnMVxDzUj6j3f2,64
5qHirGR7M9tdm6C17DlzSY,65
2Dl4B2t2dysNepXKRaiWVh,0
0yFvWTLs3iIwDbc91noXGT,0
7rvyVWja33WG9R97oeJAjx,62
1JGb28R23RdtKZYT4XOf7u,0
4pMEp90aY5XZcQQGaH7ahu,0
3rSaWhDAR95TlyF8SupwdZ,0
6ts0IMQShgewfRUrz3ck9W,31
0c6SqvH32BMgbEFvpHc2gs,58
3WcGdhN6wvGplwVyixNgfI,0
2jPTHZHHoUJiID90LEYV28,31
2KrCpdhlAzVkbvOSkkE4pf,0
0BpyJhqMi4NQHJzWFocgz0,41
1Y4lKNyzLxFAQh2BZCYgG0,0
6cFQlH7tnsW5WLktVijTVi,0
1xzmiU62MuWPRRduUT7vHe,21
5j1yOqWONR9T6l43AzJ6Es,41
3wwo0bJvDSorOpNfzEkfXx,79
4Th6mop8TmWoQcP3CmTXVf,7
4r2WD5ZnLazPfsWqDWfK4F,0
4etKC4ngPKsQDHUMnYgV3A,0
7cPpt0uzaPKsIACFp58sYa,47
1Iv4wC88uxeAF7SmQQGx3X,46
1knDG6hRiyjs3d7tG4GJ2Z,0
0qgarwucTgpkcCopeqUDXt,6
0Hk1zuUABam9U5M634R0Fv,18
7axPfiUniW556wqs0VmipL,0
4PMvcKL0GmTaEkugSJIToS,10
3XV2EL4JquJ7BEA4Tyi8Gl,0
1gFMfqyVSXHMgvRloH2gDL,56
2JK8HVAU1Jyd8BWNMGc76A,0
0rtcarwfcStWL5UMNFg8sx,11
3vEcH83yGZoygHj65pZzWS,0
3giOJy1zsagI2miM669sh8,53
29Y1hEc0NSxvFylHFV8W9e,49
3xNpMrm8by097v1EzioexV,5
1wbbsl3HYbkkXsXEvlmoFu,22
0c7K73roy6RW4ebDkf4yGh,49
74rluVXirwea83JzfkbjmQ,36
5xEWiG0ug0rOymOjlzSGzx,36
1mg7cP8L2qOwmt3ICudN4t,0
4HPTladgOGcGzleMR3I0FK,51
0Y7P1DRouegcZG4IPiEzbh,0
2wJdtLGN0pEeriRvNEvPWu,0
643PW82aBMUa1FiWi5VQY7,61
2Yr2BzqNDpIh0YQcnFqM09,51
0Exfrf3nRw9SXpls2n8KFB,0
4vRaGGiQN6l2LiQxSFg6ZP,0
0RLLvYBopDwooCyvnTwgYu,76
2FW36jWgTjADLc5DXEfFWG,0
2WKAty6EEiV8Lt8dAnRAdy,0
7cyeGclH71MayOuQ7qtLFl,62
2FTOLKjQUswhpdMFq15Raf,51
6GefwzSnQkQoCnWJNs9IZR,43
6Z4vonpOado2slZz4XFf0P,0
6qvfyXGXEPEYwwqBykWw3H,0
5L0X8T8HNaUAIYw1oofg1M,44
1srFoNCknHTaIU1s4sStxy,47
0jdso14vaFnpRazMLEZovF,0
69eXHDgEEQ6itzt03E7fKz,50
4B7fTyj1FIPvP9tT5X3DnR,1
07s9NNOT0sZQp7TyolLLgu,1
3s2Qd1rsWqbvOoxpFTRp8D,62
5q7OgVoW3RHSTh9WUDlpqw,0
3phNAH1S2WOoMZRFHLpYOe,0
6yfQqlHJDxp2vxIxncw7OU,0
0PQsrLxPbOBBwwmXCnGvcF,45
04MLEeAMuV9IlHEsD8vF6A,58
3iuDZuKpdLI8aQlqDslRDm,21
7C39RtGhnEw7cyf0Pyw7PV,0
7ycWLEP1GsNjVvcjawXz3z,79
7l3E7lcozEodtVsSTCkcaA,2
6uqAcjD0a81jJkJJD6NzCC,37
5bvnqVuq7UFl0txSlHpsfS,0
0Spdubqixmqtj04v9xvrUI,0
7wBJfHzpfI3032CSD7CE2m,74
1MUL6DO2gVimj2YrVedubd,52
2sqsNXfN0HtgDEgaHXiUTa,64
1NHlyKgtR4roNylOhidKSv,51
6Gy7rXB6Ku5vIWC7WGWsl3,1
3aDxSyVoh3MAz99UO1sx8r,0
18czZN7uruOjftj71Kt8oj,51
6AW47FIeOzMV6dVPB8ZYTN,33
5IaSQfIK26X2DpqK12j5vG,0
3z4CGd63tpUn9a6oQSG0CI,77
73xXDeBMlC5cdvWoOLWVLo,56
6pGuOWYOFDcSgmVvFWRWSv,54
5imCvF3VHty1TZ0qaE1JEj,0
1jlnBQGP2DtSEhMgQaz7a7,54
1zGwWmxXJHFes4dfkbnBUC,28
0alp0O9d7KTtAF1QnBqqiv,46
06oxeUYunH85rZkj0KXMDO,24
332HLjESTywYrDN5is9mdT,39
0oHSxbawtdWBH9N8SqCjfq,36
74UxMl2RwVslYvWd9cGmlL,29
2xeiAqqHWYXQMWk6s2aQdw,44
3LdRxPZLIouyXVFrJVLwg8,42
21PXwOjWFh5XlwTia05t3p,21
1KKayLqz1vq8jdyRiYSVyx,25
3oP9C6MAm8i4SvYB37GDto,35
6VW9gXYrQiTaWiR2Svql03,36
5TKuvTO4jj4trnmMnqEpoJ,51
1tNuRv1Wcagp2f3FVcgknp,1
50ly1zllYjItP5APekmnuA,33
6aq0IJ1Ftp7PoJfPum2oMM,44
38PH0BX4W8T15k3ITRMmQM,45
6WZHm21UPkvcmh5VLjhFZg,43
4jyT77UqVTx5vbP6VYV46v,18
0qgqH6VqlkIXj45e5tTFCH,35
5B6QJikgE2fsGpR1BBkapc,33
2plHsnfOSAKrXqOulEYPEn,20
4bgUQ9g4Wu2RFyRGV4lCwT,10
45GshECNB7YmOu9yM8Y039,29
4Jh3p0TydgTJZ444pPhVvd,36
53Z8vzEI2bbqpsSZ8dFSOt,27
6w4m3QzPmde3x96lVZFtso,38
7IlYDWKUtjuQ1xPf6KAzWc,32
2He7ZIvNyBo188a6hvS0zT,50
4qTzlVKdemz4egoePc5GsV,36
4cverjLJx5N3xMiG4Vla7u,22
5TxcaqtknKAAdshjQCXfBG,27
5pktQTAcKamiILPjUZbCLs,38
1AwE3VLo6qlJ2xi1oS3BwE,44
3LNDqfz94lY7uGifx8HQXt,45
2zykitlpirl2soC7LwtWP3,35
1Adv24faBNfctHoOJYoJLX,29
6ZvA8Difc7oFBxfZXJ6JuT,41
3Dt3KBJAOwhU3PrfVPFRt1,0
34FrYXSm9WiGCn7mT1lVuE,33
4PocOpOXL2QJZmeGTV4mso,37
5RBWxz4ScAPF3jxCVhB6bh,27
7eXbrGTzY8wOtWnphDmF1t,36
0atWq5Ua1ax7zMKDjSQEpg,43
2UKPAH82dhYC4bJgAGd1d7,34
4q9oCsG4anq2w5AVLAbjPX,16
4TWa40ZGCUDhtxykpoWCcq,41
2Gb4mApBEJSEKq4HevgPmo,33
4zBQ3P1bEyCSoyxGqL0rzT,0
0vhJulS8V02SDpBTY2XQjI,28
5zPOENTeR2jmL8l3QSBdp4,21
7kcBLq8OZfn6cKE3Zgxle2,24
2qL8iTJoj3uzrkJxYjgA3z,24
2yd52fQjwKXLm6CiZzxO8q,40
5dKHAZhVD7aHRqD0l0YNXi,35
6MhfzzGpcBfSOSGveobKzS,0
5CxWsqMLQdUhjsJ4Y6Ml8E,10
0oU8abbfuFb4VPaN24ZxaN,27
1CPylrbel65jjZ2jcAuCH0,32
7xCKov7FR4JjlgukQGzfrW,24
1jqnsryYIlRHMymkt4EM8G,27
6R3NpWbg7Zew8jCGA1Nc2q,17
5AebNkVaY2zcdNFCqPBIV7,45
0t2wki0faiwqVkQ0oJ9EVO,30
36TO60sxDduIsO3xH8IcUh,53
4EQSeRRJmk3h3HQ5KlkzVy,0
2MuMD298IpYqKF367wegUd,0
2CqMWqcHywYRvwzdw2Wh4P,0
0XIsaklmegqPEdOr38DVEt,0
43IfdE75ficQgsI8QGBvwb,0
3Z6O6zNyxqmqevwy5Dy4cs,0
45uPKvMUFmObuDYka9AnKa,0
2SDFznsHkeFXiPFwN0npVM,0
5sCwso3aURYAdieWEFI1nE,0
0ZN72tCEgbwPXEtj6TPMxK,0
6R59nB9CEaOqrRVxu7JAoR,0
6uS8KevqrhUjVjFZfWxsTh,0
1JIgaRnqtzS7DuGM3hVZU9,0
3SoJfUu95PNVx1rmcXwGsL,0
0fpzjL5pP2M8sWifmQqLZn,0
2lef7yeg5qkPNt0ptulqfW,0
5JDwLHI2YUkFSFSn4g5pGd,42
17N5FdRwJuv3UXQ7MHnbhF,62
66urf1ZXFy4qVKdNqcdbaZ,50
5tz69p7tJuGPeMGwNTxYuV,77
2Egoo3acImq7hV6TfYV90E,44
5ZcMWSpUeUPvO87FkSZbJB,44
4CstQ0SUkl0YkoeZkIZlIx,51
1FmdAhS8FqRoEJ4jcSfuKZ,45
7rKKh8AGVXuNXgLBpTBTFH,40
2zIAPysksDdMAiG33qH6kW,42
7BKUWh5sdtdS17crohRe4L,48
3s3VVLE1kB7Xk2AoJKlGmr,46
3n3b5WNEohHP7Ou4ndBo6b,0
1GtVGc1UYin3zpMUdNSSpM,51
7u90MSvVyEjL0c8icaE7jl,45
4fZxGiES1FKbNqJPrI4L3s,45
0jqBo5RYn008f4ZY8kPewW,60
0D5CXSUx8GOCHSY8KWgi9h,43
2c8sgbZoEanC3QyFNZxUcA,56
1Kp6WFxRzc0sRBmGSgIYat,58
4s2BWgnSQ9NZiOQM4PP4HB,57
7cj7vEylXFN6Lfjj183A3f,0
6HN5XPJEV31RQJGoyqZ81K,44
1py4qzrEEkOvU8uTHYLuOW,45
4q6oNFTjZmJqkIgPdp8iR1,52
3lWCa9e0KhDghboM5L9C6d,51
6bM3GKo47KVgvj3gHdWS0U,52
7fRfIvHPH6bHdMDjPFwTMh,42
0KiKfllNTmhImvXVIHqR0z,52
39Q27NGvm812YC9PJkXTSi,0
1BTj47Up5m8601KOFrTvkj,47
6vKXDgJmquMzFSVBCH55Nc,0
7qT7NUDywO7vNJNTNxqWiN,45
6XoAT50mgAcIDpYXRqWOnV,0
1JFx9R87En9oJOi4DRH1e9,53
4Mr73gFwZUeFnrfRov23we,42
4QRWA5UqYU1st9aO0UfxOj,51
2M71Inc9camxaIGtmQ6I87,0
4dVJyyeCPEONr44NIrXvie,41
4npTFQuKygDyXdExVLJ2de,0
4iq3zHwgHSxstFvYw4yIsQ,52
2gOYY2glUc6XMTnzBG59I4,0
69lz9uKxidXD8RfSu9YQfL,6
3hW39WV7Wwd3WkUwZai3FU,0
3h6mYkJFzfhioau4R8ogDG,37
3Wb82PC0bODgzwqdyD4sLv,0
5fxDE80ZPA32JXjZN87pQJ,15
3wJTCCMHtuOdDg4fJzkd0i,0
5nTywGPx2MJrzHD5w8Fgwc,0
19NbbdUbZjdbK3QJKd82Jc,0
06JpeGcBWieHXxewu6pTwr,9
2q7kLQFjeVWs6iIW3zwiTd,6
2ioSQQmaMXZmbmOKdr7NOA,0
6QOVWoZUD3IEszbfO46mYW,36
48w0fBneyl1eF46Sslx3RO,3
0dspBfwPVsZJWQF1JxFZz8,0
4LsPasR5fbJBWWlDmKXaHv,0
2L3Is8ZtUJ48PIUJVO7Gvv,0
6HV0Ae4Try72jXLWs7yMty,0
4ouacm3s2lAAMtyNKM2spS,0
7nn3FDp3e8h2LlNE25nXfH,1
6Y9JFYyGCcD34RJ7gTMcQM,22
4koNfLLzUZNiBhLUEV1r6A,0
1HiRLOnSWKOjgTr79oxHjv,0
5YNzJfDXOHXoVIXd0PBku9,0
2G0qRdTqqYQYgL01MZj6ck,23
5knGjzsCFJVQBrsCBa4ref,0
2F3jl04D71yfDIGYwseKAs,0
60KcpkEA2ChiYtHNLtOb1b,16
5Jimku0EJ6jd82efxMKfWn,5
5X1x7olCET1Kix9YjOMTkN,20
4KwdTyM84QdRDJMhHmogcW,0
6KEOX0H9NMSK7qLH7a64Nc,0
6Q3OlXKHhzkcWPbf3qGgQn,0
7rLueW1eSGQhAf9MruvO3d,26
5qL0q7I7Cx4PmzjsErLTT2,21
1ayTeAKIDQ9ujBuD7bQkul,0
3c8xULQwLwLKMEAp9T8l2o,0
6vtO73QIQgGMoAuvMY50u6,0
7fZMNGT0myegS7qaekSTh4,19
0ZAsC6ftHsSEUQoNbjyATV,20
4zDX1RgD8QD4xiAQqIfdew,0
5JuVNeCjIl3DJbnVf1oeGo,0
2uvypKIiMaRzH9NhWXMBSH,0
6KykddnA5NxNkaip0LEpgG,0
6NkGl2nBsVpQcxvXKg5dvq,14
7M8TasYtN8n4q1rQLLZkZV,0
3YwmxsHVIYWfNcaM8RWfGm,15
2IyZHf11b0mmL3K3jYyqMM,0
6SZPAffx8bjZw8klFDnhnk,0
76bqpXdcQBtnQw6ByKQjvO,47
6PqQ8woEtNNvlUnHGtPgHX,0
2CSKDYplT7Jjdu0NGiX2ib,9
3IgTG5T8Mv0a7wBvbc0iNv,0
3oQ8b6m5S531gvqZV9wEOY,0
2zdlHufpRwuVnyTTolms55,0
3ZcKtiMpMEPxviOZF2siZI,0
0zaxkDILjyVecyd3Oz7cU7,18
6suR5CukTxeaNORNX4aw03,14
7EufLb0I5xdMra7nwdz4ZF,0
565G5uNsmYHxSBmN0mAJy2,0
7C3vTLxWEYBSDFsN6HHPth,7
2XXvYN4zZdinxJMizuwKPB,0
4dMkNnFOOMcdChtooPTvwt,0
1sEP52YF4wX2tgnSZ71yp8,0
7EExHTWWXsZxhugGaGGh1O,0
541HbfRw0PToKoEjdseZeD,0
2cMXvhXlXMHpQLW7UTTWUp,0
5Lbb9qXQlYwsEDy9LBK7k0,14
55geWzr1b7v4xd8Gw6RCTo,0
5199wPUOgLF1guJAh1uyZ2,0
5yVj39dpZ4jThGXf2mEhYI,0
3NoA0UbucoXgIdD0ZnTgw0,0
5xWlUFdwEAOXnepPSutrPV,0
3icBDBRl7DcA5ZjMkN5O0G,15
3BuzwsAvyvQ16ppMnOqwCE,0
0lTckeFgXaqfQRuQlRyNNP,0
5yWzJwzvU2wYds2v9AgSWS,31
6iAv8cEBI5oXQikO2UgyHA,0
6PmRRnk4fxt5KqfqNkPear,19
5QUpIPfsfssgGBMP14dtzh,0
24U70C7AiAotiKdWAMv6TK,13
5JtqUa5cmxmqKL5Ua1vCOY,0
4F404JhcrIdDzcEcoLDVE1,12
3ZNHZBTpTCN8TFBtHIN7CJ,11
6wkllclp0jRam4sJnChjkD,0
1pV6saCGZ0KoYCYGiOdX3q,0
4CduCTp03yeKuNibmxhobL,0
3im1Tx6McYkUQgqr2HkXc7,8
2QiTjFOgh3dtfQR2YoSoVv,0
041OV5jS4mA4G7K6EldfzX,15
7D8pYXto5NeIm9Ti9ZiXs1,0
0BjvqQdUUB2WzUncxxvIRh,0
7dRYY8TZc1fu90dzkdgc1I,8
1khvYlmSC5hhMCLlIsClBl,0
5szPcyUvZ5B2P4LnzFz2Au,0
305KjFU7yt6lpANEPvwSt9,4
7jAIpmgRUifDoOHDdBn3bB,0
1Vru63B7jO19kZ3hakNtsO,0
7b4ky1LlQLFhXHmhZkFgqV,1
0PowxVSTY2uh1CPc8EPKyX,0
55GiOwtxNajXVbpjjIzMnD,58
4cplybBIoPdrvvH7lpJY1z,0
0lstGz2advSx5VqY8olvzt,54
7fuSDngvlH3PJs3MbKVWNu,42
3DKCTIiJ97bS9TGiqcABjo,68
7amMgNDcObIDkIXv4xcvc2,1
15nKLSvslk7jntDkxIdYmq,44
4DmgUMnnCw27Tu5Jvqhm1n,57
4WstRtdgYjwPvpCekgYAhs,0
7iRn1W8QLad1RnzKkb4iQk,24
4Yk9zRLPuTCdnrDVRwMKI6,0
0PXukVbYpvz40KcEFKnIw7,59
6gRbkI6s0M7zTE9uhRZUjV,42
01IQ4aQgOf0Kkq3a273hmO,67
2B9wgj9XzbJZLty03PRbVo,49
6xp6EUAwQ9SGi09htjDDHU,25
0oVxGuRMnawFgA8aduocfc,0
0CLhMOVhX6TaPpugYkEsge,38
26K1cfRaFe9zIyHztwVdQf,19
78XK5PDIKWiDKcgiLl1x0o,50
0kfp6rRddGkoyAhosSeZLS,32
3rez7t0KrJuhx6HNAyFYWH,0
7J2DtwsxdoyrhgNV3Vzmos,37
5eowjdonKBB0sBT3gJpl0t,38
4hLGvFqsCM5z3714dbEDVV,0
7mv4eldXEFbf3s3ZEfbmlC,38
3KIMdTgROcteSwwKwoK3Bs,35
2gDwgvtJJDkRLzoks6BgSE,0
4l7oD6415mxY0uSppVUUjX,0
6FZjiSBSQoj1geAgXjvqez,45
13KV7AMsYRVBHgRCJSXaqx,39
4dGLMiOBMUD74iiAGQ17cK,40
4SlkG1rLfKSH5uubeUEe98,0
7swFgLy1v4he4fZUpIWwiK,21
2j7mcsEz4n5XxMMqqjjB6p,44
0xyR0utsJZGtHdcuBqTEVZ,0
5KRSA9ovjY9qns7qKHnnSC,0
3KcSwX6pyUnfJ0YZlcJE7d,50
26BkXpWAaajgL2Eh9TA95B,0
1i3UvjbQS0OoBoKkILthR2,0
4qy2jqC6mThGscpYxpNtax,29
6XkLPzkKzPhpr3hrvl1TUq,0
7FNEssuIwXN2LFEdxIQUei,10
3ClBKQkKoaUQ6UOhe2xlJK,49
694vvR5o19xHPhhJ5QdLN7,53
0Kk7JmX3BTE5XCaLI4mzAj,23
6sq5mqtS3jwJjvBHALknJH,0
2B15MgKTaavdlKdlwd4W0R,0
3aUviSdBVbsdmH406j5GZC,55
5smpR8TVfiPxywEHr1NbJK,30
1e4CSlsTwTfTlo74sZUph4,0
2hJf188Sz3XxfBDmYK1IMC,37
0EgmhYPgButfoBvtnidyR0,0
5u431x19PX588bk9XGlwN8,0
6e7hIhOLH9zvb3zP5O5gt0,55
1Roxb5PucuEVW34lGHRhMY,0
2p2ZgltDrcJ2oYHOYFndU3,0
7wwdta76VXZ80VVlJqvsRY,48
00mZFEvLTlNQhMUazb6xYg,8
6U0FIYXCQ3TGrk4tFpLrEA,69
5CTaFr3yPs4SEtCMt70Hfv,43
7uCOtDi9a8dyrkcfjZrQy1,0
0gEcmyKlIUoi3sHTFVO1bE,51
4ai7fpzyfaGBlMX5kZGmYu,27
2YkNMSZqZDi4eZlv71ajsz,13
2PBPvb7jYJnFgPZWcnqK0O,0
55kxuWtCLOZ9LD7paQylnO,23
6C9Hq43r5Q9TzJdytWoWYk,0
25MCdr9elP5XqWboOUAEsM,0
7frG49GBDHPPvxXRVLRwle,39
4YSapiScnAhm8m9nj5k6bJ,0
02H05NlKnwFQREf0qu89AL,0
1oJssChX7jb4SoUQa3juR1,19
4pjcxC0qgXWZWmcBjzn1az,51
09lgtisfbv0A7IdGAHGrOS,0
6eCZQxoyyC3m5R6aA8eUnh,0
1Np92e0PSE4OzqZyGFTOsh,40
0u94ND2IKIgSiPg6Ln1SNb,13
5tHf0v419Ia09AS9sEK6iF,41
6Nx1opJm0kavd1WWMpnlho,37
1FUAcAaEcPLwA4z48WbhKU,0
6tTy7jzu0pDDn6bE5NaaEJ,37
34ALhvfAPXBgjLZLaHSiLI,0
1PyiRvWU7csopxZR122TUp,0
5TxRbuP3XjOIaV4DKapbsC,0
0i1qCBWE1JbfbCBPAofuHT,32
1WcnFCRTDDEmyXwAZC4rGI,31
4cwfpmkkaUXGJEEwhPjg9j,0
7b1S5gTtqudbiXfKLuAbEp,22
5jEHZAJlxIf6bK9LkKnRH0,0
45OL4yJZuV5CghHuSoYFSF,35
7biTdpboxtQ5apJezizdzh,0
1hoLUVBx0ixX3kn0EX0P5n,54
4qOesAYiMiMFiZrn2wfkl6,0
76IVpz47q3ghkxoUeTTEKb,53
2LgsKzO8lCeXk0TMd9veWW,0
6Y7ZEVr7lgO8FKGk2vZ2hi,0
5sAmkQWVeZQfEDjpjOeOVo,19
3Dkfcd3DbXGVmM05KCRuFA,0
36J10AwMabBYxgNrV2S8gd,45
6416zJN0FGPmh1Ph4BH2h3,43
5NYzvVxuyXiHSqn7PojgKC,41
384ucc41VlH8NVY6o0HFRa,21
2RaKlveGCllSaXloN8kmzV,59
10UipNaUa43uGsMnBOcCOK,27
4q4c1LAerpInH9yUanIIBv,0
1s0nANz8q6gEZOms034GbU,51
2B1hRfTwS9HtP1MxAma1nu,41
2eAtC4umRoDcvRcsyFzGL9,39
0WFgtxiLNr99YaoSdYR3Ud,53
4ktwDUoKdVlk50lUlSIMEY,45
1WqsQ3hjFZ1JOWWklngh5T,0
5dhQeuLGmlhfwlI6BWfSpo,54
7CzSP7spDpZBP8edbtPIwI,0
26FNTVsgF4m31xvDgFfhGW,0
6WSwle8wTdJhOGEukwTxWf,43
6oX9RuILbVIglevEhbg8iM,49
2M39v73rNJmAXUXIW0oagP,45
3lNtmMoH0YEHicpBrDkB0X,11
6cHxkkZ3TZUKsjd13pIO1p,0
4k4vUYR2vNbm5Incmgpe4F,0
0FIcehhFxx18pBlc1wodFB,35
4NOIGsm0GLJx1VHSarqNFr,32
4w6Z48Pj1DMqpeS9Hl6Opt,0
4qO9PCGfllezWOALSpDs52,30
0b9tA3TNHCzfbTh9mGloNx,0
7uj8AUQSUg8ZAzabYLwt8f,39
1rAmlvvGBRrhJTCiUjMwBN,0
3uhTOxvu2h2YEm0uPNF2vi,56
1y4uzhemSbfya50s7D2Fr3,0
1CbFX5cBnMVVwBBI4ssF2G,36
4isVKxoLiuaSROsXno2XWq,46
22XKrkW2HeaLlxNDQs14iG,43
69NQ59CGoIRVTjdecpHfBQ,0
1IikW5aCjY08gagX94j3fJ,50
2L0H5LWEuIAvrzfzTruyCB,40
4ljkj95erNT2Br1J0OAZQ7,31
6GEbjb4gBo13BZF7G2PuEZ,43
0lgUtKAcfoNG6nTITfPd6y,0
2ME0AueHgbGVdY7YcKCbkl,0
495VKzd6cphcakFWoPisfM,21
6ruutN8MvN94yb5pNGIkwL,45
2fPPWdQuHY3CxPIOk6qbwH,0
42ETKyApzUl8hTtytFAjen,68
658FaQbHw7KKv2kySFpeTX,42
65c6VCikt7f5sAS1heoYQC,72
3RtR0XXNGtBHJkFgY6OvTQ,55
4Kwajm44l1SNP6fJT93WDq,42
2jfCswkC4mcvMZ72QB8BiE,0
6qsThtoP7klejh0zJREwEO,0
36vO4BKX49Iwqv4UjLEOgw,42
74Qks1cW4TkoZYUPUHTq46,65
0VF57eQaPlho8iDHmmhuhk,27
2fV5xVlTMLErLrEDr7W7CY,0
6ft9rLShV7VnIwoq5AmsEF,41
5falD0xFbvYueQWMsimlxl,39
7s6HZzPd8jhgYG787jjiVr,0
5CF8imCLvp95nd5EY9f2y2,0
1vfK30VNg2jaZGh8ieZwi9,34
4g3XrQGKjKcXp3FWFFS6zU,0
65CbgMolzhCQuyZfKuQ7jS,61
2erjvSbTPKGalbZZhPgcCL,71
3w6SuEVkg0jFo8FG0YBELz,60
5Wc9QpkWPO5mB0NkL4r5k7,0
5rPQTpvG1ulrJ52Jb204h7,37
6vKTm5I3Nqpw6CJt7NgHLz,0
05tSP3itnayhjwMZQPK6Lb,0
1AGeDbAlIcoJN01bLkFN82,39
3w7jjsASu8GJKWpfMP8q7E,41
72ajJqN8o9pIp5qD40mQnx,20
7sdaqbtuuemeeZrlvSUnbY,0
4XO6ex8P26F5BZO5iYcpk0,53
5Zuc837OCk644co3j45fJn,0
7nAOHFccc3zljGpXxR2eyH,45
6ElANRiS4S25oIn361o8Ye,66
1xoQjCAP6a63tZXbsMziXk,0
5CP7jMyHdDJKD28TGqNekW,0
2QkUgk0UgTYBViwZKN0l3H,60
260lfDzVnZHXmIXIvKUNVz,58
3TiIp0alacEFu4cgtsjYRd,50
5WoIz3RtJAsdiDCHzOjo0c,48
7tZQznsUajYIVj4IwALXmz,0
3Oe3VdPn6rAueriQvFhCBA,63
7htI9914pFpEOGQoCCFxCV,0
2Uik6DjW1n5CWbRNdZilV5,68
1DtIUgVGJNGJrw4B8ApkPM,26
2sgFcPyljVU6Zg5Q0hHdwE,0
21SBUUtRtPK2x2OLmZCKTP,49
0wGrTrI43CKmfzbFNNhftb,71
24uXqQ1a4lB0ByAkLAzLMh,41
6hgj92M6TpaxNI66HycG8Q,0
7rXDc2ImBGwcypUFbNqbFB,68
58prIObJ1GMpyG51jnMjeS,65
0yYikBy6sQAI3n6QbQPYw5,51
13do7ebEnDBZOdpldPnfGZ,0
3cvMKd8PNsfNyyXtxWil9o,50
6O0XJab2kA35UbAijepSOK,16
7AA4lNDVhoyucOqhBO56XU,42
4X1fQMrCbBLSkZKPvhO1Kj,0
3yfQszYPiaXAV4NP6BJGKK,38
0VMz1Lq5fW6hWZDMk24Uei,0
1DfKhSI9GZFFhUykvgPSNi,0
7xRWmHZ2wt3zDgM5mAL0JU,64
5t0goIkETvf6oZ7r1zFu9F,0
1DhZ6NwiQQPWoZxFXmhxHx,0
55brSIFxwEF01kCFj8tLTd,0
7dnLbhOrka4iruYAk7XwJA,54
4Md5FT8xVEpn115fQPi8aM,41
3s7ZHJHtfkHMa6dAXpz3hY,40
7K1Hhe0egwniG88z2XdUYb,0
2GZ3lgmg8Dga8XDxDm52rs,29
6iRrlcfTyXneYrMmq4ARkl,0
4BHysBnR9QD9cSDlx0hC5s,51
3zAUcdTSusMNmpWKX44lnZ,0
1QSxLf1ldQnoBqOoLKQT9e,0
7lNu1RqPMLjLBqBf913Qda,0
4bW1pmf9AEC9opY5Xl7FeV,30
2NL5Cwq6lZZkXGTWhKhhvC,26
7jfrjyLCU6m4HF2AEP3Gzh,21
5hiumTSuqHC4M6526QwV9S,15
1nvLkscYH1VRz3sDtEp3lO,35
2rkES33en1hJMXCh1exFeh,34
57RKxckEkdbK7QXbN2ufzp,47
5AtJoRB0oZnUtBjIzoanuf,0
0ZMd3vx4pIcQyKAMWWvE8i,24
4TweOQ4jhkGbK4TZgRYEKz,0
5zntHJg9JeFCOgD0yskuq3,50
06H5AH5KtVWbAPNuOG8biW,51
5g5KR1e1w2tndcFMzUgkwS,0
2CvGV5vdRYDAp0D3wwa2M0,12
4UqjZIuVnQ45NqUmSz5CP1,0
6doy60LO1hMRI3c7adlYQF,0
2dRnGmGZa6rBEjryEQjS9W,17
6vRobHlU0TzUqbAlspOU71,21
1yTJg3lyUPmwbnve82twH5,1
3vhPJL3xarF2lPYTMTU8v5,57
1kPBfgw6LrlKF4A95DrWJ6,0
1t0P9nBKpnrh5MntGd3qw6,64
0q2RkUXHSZoFeoNtcs77kJ,0
2P0NKGe5bO586sLXPP8ol1,33
7mqblWFUmGnsicE2Hev8U5,0
3D0MkigvVyJlVfNtLBhgHs,0
3rEiViBB1bWVCnOwFHx1Zg,4
1WWLz0CA4qYZt0VfJIqIc7,34
0RcZp172ZchsrpRWgBKkyt,33
1bg8OvZcoYvvQl2WwDCQXI,26
7HkustDHNYWwUdNO9ootCs,0
0yHkV6HBQyTtCjagaOOVp6,0
01nV5tQ4pCpKIIJ3AVxKdv,26
02fkeHmp0dxm3po2b3inK3,4
3SPZdVvPhIS14YlTyF1yH9,23
22jqSDqmGOZos8okYJYk35,11
5pSc4KfdaNbGyeIZQOBHp9,0
5SS74EJ2AxykcV1AAREyq1,0
18ehXGFz21mx97pk568ZMF,10
77A4RlCxgZrLTcwBcuFqLX,15
1Bcdd9sON7RF4RbgXqbgOt,24
6LaL6C8BSEttwdUOmPDz2G,0
3JZmN1pCW8HvUbG9ur65IL,7
4KktaOW17brDpRUSyMELWf,22
3Xtu4HWbyei5BRbDJs5ldm,17
4fCX69AGSTMnprkzMlKBU5,0
1LSmnPZlkvkjjieyklGRHN,0
7gyagOdy7LO53TTTuBQ86O,0
6e3r7O0O4IAHkXAgTjbYEo,0
1RRKcmND9EIJhhGYJwInBK,0
6nbl4SmulAbqHfiqt1P7FB,10
37CGH5jrSVZFFxO602bdq7,0
6vye1WybNriUDdlZTbDidn,0
57KCUxlvVWtnz3qGnxNna2,17
2334WaCjswLcRIRgTTPWaZ,3
2bQdgtO42TfS37YWupeMrr,47
56hvN4r1qI7kDW9cw1lVov,44
7dpFJmdFiahlgzzEmgUwoN,54
4sjzqWBQ1gdsi7TGo7brjX,0
4GdB5M7GbwLZLouktYocFC,60
70RMVzexrIvYJiFEnuGymb,55
289MmJCmxYMxC54ZHcd9G0,0
0Gta6gzv6z2lMKwlnZj3R2,0
6iV7QmMUPadq6osYqSM2wF,49
66MsAs4nVj68t6va1lygIm,47
5FGs2enRe23RODlTmGYbX6,52
6A71EmfdTryZxflaVpuXy6,0
3LPNfzKa0VYlNedCY4MuBy,45
1jqARIDOovT45LDzxAQ6RA,45
3XrvEifl0hIzgBGUa5jBLS,56
7u6aTzXw1JtiK5sr7XctFs,0
1wLhwzPAtze5JT8qqXlqaO,56
37RC87Ce8jeeKmnpYNExhP,52
7LqnglgrosirX2c7C44Cnw,8
3WibbMr6canxRJXhNtAvLU,66
6j2aNuhJJUnRj6UHcvn5PI,61
7qFxSPDUDMQNGBqTvK4aEj,64
2t9NFNf5VipAMpo7b8SlHA,26
0J1mcDz3wZTdBeZ56ho8LN,39
0Jic1enFHt5xG7E1nHdeYn,0
3OKB1WDMcWX6d4nwvyC4o0,27
1Epb6Kfe3GTgKrrWs1Y4Wy,63
6BT0WfQUx5yoQAOxdaD4dq,25
02GwPAncasVL82yC7y2hmN,53
3bMNprrp2JDKZsGbiXpsJl,65
5SUXv9ocVrA47eHc4IvkeQ,0
079lsExLsjditCh8XyUn0L,1
6E9GnwBQUPcTCzfGryhhFB,17
486eCsiRqWYaHnfeuiIGey,17
1iQi4lFpgIPTMeGXlQqZKk,0
2vfvGlqCB7oertO5VLE0sz,69
1MaHkdIfO4s5RqUiaLI87W,0
3XrYVxmqDEFU725or3B59w,0
6ttNMmXcEXz4G8PUs4Atpx,37
5voPrNQYQ4kQoRZ9A2NghB,42
1qXLj4ywjsA0hGmaibmnn3,47
2boJnT3S2aSBagFEUTXrfx,0
22F01qwlQDpxjPN8UQFz8n,51
1WtTLtofvcjQM3sXSMkDdX,63
2T8hXV9LUZMDBKR5RALGEa,49
0shK5iZQppbHPQYiy60xs9,66
3lcC9CnN7Rpo1ugATzmYjY,64
1EsSm8qaR9Wtm1OgZXKi2n,49
720dTtTyYAD9TKSAd9lwrt,29
7n37dToRMRqUhdOnh9sEhB,0
03b1NUHnoavfpLLKcEMfIb,54
2KjKMrjCqNtqOiMVGgENxS,28
5VSnk53xAO9BmquVUqGZbV,16
3KfnUFbnolYR4NuCaf0NnI,30
6wCbHb0QEEdka3ymfImn4l,47
181I2gMZOSj4P5nB5gehEx,0
0I3q5fE6wg7LIfHGngUTnV,83
1ZosUXeZM3qlTWdL1uTrhm,48
5cN4KyXGUdNOve1TEPWmhL,47
6EQ4orawx8eo0aXH0pOKLE,50
4V3N5LvUOh3yDPP16cwAhE,57
2oLwDI8tZUOh6SmTMRRfKs,57
6gEejYQZRMeMODb5rxwdK8,39
2pMAmZdHfQHyqJCXJbfhK3,53
5ryUbYQzdRRw0iJ2P5Or55,39
3T790QTg0ebUUk5tCRbtbN,47
2T5O5rE0vVBeb3IxCTxzND,33
6KqHJ5Wui99h0tgmOnmmz4,4
1qhgBzRH0jOzoVZJ2K1hDn,30
3XcsaghGUCL9WzJz3TlLKo,0
3EXNWHiB6W70p1xCooJBnR,22
4TJ56OkWrnf2fv2a6T69DL,53
2EduiM2UNwjCC7PsLxnOCH,60
3a8Rt2tPSeTkpx5fZDf730,27
0TBuySbBzGo4Jgc410MvJp,16
3ia3dJETSOllPsv3LJkE35,81
2Ih217RCGAmyQR68Nn7Cqo,77
1kIGLUhec6JenXZbtjvr2a,0
4SBVWkRIMJ6WBCYPvr5Bwr,59
2cDCojn6uIBM6A5xTAbl3H,64
5NhchewKZQzQq8F3KS6xlh,0
5aJa1CiO5gUtBakMgXIk6f,0
3OmhcOxTqR2sQCRwfR1ojb,35
6fIjnWrv46njJHLDAY2JdC,57
79MkICDim0ROZ6IhUjSpVi,34
65iyI1iybyv5ecsfBHSdUf,63
7iXF2W9vKmDoGAhlHdpyIa,79
7nYvUtkQMx1v80S2FH2s9J,75
6rHLVYMy47SX78qKNvp3Es,0
0l2o1LkTeVh7uQfePoXs7c,49
0WKYRFtH6KKbaNWjsxqm70,1
7gYtzSmzGgpO0WygzfJroD,26
5PpN5gFDoEO8bCw8P8yKhK,31
0rNqUrYiOu4tuEMdNgpqTO,0
1ZvhmUmU6zeoo1oNKwBYgf,0
2qOm7ukLyHUXWyR4ZWLwxA,80
09Oj9xexrJ5N5hzMoOHgh5,16
1UjyF6okUHhnVxaLV8ojsA,56
3aGibUHhQyBsyumYHylw0K,66
6aJ1RcRk7QfGxRnaqL0syV,28
6Gkdq550XBZoACE78rYD6g,46
52riputZ4Vo5PG9MOSy6r5,60
4G3dZN9o3o2X4VKwt4CLts,69
6k5qYxiFt76meFmKRDtZEz,10
23jVl5VxnXpsojLTSWUfzg,0
6MPUVY3qsAK2xAzZOrBQU9,0
0JjgNoZJ2l49O2ztVRnSNt,42
0lOe1dR2TNkJMCjIcRuw6T,63
26tSJX8p9FjRuXfIoCriHH,32
7sycKW6BGv7eTXVdtWkqom,41
45Wl6lefzP5Z85L9g4xF4D,32
1eduDdsjMO7Or4EXnMf2iS,1
5a251qN4R86hro8UZGuO4E,55
1pOIpxfrQ8AszXZdKR3aH3,63
1uqMiLD3uoBepH4sf8OEuF,42
3aRiplMITqwiQdqxm4gXl0,41
4AE7Lj39VnSZNOmGH2iZaq,77
2Hx9qCrYsShQeGjFtjgNqF,1
0zO8ctW0UiuOefR87OeJOZ,75
47PfqyXzLIKQp37yJNITrs,50
503OTo2dSqe7qk76rgsbep,83
1RPhSs2lDYKjDsELKtPvQd,54
63LiOsvf1w1DSbmjbxjh4b,53
4aMmKA1UvUhgWtimHnYIpA,42
7aSnPAggMMgElb6BgXeSEw,62
1a7uVN2CZADyZM3b4VqmjD,22
7xkt4VVkUfC7MLtb2axxiC,34
69JKBiYzIyqtuaBBCT1kcn,0
2pwTzYUTIiwF7Pn8ygXD91,0
6GzM9lH9GJXY3pJt3BWNjF,11
03PpdID0NKPVUrRtHybsE1,10
2ImuQo1g14CTR9hZAZD3aQ,65
2ZhgA7EM6w5w2PKdKDQRua,3
3Q9QGamJUf6y6DU0MJ8jBd,48
1eRBW1HcyM1zPlxO26cScZ,65
0PFEGtfuum8JiBkRied2vy,0
49TrrciRvL6X0VSP4Q3HhA,0
0KDhCCh1IAWcfiq458anNn,35
52LaP5RzwlSId81druJ3PC,25
51rXHuKN8Loc4sUlKPODgH,68
4iVD0fTHGxV9JWloujsL3s,63
5tvj6qRTey3pA3yISWQiFZ,28
537LP4XDgTkF3mfjs7j3Fy,0
0XgpiStoxq1IJncYlPrvZ5,67
6EFCTbFDID2uGkWINtvqLL,21
4JKwW0A2OQeAUpYZd99Lfo,58
0Acc8Z2mhTiU6ceB4DEyCt,26
5Ddu4AaN1VaZ1MTg1neCl7,0
5jG3djnKEjdcJwidjYWtxL,55
2rwmKpWW6o6anOhvcyiJOw,54
6tByydPskASjm9jTPkNQq0,60
2WqtCYZXu5cdUHgB9TAU9o,58
77h8UXtbg4cX1JkVge5lgg,0
40hRYfBECQqk5Bj3RNdPeY,32
7nbH85acNzcX2WrjAHUVd3,43
0mwrax1xOyazuksN2GtaPM,0
6lah2pPQVdTsfoMSHkyYmn,0
5UQOmTylBEdsIfSn37v3DO,0
77eE5itTUCMZ4J9rTyEnam,16
0peda9K8uIAt9QaCPIoknU,0
1RD3w1TGHBPBTC3nskXQwj,16
522oSSdYJqadyIK80MOOqz,45
0lpkIkav4zSnEWoCtlfyBW,25
13aXosb9ASn6tRQbfw1WPU,34
3OZwlgcFBKdSQNIA5xSHsd,35
3xHC9yugYtjibz2908Mch5,0
4IejnaWylIqjqh0acnxmJS,16
1b8WvjQ6aT3MrqouZHCqsE,43
68V3gC4Bvj2yH7KgM0jwSd,0
7MSwclTvW6KLLkTbmw9FUQ,57
7d9I42jF759n5HuUeoulzR,52
5FGBOYI8mj9chVhWlNOVXK,27
1dSHz2TN7HwE8p5aGw8jjy,16
0cYzIKaobR7yaxjMTRvO6P,39
3st9lesONapXvHLIRTbQCz,26
0iRXwSL6X0Fhya8Xk8kNhl,28
6ny4Y3Iy6d5m6zJYD8ziY7,33
1c1OBDn66AqL2NM0Wa0oCf,0
5w3CiqpCBupl0SLppRaput,0
1rJrDaAVtS9g5ij4T88Rj5,36
3aYR7XQAuLW0vsDEj9SGu3,23
5nXQHx4yYKsZqrm7y4bj03,54
63BokRfXSQhEU6Qi2dSJpZ,12
1Q9b6CeMcDuO0uq5OJCrqu,64
20ekNN40AwbZ7fwFEaLESa,0
3vR6ivBSe0SWntHyEzh4X1,36
4AwjvpvIGK0vvIB2TJym3D,14
5HOR3skey0qLfiTejqQ7KD,0
3ZwxD4e9x04NYSw6XPuJYe,0
0AMsWm4pZWF0JrraOawTD9,31
62Rx9xRAPrUiugB7LLeI6Z,0
5RDqj06z9J287XqeQgYZdb,0
3wIjnMkaSRsU2GAsHRtaXf,22
1BVTXeq3Hv4K1QamHvrt6A,28
7bcsSzt2HasMWL2Kr7iyfH,0
27YlMLaVRhOZZ6ba75iVB7,42
3qMkFNfMueMebmOzh2fKhy,30
525yPO8r5J6kLostDxm3XK,52
0SysExuJoYEHdmyzao1PO3,0
164gjqAtz5Enj9tkbrCphL,0
3R9qiUjvIuLYm1KWzh6E0L,0
11bsPAgj8M9d035Oczo12m,12
2PuDoAM0gdidF1txIQFUkp,0
0jrz4ZQKCsC6h2vzqgHiEp,59
5KjeQtJQDFCMurnXYlpDz4,43
0J45lEzyh0cMdi4jPAp5xV,0
5FDXQVXYiLeXLwt11T2lcN,0
1Q48AM3uKnWdZEN7UJng6R,0
0iXXKoihooHII2wB7CPb5I,0
1Mx8KJepMb2IwZyE4dYGme,5
2hWKN5fCpkIWxBDrtFeBHc,0
7EbTPYTnPJnkcJn7bonvY3,14
0Z2ke9CtxCONdyURCI3wIu,0
0P4wupoasH0Pj0cuvwaIwN,33
3Ey4LfRjPERWCWE3dhENPq,0
2KdsPGSUXbSZyq4oiDOqAe,48
1eYyfFDQJGRhQ55jlbtqrG,44
1Un1dsZkA9cfZMLOXOyUBc,50
1Inq5p7LPUNq1W40hvTD7h,31
0YsNWdVVmu2fTq8iRNIePT,0
1wKXq2v6jbWPM2hH2uj0bx,35
17Xg5u8fDHRJCw09JgycAD,20
6Efmq0wDgijxWFdBkzIOvb,1
5UWOfAY5jxIB8bcwwIEZMp,0
2SqYQ6BszZsUTmdFgpNwgk,0
3DahY4C9iRw0J1dt7Kh8Wr,0
4ANjm2hzxA154u1slPxyeM,0
5xGxl3Iux0worDz9tLbaDn,0
2FZKZnPf8qTAGugiWEqMcA,0
3b0dX6Q2lxp7OX5lFt0nba,50
3Of5Vvox7DstYj6oET5b2h,25
3Kd7feC47Vwtm0PeC0XBCK,25
6FblKHY6mrOR3LQXeOQGeu,2
3lapBUarXrq3pEUKMsHNFT,0
0yJhNVWztLIG6dFYi9aSg3,29
7foHBs2UUa9YX4UWQlOfiC,37
331YbyNd4xRKm1VM8RXJ1A,8
5b0B7zOMqjeo0T35009HMr,0
50jvqnM4qPR9RJwTY3IU7c,7
5uLZgToTLTRBXXcekii3Yo,9
22HHKuitrUbFh8nluddJoR,0
0Sizq91V0brNa9RBpMfeOB,49
6WCZBwvcS1qQKIwPjDUgAs,0
5qKqRkWnRTXNVWbEOOmGxk,52
4JqxdEkR2KWTBz7WB4fj3W,13
6ZZiibK0pvYdzA0V6Nf8Ag,0
4LCYfudj0YePxgj0HbAnC9,47
3iCCm2CiTl8ad818VFibjO,19
3ORHRsAjOuvg0nbFhLhomW,16
3H6JUtLbiZh07T7GLiuTON,52
6a0GRBATlIq4SRbBOPOA8V,47
0hHR7DwdbnMHPzfWRIOhny,27
3rNF3QG3xFER9YditvdLgQ,18
5rB2kidKHVVzPlmz25j23U,16
35haWP34BeUQO6g46iS9Ka,20
7II7n1Qy5He7hs2Q9XIbYD,19
2d1qiSnmzS5jiAAss3Svbr,43
28hioqqNRQD0izp6KOXpoH,44
1krOGaThAoYZZ2qKUuif4t,38
3hFUm642RKc84AhOz4GKwW,37
4VeCg1rkHHiu1utqoNNUhH,37
57Py9BTgsrGScQIXqbiaaT,26
17DFL1ATHDLnvmjEwBqdI9,25
712jeLmkHcf7Ruow0g0V6W,31
7F8uVHZGTY9AabhTWVnr1T,26
1AUTYg8aLmAaUyXEbhuw8y,0
05vpswcCkiXX2egk5GBo2y,26
3R5G81gtoO5CcZlRCRKVLk,42
00e5UrNnUkBSKOPRUew6bG,22
2RsRY5npULtSFKQOe4MQxu,24
5OYCYTtQfrZ5LfikBChdGA,17
52WQhzeikd0FijngYTVPho,24
15FMSxoPEkD7Nn4LwnR3yz,21
5NLDqBWjQUdmmA9JDABiIb,0
4RFlr5gH4GDQrYjpP2fXw6,0
5hLeMXj4iqVGxmDjTYKRzT,0
669diBOTrIfZzr12C9COHc,23
0V0WtaKdSJIyRd6ODjF0hx,0
4Decn23R5mhMoNnX9RPHQa,0
5ycTwkLUFRzuTgULpzcSHM,0
1X7MT6osfvC9JEZSPnsYrP,21
4OGupqrF7u7wM4yLRMpL0p,31
30JqbTM4GBcSXHuJYeKJjI,24
7IfywdSxY0okFji12beS6Y,34
6ld0SjdFPdZtoWBxzn0Ytp,2
1kmdxgEGbd0BsJcqnNQXT6,0
6VixF2QhUqNgcbH9SujeiQ,0
0Rqcf7GwEOIFg5VFMNIzHF,0
5NPv7MhqawQbvqXd0BiJzm,0
7pcm6L3cgpfBB74H0btIkB,0
2y06yEj8JnxUSlXuwLP4rJ,0
6zP0ipJNBVe3G9gtmtcdWl,0
2p5pUs6LU2GZNVb9FCNtar,0
0HOqINudNgQFpg1le5Hnqe,7
5PONCrsJnRyMsHBsnUS6I9,3
59Eo4gTUz4NpKbVoLFbwEj,0
59R1Pv7IfNDHU76u6eD6yW,0
5AvCe7MaFiRZ5sPlrW8Stb,0
7qIFsTE3QUpHBUMhhzX5VM,0
5odFKr8lDYmdSyA1K4XDJF,0
7fOa2YngldFhZpkPpQVwpb,0
2PAAtJMAcw8C6ayNfy2zVH,0
0hPFPELRHZetjzU7dIaBqj,0
05xbEV5M8DAQmhFKKlHaDd,0
62BoHRGSeDnRd4wMn2DUTp,0
3MF3HJ5dmKm8SiVKXAsQsR,0
6yYnde58z3wfPjJnljXwe0,0
02UC06EU3bbApTs9lsNzFC,0
23RPwjKyCosT5s3X7XzgV9,0
6wIV0D0hoKdeDBoXtuyXIF,0
3iJAVlE8t4sDr62waZGWzX,12
7rAeopZxC8VS7qrQgcVeJH,11
1oyU3zCBIVREo7RmTVAyBL,22
44ujgZOk7wnISLDb1QAENY,15
1Wwo1O8g9u59diHJg7fHBy,14
3JXLO03HcIKzIB1xuDSDrR,9
2z8tZ7BZ1GzFIlaPt5qWKx,50
14ZeVc6AqpEt29RN8IH72x,43
1sI0LMtBNktdYtgGMyU9CI,1
6g9jxAZz5pFxafWle0uxY8,0
15Do6dBAo047mXWPRqChtS,0
408auwR6AlpKxDyJVpwdyC,0
0Uu8BPsWQGZk5AiRN3uBwn,47
0oipDSP2WW7wf5NeEjVxgK,39
6gQvUs5abDFspk9LAlCfKa,38
4xL5ytWp07oOvYRtcN4ehe,0
5LPcIeLf5X05un3LLHWth5,5
5Ix3DtIEWBTgkmQwkJ2JLX,30
4FsWYwoqvN11yFTvJOuRf5,12
4ZS2QVf0MLrO34LCDiiJ1T,0
51UVuDbX8WqHyn2ga4dsyG,25
4VJEgV3CAmfGANrhtRpCpM,0
1KLhUURHRl72xGO5A94lme,54
1Xunvmk47Mju6oZlgzm2Ty,56
2ohf5urBpT8bieYr8kq3kt,49
4U3JMDnjnUKggATEp7NryT,52
6utJPGnUAGkW7qRaYpoasi,47
6cTGIsgnvU6Uz7AwfuVq64,28
3JJ3RegwBPhDSbhZlt9sCh,0
7GZ6edN5wxF9icp7wIUoR8,0
559cZxWbBgXPonNmdxQJne,0
3NitY3eL3TjRvPlQWjaclz,35
4C9VvaZodMeykzNlr5KtCF,31
5yd79zJqlkY7YiwN8VPmoJ,32
4OPP6Nzkf60dpjbfRheELe,0
76dZuMVXjIyLPRLv00skGd,59
0r2Bul2NuCViraT2zX1l5j,77
5r29mFrurlVBbqJzjr2XW6,65
0Aqlt4N5h6rUtKnd09VXpr,58
5wvxRlpUTSX9CE52yFZsIY,50
60TbmViml7n1jUZksLR7Mq,0
6C5hEhWg9UUPaxdmXQUjeq,0
5jKeeam03JIlhGCLGw9IFa,21
4ZjwZxHFro05u2CvZUYCCs,50
2bLqfJjuC5syrsgDsZfGmn,86
5KSJ9k1FYjFLnIRlJT2wF8,68
0AA6zq5ArZ1sSH7VIMi4NK,59
3Gf5nttwcX9aaSQXRWidEZ,78
3qcz0cF9gw6D2I6GgBHMcA,0
4xAk8Lw82G3YoVSOdVAsBx,1
7xJl2SNQT9ZqgXpiPXprnr,37
1YXYUxukckA5LLnPe90AlS,0
0xzgKue9yMCG1K7fj30xIx,39
5aC5KtkmNBfX1iFX4EVfCO,40
5Tc1KlDWyRnLLXL1y6ufsM,47
0x9HPHvbIAySJlZU00cmNp,44
5TpaWJKnuyA4MjzAbFXSTQ,58
4mm8a4NFLKVzciUJkCPWrL,35
3iujdhEEObcf6u8NHz1nBo,0
7vgIM49wiRCUMxUR2DRs9O,28
3VGC6YgNzDNztxmo5osBAX,26
24SxcZVgyzTkpJuV9m9gEr,27
5SV9SnHkuHMh446QsgQtry,50
4T4MW44Qmowo4qM3KwkVsU,0
7kndgH8ivxIQ8PNDOrtAbW,31
1y6e9wIOb6FBwH13erkDwO,0
7r9rJH4Vb95JT3o8RMAyNI,11
0r4wOGAdRfCJyaognMP44R,36
0ARK753YaiJbpLUk7z5yIM,82
3IRJnaxGHSnrCCnPhe3Y18,0
08raaAH8Ayehvh1Cdd71jB,22
7irn6kVaWJuJDFAOzuBtp6,26
1GmNuVDIivZS8Kr9VynY8h,29
68M7UmepzR8MtBgY94IzYr,19
2CnZmVfWHZiWv2PP1xpllp,30
04KTF78FFg8sOHC1BADqbY,78
20Cdp38JljkxhFe5J13Ra3,33
4SyadrABZJIjeND1HPJS31,60
7lPWSar299hReGsKkZiheA,0
5Y78yINSOCW6xbOfGWNBg4,59
3sXaTInkrXe5YEaa6ZYr1S,0
2bZblXlJxpSvMuD1C4Q1FG,34
7nfGrjZf34FxqS0FWXM5B7,44
3tN1pfXv2SfSEWM5x46qAh,24
4xaHjQrA5nAeqmy15AgLPT,21
1bkFXA5iQCsBVh2toczCMK,23
6o2g1BJvtYQssH84kBYs7y,69
1JFeSnxZ4czyxIaXMyecyq,39
69ZZXDvtaftXr1vQULoYqB,31
7CrY10h4ESBscDFjv8ug6f,13
7laHFXyvmclFYqn6sNnVOh,36
3GApO5GOxyRdMkrGLUhXeO,28
7EHuEc9jaRJIH22ffHRcRe,26
60jhH0IOUgycrEJbK7zP1s,29
1EapUQK4oy1idLop5yV3U3,41
50KgeE96cK0y19DIwU0nLO,0
32PWtlzKyvr3HcvJp1JFF5,40
0x6p8igMmoAmVcny8uyVbk,37
0rn92yznjf3Sh1agbjCV4f,24
3fN3OQIymbXfYkCWIAycqo,34
24UpRW1KQyKGv34jLryUN7,30
5LIuqOmzAiP0RfnwyUPHCu,22
57bIFs9ipfzIHMZYl24OXD,0
5yTQ7Vy6EwKwB64Vho90LI,47
27LvxLKUfzL6b6WMdOQAVU,38
3KHLmEOyPeJTa5jsNHvAgw,9
1B4hll6yjAfMO9I30gGZO7,37
6NUga6kum23a1B0CP81huS,27
0EvsLFtgq2ToSaH8UXmPK0,46
7e7YCETIA8xoF9IlWR64Xz,34
1TpZwINMh0YEKTuvYHG300,29
2vmmeHTUtm2seLNMvO7YPs,19
5gwU5Z10pA1IKUGSsCBDR5,32
1Jvfg9VNWyDRmA2S3DGsSK,18
1pN0fH6xi8PP8c2R5H8pVT,23
0CAJdthKDdRjB2h8YOguN6,66
1myUmsHZJT8zr0PsgkfntS,16
0rceuwdoOmzDr90MuN1vxz,33
26M5PTa2xl6NSwm7D3CONp,53
0TyJN9PfBK7lecIiMbjWWH,32
6pcCOKRhqzGmqHngGQVUKZ,34
1zuFmAYoY5ZOPRRIxcakUa,22
0I7EJmk6S47mpVh73dB02r,24
53v6w87pm4hVFwC7GlT2JI,0
0M9mH33xccGM4ITZIGwX2H,0
28rT6KZftud6P93LetVrPD,0
5g6Hb3izCstZQOSOdjSn1o,0
6nYonr9Dh3CoNxtLBwv8N0,9
0khWxmAK6bqjIBygLX2XOD,14
7elVjOsjavNKmAMZOT89Od,0
1keGYGPALaVsqTGfOAjy6Y,0
6uOv0px1MsNt6ejd6Plc6B,0
0koUxbhFiJ6MusLzYV0CQX,11
7xB45O6AdDBcpsrAaYiRuj,0
0PIYzFAmlxAy0NontCSrzg,0
3v8QqKguRLsoL93Xpi0feB,0
4X8VcTcBTBFUU8ucu0pBGS,5
2B4WMojjlOZ9taxVw8MkMg,0
32Kmk71OPA0laee858aZoV,0
6e9biVAugkOfydEN8OiJpi,58
1Tk4KVBLxD8CMAy6vJoDF3,42
0qk9b7oyVmgVVG0P2shD0o,4
44vw9JyAvl32lVEEyHN5xw,0
2xIcZCsRG47gRJLTXENYPn,29
2IlL3qHdBURCke78uEdGnM,1
0S9WfKtYCBk3OkJ5SNrKQM,0
1kzCW1BcPju60Af3H3x3pA,0
3NqBqTUzf0JJD8hdh2vKEQ,9
0wKro5Y12zpbXFaIBo9AVx,0
0W1ZfgXpC23RYQPDq7RM5I,53
77D5OIsNqMQcFLIhKOPZuq,30
24p4TAI0wH4PMd0vv1OstQ,0
0CtkjgZpkgnW7U6WmHsakD,65
6ltPEsP4edATzvinHOzvk2,5
3jagJCUbdqhDSPuxP8cAqF,72
5qTvkDrSfvwDv6RBjjcfQr,4
7I4zJamsReVjDMmx8GkH5r,0
4LmzPJDil70LpiApWfOI6O,63
0NTMtAO2BV4tnGvw9EgBVq,74
2JI71GHwq2LN8mtq3iCLYo,61
0YtPUj1uKaCccyr4ubrX3K,22
7ouItOD31hjhdOYeIBcQaR,37
5s6YxDJaHIz08u1Wj0KGnZ,0
0qof4XKrb3VLXVXnkvsTmg,0
4H4aA1Cg69dB46GWkK74mx,0
2MNKg80wokPjnpRxA80AYY,12
0jG92AlXau21qgCQRxGLic,56
5f8zcDY2HPdhDBmNnA964h,20
4AYJCUwrr4qlly9XKdZ4Pj,0
49zD0wr2S3d0lZPib0K4e1,66
37AJxyHmL3ShqtPnkpbbDN,0
0tPShxf8VJUH6RBDEP3tVB,44
63wKtmUg754umO8SglEL79,55
7j0IXkpqntBOMvC3oe6JMV,5
6l4qV9VNeCOesvcLPJMO9y,0
7eb1BnyCPyL9fkYv88fYuD,0
0E5loSIAWRO56lW9X6r4mc,19
4yBnlvlr9yArcdbpnwNjSq,0
6AakzlXIJkSzKCIllG4gdf,36
1jk9c0gZI0wbn5GvAj7PBV,66
1Ndea4q4NHIqwx0KaMnzBp,0
33ZXjLCpiINn8eQIDYEPTD,78
1RkOJtrrYNeF5DLVtx0CG4,0
28LskEUYL0n7iMmPf4I2Cg,25
1RjU7UhRICmdFPKxCucLgq,64
6G7cu4Xk2u5HXdJLL8SKmG,0
3xv229qX6gFRYgplFCTKBl,51
665oXME7uvJTGulIxuKkjQ,0
13ZiA95houLXuLxkbwghQ1,0
3CSSmxsS9qYQ0zd5W0bfpD,0
722tgOgdIbNe3BEyLnejw4,72
275a9yzwGB6ncAW4SxY7q3,66
2ACys0pX0SjmpQmQWzp7wt,68
1FvU97lrWOG2NRxErh6OZz,0
1AI5EqOqDVmOKAn13cGx92,23
4gmtKUjYw3JuuujVUwReiN,0
4a87wpeqAcOv03pYihEzku,54
6iDsVm1jiN7dQe20LdNRqn,21
4sCZ2LmuagLxTz1xBoERLG,0
6zxduHMczryEbhZ5NGyiPU,0
0WbC8ZtigbvR3AgFtk0HPd,5
1kfGkqNAGpiPGfst4Ln7m6,0
4h6omEIukDMaWJpM70XEHG,0
5XJJdNPkwmbUwE79gv0NxK,2
1OxQ2XVu33ncQTboznnLNe,27
3lyeSiAIdLoZUHhV8psOTI,52
376KnY4TrgBITxjlnbnmIy,59
5StUs128KSibE16fxntBSL,49
2pBzr1GZRIQPfgsccD6H11,11
3zlXiQYeJJh3BN4up7zSFb,0
4B0tKXJguUl5YqW5wDcjNe,0
2Vf2Pflg5rTWSvSCK4qq4A,0
21xJVN5wEbJogczYxfZhqR,0
6j5p0dV2ljXjbp7PPRcVDI,3
3kfxarilcBr81mb2hmZLeh,0
6ZpR2XFuQJSHAQwg9495KZ,62
2Kt9BxrGKoFF9QPueruRe5,0
7tk5tOCj84jine8kKJkPYs,56
0Y0TOsE1q11qgbi7c5WZsG,65
78zC6abUHZ9ntpqLXMqrmo,0
2czVL8mpPBuawijIYf3vQ8,0
5eqiMMbaeUZ32Q7sS00H35,68
46gjYTEK7W8ZTABcglGP2f,1
6k2900NjJeVqZM55G3Danu,67
5n4dO69Wl6XPJVaXe9eFIK,0
0SjzIvde8QyAGeXwOgy9rs,44
6ccps4WlASrRe1qPHZ9tDt,0
6Q8Kun3iyWdIZvwmrrfMxe,0
4Y42w1JJaLzCC1XGbxGjGc,0
7vgNGxchhqDQWjKjLPTPro,0
5mQuoUruo18S4KcXRiTwos,0
2DM9JVZY1Kl2bvxWE2ifqE,0
75FDPwaULRdYDn4StFN2rT,43
2rKXzis3tBuNQQojmCldkv,40
20c8kwM60klIrU9LIYNv0X,51
5hlWtrnVUyAze5WkxF9P56,2
2J9jt3JJXCt6SR7MxLcME7,0
4gUteMcpbt8S7PMc5Wy6uS,51
3mMLNYqksF82jffNPJseaz,0
6hKpIzJWHQduwojjkWG8zt,52
7ISL3LO8AWP3fKIXunvqTa,66
58VTMFtsoe0E0vSX1pV03h,54
5jddjli3YTIxueb3xFdLaA,44
5GoaMYsGRwJa1kHT2WL6Hw,0
7kKLHjFif3r0HG5YyBTv6d,0
1epXeucPrbpdXwe8dGSjf9,0
0LL2iuwjFIObiUEiC5SedP,7
2NPHU2WJaI3rrtCNNuQ8L1,58
4CdH04HcZHMBLtDULDHFfe,21
2YkcoPZi3jwGfa7r1RRhV2,0
1DG8aQMP3dS9Pxf1lUnKh4,34
5c4X3PrLDtzAqXOWDtfX2t,45
7pv8xZYGo3FAZFd2R4OP0F,0
6JgumiX4QJb0g38UhpJ9sK,0
7aQT5OB4zEgyyxfRDbOBIt,0
5RKBwCygT5D8ksFZZz6H7Y,0
6TgBXzpqMImjitAE1dRglH,0
4N2d7hsNCkBCo1FLGAO9ll,51
08PjS6opdc0vLlaf0Z7YIl,0
4B4sQFCQsGguRZFeKPzWBW,0
09JODSGxZqEhyoD0OX23Bs,0
3xKLnqf5nBIm5WFvFmhWDX,0
2BK4l09aPafX8i3rC2I4xF,32
6XOINCZBv8Q7RXgNNiTwIN,1
1ogRu1dOUgHvel8To8oQbe,57
1iyd6WIPHBeabQGS1Ns1Le,0
0XEUKN8CnHAKNmWmK1FG0d,53
2WRk6RxETSwdsg2dhtnXxc,55
6nxHMqTNKWlQnx5AFxz1iX,55
5QHLHBmGDW999nMelytjUA,32
0amPDBn2wSRl0vRyWSLk5v,0
3N02rdKYcUq6nabDpCRv7v,44
1zcJ1eMjRONHitpcPx0c68,0
48RCrsAtJ9HIKu95EwWoOt,33
7kItHXkqfLWFOiZ0tSzzbA,24
3PrPbuCs02pv3jZtWieaFa,0
5c2oCfWpqrtU3avaOuekLs,33
3G58YAOF6553O7jNneeEId,10
5RfhUFcQBeonzqLRhU8gvK,0
096rnp428bZTuaiKcl7bHM,0
6qUEOWqOzu1rLPUPQ1ECpx,66
5eYwDBLucWfWI5KsV7oYX2,0
0rkcFGA6XEVd2XV2JI6msk,0
3bDgjbhgJrCsKfntgE8xT1,0
47aeY6IupdZAkLVoe5atUB,45
1Qc7zCw6k2KTvSEl4IKSdP,0
7HRKgCruDphRaLW4wmx8xM,0
3k9i7UzeSUYWIfUZFeFDUd,0
7rwM67LyGTDIq33h3Ukc6Y,55
56TmVrPjuVYF4QXKJoyVZF,0
7112WRQXlBGe4Os43yw8gV,47
7GRq9NUgqhxPGUUksX02fk,64
5VXfsQX2NYS9USmDgVyys0,45
7bNFkCSO1ofu3uzr6voY7T,0
7GREpCJkwNJnbgsN9sViU2,0
2cppGOIz0cuDnKoGzrDsJQ,60
3UWYmWg9j8KVV08ANBqcLB,53
6nDxUpsVjr4qAQGpd2oy6g,0
0n3sHHfdOq6Awix3JPe3xl,64
4xCKq3dKWEzivqV4jbz9MC,0
0GrcPg89CPjXEkPAsAooGP,0
0npVGsE6RMRt8nBdDKaDCh,0
2lmg77G2ypL40xfIqwFbI9,45
3CqdEcYe3xWopkzxQxiyIK,0
5EOoMWIB9iK4ZpcSex9Ec7,74
0ifIudDeWelhhKzNqP12jm,0
56xzyK1pLQ1Lw1AVcCM97r,0
7b16g1E6OAG6HNmAQBgZos,0
2ZMI0QNoqU9fQZFirR9WpK,59
43KDuKt8wcZFkx8RNwf1Si,32
3rdFEtI9fiqQYBVyIaOBh9,0
1ohphTiYoW84NPGpPY6HW6,12
4qhDzoE6Ih7tab9s6aNTmY,0
5bHC9aYva39pR1mmFMFVxu,36
1BfR5GMOgW0peHkPxrwf11,66
2AYzOAV74uB3YahrDHiYxV,0
374vbxvuCPoDH1XamaqFID,27
1JNvCcHIlwpcxWJ5NFgUrl,26
6nRQHhMINUm8rjGgpdkBYH,53
1ZCBORA4hOTX9dUcpSnW7M,24
45Ia1U4KtIjAPPU7Wv1Sea,74
4VwPsMcRt1HPVKIdcwY9Uj,65
6lQ4C2lYc3mIsBtB6EfkwT,46
1MQTmpYOZ6fcMQc56Hdo7T,66
3zfVj6UVenatGKid6QirRW,0
1FTSo4v6BOZH9QxKc3MbVM,79
0oeXrzQoMEIRr3GkaLL9GG,0
42ZVk59gT4tMlrZmd8Ijxf,69
4TvCfnDm6O1gRSNA8p3ur7,27
0Puj4YlTm6xNzDDADXHMI9,74
5cwZFTdktFh5XjRglkqJYr,44
0ps0e9UUY3XgEajDj6jYAV,37
7xz4JjmcUyxjLb4ra2rk8q,0
0VnpSZutFXt3MP4R2shCTl,20
4knL4iPxPOZjQzTUlELGSY,64
6HfOzLLjsaXsehIFEsrxTk,71
2jjItCsygxKASceR8hppIX,0
1fLibtVj3MrNTwRZq5yUOs,66
1BLz7nBzRElSPfg3ndJkHz,3
0DW5anNzTO7h0OlKqFsVQ6,61
4hFV8xf1MD6Tmg2g0XltTY,0
0HFrCOmhCYXlv4NdEwRAuj,62
4QUUmoiuVPfRUrYHfnL5B5,37
4y6DOqPrT52Usm5Ls53ZIw,44
6KoK723c5pmYKiHvH69JDr,50
2GyiPfu3exRASKLKZ8p6FB,46
2GHp47AE8HTBF9xpG7FIoz,49
7zBQRGpYImAdIZc97FNj3V,63
4P6BuLsqtg5uISdE77ypI9,67
0CJmYEsImHZ42f7W6ntlX2,50
5q186AzhWeOEoFnApajHgR,50
3hQCHzkE5oSA3F1xM8bpcM,68
0GNbF413D1n8yS2vLpOBhl,45
62x93blgkWEz6Huop8eSQA,49
3VXDc9f8J96uBnAAeFrrmw,50
0Uc706myy6Th7I6KQ9xA1x,58
6lSylu4qTmLBGQB1zp5oCi,0
6TQANhh0iV17xMeExcH6qj,55
5fst2COuMGJQ7PzSRYGVj5,44
48F4fY1pKOTWN1H8q99dJE,48
6iIQFnknhqitV3qJXICseF,0
63XXvHR6FfiRDk5lKNNCMI,53
1KW8BTLgbRCTH8pzUmboLE,44
6B6MWIzXwsTWQpqYzw9bBI,48
4AMr2yB3Ng41sX5uKLIlvQ,55
2wxO3ZydJTZRi4Bbc02q7i,54
5YGhm6pI5s0uxJ2DwrDYqO,55
2NVt7fxr5GsqTkGwYXcNTE,0
3GUZHOhbl6hQEqsHCkUDDd,5
6XwKCiuBgLezlq2rlXpqvS,4
6Nq5lE0CeOAAAqN4qhkbZU,73
47FjToieQbxqNnuiRRQtym,54
5FDCDBFDKpf7TLzDx6r2Lp,47
77tsD2Ai9gdjePMqF4TxPS,35
7w8SYlPLA9bqj7vRHvYNDz,56
31c3hIaCg0Ad4jd36uWqSj,32
30MFmjElHOCOhfu6q48Wtv,28
16sEtZx6F2InPzybZIn96X,49
6keIGUqu0iqKnW7aSIKwOG,0
20FZrLl9zSbO9b3DhaqO6M,71
2ztyTz3H928W2bVb9qXBlB,0
4Dw6V4mhZAGkFSTQ4GUMIZ,40
6DbqCKweKwVkHgRv1CI53D,57
0jSMveIWvnhDIvzqN74Uc7,66
3rnDyg4f2oRsWmXdZVFD1Y,0
3cHfDtp6kGyfZB10lvZ2Xj,30
4rICUbwZZuqUOcgQgtux2k,54
7kUycEYvdRdHmXmxRiywPE,42
3mGW6kG5UZLLDb1vVxRnl4,0
1ZwLImco9n25d8oua1zkV4,19
6M7TmL8CZ52NJTfT8duiDA,18
5l53XkYN5rTYmdJ0P2GKFT,0
3MAgQuClHcAV8E9CbeBS6f,68
07Tx168RSsUS1HqkDIOZbH,64
5lG0xtobUSiOT2mfJHqtxv,46
0k7kfdefyPCDVHtHzgaq6t,36
0TgsWy0Fh6sL90mcG06pVg,0
5o61LLrnFaGbcEbecemBIo,0
7r3Hwig1mvtlVq0ZbJ09Wb,54
4ZKLmo5TSZebyenBpln7l8,32
7IBhpjoLxBO2oiNjny9ie4,0
7e89621JPkKaeDSTQ3avtg,81
7DpuczUR3nNFkMfMyRqoNx,35
5ib3EGG06XUnUf7hzDnheL,48
4u6JFQa45iIYPy5l8DK2xc,25
5mZ3SenUADr24QRqwA0Bt2,0
3lhAN67vp4RLgJbUUctHHO,32
18UDolpvPEqVzIE69xobUQ,27
0RuHgMDV6xyyqa2G8m9bXz,38
1gRSO11Oebsr4SIYFu842l,39
2Y8i6ntDzXIhCO4UJPl5Qv,0
0pvA063uNyGQFp7DNtmk0P,0
3yrSvpt2l1xhsV9Em88Pul,45
5zLvo9lek82KN9QKRpJojD,35
7tor1N7ix61iCkeR5Ebeqq,42
5V3kFgyxiKcOjLS79RtjdV,26
6oEAnFhmoFH9TWWjX1QLBO,0
1y58wFuYYnVsCnY8DsOELY,47
5lKxZ90QrEVKOZhLNtoKRP,41
3aPBluMU8cLdEfa7lhyvjm,34
1Vf0BkOzwIWS6Vkfn7giL5,34
5Ofrnv2h5jrKQuc0WDAY5H,35
4VtURpoyUD9vzc0yG9tztF,0
3X3P8wgRL2wsLoPtVFO41d,38
5omSKZvHQUH8WRUTOTC1cU,31
7h2TrjQI1z3sI7ZzQTf1eO,0
0NVTpy5COXhzMqgp1Z6P1i,43
3LbtSM3RFD0mLCoQlO43Xy,37
496MA7l7OJ0oQtfSKHqvXH,29
7ukl9x1A5He253WcoNUQI9,0
6OjJZrlz7E1n0oVKgiclE2,40
49ACHKQUiyzYAXtEfdEXoJ,40
6jC4P4UddgJKz4MOdpYlOo,0
3VOORXMd8S5qS8ZWN0mZHm,0
2dYV8IuEYrz9DALtl3To8E,41
7coyz3MhQbSL7tZyWFD5DL,30
5ZBnVHVp7PyuQzlAJXoHQ9,38
5FeW7ya5BQcZsRsQ6Wqymd,0
4agux2ri6ezt9QwwEToj9I,0
20VSzRqyzeBZNuOiQEifBj,36
6qyKoY9CfXWP8arx6JDum6,26
3290YP5edpGBoLgoZIGB73,0
1f80Lhv38g7ylh7LOToYwR,29
6O0OCTxHffoXmJSnhrRSmD,33
3w1T8UpNXxpiJAmx1D8rdN,33
687BYiiLqFXMwQdLrOxq9r,9
4OqlMMluU6knK0AcWNla8i,28
6UzYTq2NG3LdYDFQi2Kxxm,36
0CvGHSIGYW9hqC3Vihv0ts,27
5YoKhHQoQS6Nwn7rKc0qii,37
5LLk7WNnQSH0hz1anI3avh,30
3GO8K60dkaWLWMloGtvHTg,0
3C4dZMhXntU41kgTVls7vS,0
1JP9UmexB1NZeISCpuMASi,40
4oW2r1KLUckzXrofvgh95E,0
4wvKPOCiOlZh6xwwympC8c,39
7yqzwyCbAsGYNdVWQTLZoL,24
0yEYKmKPG8ktvYJ753J3jg,0
1bxqWrJMi1qn5JvMjNtPpn,6
5ahbge6cAozopYL2EeJg82,39
5ze2tIC1kKvaFFf0nP9iNR,0
27KUSXaBq6gpAGq2edLemr,7
1uB7lRALzVhz4uxaPo0IOe,30
1xJrQgMoWUiRvZyl1KCXYW,27
2CfQgPGkG6F92SJNk3DtdU,30
2hhnxjKsonevteyEb4qJVc,33
2a4vn9kHPnBUBGWPnhHRav,0
22bnRpREhpBzy62K4QvdLX,30
4WE4eBwnlMvt9LvylnfcSu,0
0dVQeXMrjnNUqQOTQscgKe,0
2cvfU0e5s4fLlSjiCuQwFv,33
5ol5vmBHvjrdEXfky3gsQk,0
6OHE5FN7U3py0MHxb8iZzY,0
5Qld1ZZVE1UaweNLvAVTYp,0
0zyyaMpWRZNSx2GqAMFKX3,37
5HPnbJnVMocil76YSKmrkA,27
1130yH9cDY39Onu6HDYFYP,3
5EJZKffdlqfITcIce4oTM1,28
5Cz3z2cS7vOafvQHgxbOjn,0
3FsqYqnmp3nfLl9vEx3ZRn,0
2LNLenFZvgHlU6wKTQavij,0
2gnWkD0NZU5X5rLLgmAqca,7
110pEfj2ij3wmN7Cs9RG7D,34
2psbaFILwv134sGvLmziyJ,0
2jlNiAhus7JJIiAI5Pgsky,5
4vrOAcjaNkGkV2ZswUZHC1,51
3iqd7tTlACorSbFFwAGc7Q,0
2xF7M285cPAZyBYRWSZYDd,4
2RxyL8IRtmXWTUwAUnLhXm,19
57XsqI2gTdJ3T5W3c9sWD8,30
3HDtzEjGD78tNyD1XSk1oQ,28
3eA3GaCrWwdz6x4QHI9Kj1,33
6HZILIRieu8S0iqY8kIKhj,78
7floNISpH8VF4z4459Qo18,77
358uP4VwX0XYKji2IW19zi,0
0ix3RUQ76mECOKP6LDPy66,0
51gbF0SxTmxgAguiWWUXPu,46
51sVgPeBHYwbeM1cWegVqR,32
7yMhyRmQGv6mSD6SkfhPeF,30
1elrRWRsxxN4vdOQXcP7Wz,0
5MZjzyQUEhrfDnnzGsLqnx,0
1q1ds5yuwDOZIdoRLy1yHd,35
4zMhuWlE9hdJbBF6jnMd9w,10
1MksGqIztTT6M9R1ErKVs8,51
1ubAOfFB6ZAwSSRdkC7cDp,1
4Zxdw0Hno7YDu0IzvY76Qo,17
0SGkqnVQo9KPytSri1H6cF,64
31mqc7EKPsJf3pe6H5jEfC,0
1Ioc85mqHwoQKvnI0p4dnW,0
4LMVDcuwnZAYg2bv8pwh4V,3
0mGgkrD2phGmsBiDy58z1O,38
4YgQvP5Gvl4ku8tdcLOOH9,0
4k2P0y53ug3jAYpsKMutIp,0
30rFcHLyR2K2FKGvIMhTIv,0
7iynYKl5NWdjM1FXTzs6hw,48
5FghJeQxP50JRoldsiOECX,0
5dwT1VohRzyqh0qO4HqsJm,33
5NBeDHBibVbqDYq2ZuqzIA,2
0EgMu6K5XxJ8ca8QLZSkU7,0
6QRwT0bcuIsLGRCqMDJrVR,37
3B2jTXpCLpKVNr68HDmfDF,0
1syCC5RAZDG6GCLaJNHgeH,21
1nzKLH9FeSV4KZdBwdCPQg,0
6aRlUgqcLgrxQE3RMngjN5,0
420Ta8vWYCgXk7yqpLO53M,22
0dvu4Irbq0SM5BWny30rRR,0
6KBOvrddbomdb9dkarvwCl,0
2bjwRfXMk4uRgOD9IBYl9h,68
6UjfByV1lDLW0SOVQA4NAi,67
5f5r2N4Lp9WoULWPH9zp2W,63
0mTxrM3SeSaUfP7dodFMbx,0
56jmQ1ZWXUWNmIQQZb14bJ,33
56wkp0dkpjimGfX17Ofihm,32
31c9IHwCIONmUYW0jL7Riz,2
1bzM1cd6oqFozdr4wK6HdR,62
4BP0An7SXctTY4kF41JxIQ,62
27qSobohScQ8WnEzp02Tm4,25
4csoLz9xpiBBXYuhZLeQlx,0
73V6cuFASuzoYUrCFnD07J,30
2MO3mSPBH8U9qalH72vqZ1,0
4duVbLF51QbIQ7cUW3SvD3,0
6QEpDNz2HTEkYZSqcDZCtm,39
3loNCAyjqpgB9DvKhLMKi9,0
4iYRa2btalAzPZoSYfROqF,68
4vc6tfBvOAG00EpueunpIz,0
1EaKU4dMbesXXd3BrLCtYG,68
53HIIqV64NIKyyGllfKvzu,0
2Yww4T2RyES8W2HmoQVNRw,19
5PfTI3zrQbZEWcQdycMqJM,48
4mAhZaSrcVD6cJWA6IqFrk,0
6jRgpSuD2RebITWSK15T60,0
0XpEoWpZqlQpGFYZXDU2Hj,0
0fOv9Usm5mbJ0H1EQ7zrIQ,0
5jrcnHY27FfJpcWdCPdG61,0
6I6NX6tjGsxFAsIfGzY9lJ,68
3sgL7CN65BzZq3qqG9SkJZ,21
39nlQ3RFgKNMugzPjPWn2v,1
5fj3vGGigaAbVhPz9TjsLz,22
0rU1aBF8cQ8xS3H25qWuMz,0
4ZfFLcsuQCk7GiChENoly9,39
41rPWPCQotore8Ywk8lGOA,10
1EiaIGTIQ2aH0NTxFSxv4U,0
3fS0GCbLTLK59MYn7HYMNi,23
5rk2nRNREUq6TTSS7h11Fr,35
3IHZc2GclRu5nJpTqty7MY,47
3A2OHirUAlQp2x73BJlEDA,50
1UAmQe8EwpxQ80OfYVD13z,60
30sc425JEvj3tgmGAKORea,65
489dYzwI1HSwrjTHZ7Fm5o,0
67dyMPOUsbZ9Yg06PnfAAh,26
4sxLB4ibrNZko2Y9wHfwZ3,37
6E39QsoWB7JjphPF9xCQSN,49
1IoQsA58Sj2odO1pp2dEVe,30
3DzqYuaGq19gpg8eeCpU7Y,27
3wBAhQLR9VjWfyYO3u4oPR,48
77mLzdHEWRB60CLlV02TV2,40
6OQea06z3cbOqYgG2O6eOZ,42
7uuBfgY1vBCalrQRyyQhqs,0
6DB2KOEwHnjkgEnBt5SdeJ,54
5hx4FpDZOnDVYlyoG3rMks,41
6kl1qtQXQsFiIWRBK24Cfp,55
7hURFZuy8vSBfvycsD3GD6,8
3mbwf6dhBfxqzH19qXzDof,0
1uhm2Bj3KtIf7nlry5hPft,24
2dX4gPl1HTNnvf6zaH94Tz,30
7snrmC4Lz2skHvzYWKxKJF,37
7EiQlFiKzAxTcomfvV6e7l,0
4CHp6dRZTeFAu4bSOxfH7Y,37
3pC1ILr9KzmQLMe8Kn5QBG,0
5AsopZw31JkTS0pIcTHwAc,0
7k3sn5TIQ3qRVJ8FPTG9kx,57
0V4uo88eJO6JgkdW4NUMZm,34
1PI87c2lTmkjNUG6EHzvgc,25
3SH3QAevDeTY26BuK1UF38,26
1U9nZggUdMYoC4QBEjxMIX,0
7kTq06D9CMfPFxyTSaHwgU,0
0sLrHBMJNOxEcMhcseE3I4,43
23F0M4yj7O0mS6Y0SSHWYv,26
38rAjTYS7oLYms2Xjb1k0l,0
60vomRs0pRyC7f0vA7K9HT,44
0nVt6i1yKeYklt8GYNz1s1,0
20s3FayrStM8GY0m4dRFsw,56
12G1TYIfbpvC0mdFFn4Pbg,48
5PhMoMCYsNRwhelUcNk71s,0
24M44x9vVlOlXipjJJcAY7,37
3FygJnwLJbaU5xe4E87h8e,0
3Gt9T6UISOVML95EvQAfg7,21
2B1FNeROVsmJnzna8t9LiH,27
3dmnVNKCxtohL1FJsM7xWr,42
3G3lahQSMk4BHnap1i853u,53
2s0bT20ssz6hqrzOOL8iQN,0
3RNlTNO1OzaZis1yLpo8yc,37
27AHAtAirQapVldIm4c9ZX,67
53BZ6XygAoubR5DU5w38Vq,61
6KIKRz9eSTXdNsGUnomdtW,70
5FvlQZTm4eOGeUiAB1bKc9,0
5RGXoZt1qxmAErdhbyKJKq,66
2xTft6GEZeTyWNpdX94rkf,4
0ZU0XSkAUFqHxiXDMU5FzB,52
2wzMOVWqLMBNx7wVvJ7tt0,0
4rLpAOk5KVNcqEMK3m6Lje,0
4cgJF9rKas2H5AC8FnNts0,0
2hluGQtmPypU3tsQudCQ3U,53
3ooAjhyOZ1xttGD0iq1GVO,0
5xEm63lXBhJKZgjRDMWH3H,55
0Bbd5inN2znpGQkxZbqmmU,49
4ZYM6R5nOZywxACY90Bsla,55
5f8KgDZ8aQKQii0U1qdRbC,53
2NxgsA7eJXj8sBSsoKP3OT,46
5K5dQsYdSdo2LKdepxbYAd,60
3ZgQhe1Sv7mnQjpVTJnOFp,60
5qiDen4GXbcZixkS114QXw,39
2Vpj5colB0MPy3Zg5SITEC,58
1gnOtJnOZErFPsADj08XVr,35
4F4neui0edP1ozygvFiCi7,48
3hx5R8nOKu5zvhlfDNSIQC,42
1yo16b3u0lptm6Cs7lx4AD,55
5DuTNKFEjJIySAyJH1yNDU,51
1KONmY3enP3r3nIPQidWAy,62
7MmhQMfjXPF2AnqrmbqvVB,56
47ukoPgAExwBp64F2gQlv2,58
6dLvocI8P9mckD2Op0m00W,43
4aOjDKk1s5hlsEY5ZhhX3l,40
0OGidxV6e9dWeN2bXjXBGi,45
3B6WDceNe6lUQnczntRIuf,52
6oadMAqfdbOBvGib6lUpn3,44
6l4wMAXzI8RxIysQMYZY0w,60
00ReeHCY0FQUyuAUyPJdnk,49
5oqSr3rehtGgZyDh0LCSA7,46
0hioWv2FDtVePjHFTwgrf7,52
0SwuCcwpFM6x4cu5zOvmi0,54
48ZUwXrEOhaXLCxvmRYhZv,61
0VAoDsKh7Or84V8xP7p1Fs,0
3jMxlXdAYNh41Eo6biUeXR,33
1F3RXhN6pz8VeIde2o3Cef,28
3eMVOlY4PqhG4e9K4epxbn,29
76YDsWGWezclVy9Z6sDGhf,55
7MJTU6jULOZPAdlu8SPAfo,40
4n8d6mjEugRMTBI7mjiHIY,35
2c3z8TYNaMnzeyppLfvrtf,31
0v9kGNjkKdQUdDoBIuiph4,63
58Jkqs5MtV3GXwnq6yq5v4,0
39vsjFm9kU2FNubcqGMzED,33
2hmm9zhst4zkHu2743ZSVW,36
3C8xkK4Cir2QmiaN07GIZs,46
1erQfISWXcYiSsTEYSaNUe,43
2eiq8DFWCjAOmbcHarG1ks,33
2m2dKtaKequ1QZYGWYG3hG,36
66PMGMD21uPKg1ltfAHPGv,33
1TeVeYATRojNVCH7q1APiv,54
18Mh3v6rBCCpcNYzyaA2RN,47
4bvqOj9QiH6qKecLiefKst,46
0Vqap6DWhvILPwGvbtlUi5,33
507rhTuNu5YPpxQTT287Y2,24
2pFKuQp8QLsp9Hl3YXuaGo,38
2z1FmK5To9gj1rU4mS20f9,0
1Gi5QPlpbDNDJUGvMemBJM,32
2j6DORpoXYTicBm4hl5Ztx,43
0q7LGcVSpsIoSbjChtZ8lI,60
1dNyRyz1QBN9kO1etUs1PI,0
2BJSMvOGABRxokHKB0OI8i,77
3keUgTGEoZJt0QkzTB6kHg,56
75O60YOeXQJsVeEpXvBpYh,0
7LERfcxG7fhH8iuhmhe5Do,0
5PCe0RKfhq7wB7vyQOIg9w,37
6eFVO2OQnuA59a09zVCHaR,0
0eYo6e6lr0Xx9gxsCWyBD9,0
2g8HN35AnVGIk7B8yMucww,80
1ToNAInnklKFv4MnKZcpJz,0
6aLt4PslIzYEoNx5opdeWR,34
5ZOLcd8JCxHjrCQDp394IV,44
3FWR4iiUUPHIK7OpiEgh8J,0
6KdwBL0OFecxLc1cSV9WVp,47
3Osd3Yf8K73aj4ySn6LrvK,6
5c3664v0qorEpBy1nXqtfL,0
62csqLJbdvAKb38rYijV1R,41
65rRB2mspD309xE6YimZTl,63
2ZLkHOVY7dqXIyhN4YQ4FH,0
6mZcNu9i8uhOYMiEAyEx81,2
4l59QWcA9F9qqvNc5pwDtL,1
4675yUu8AUbE72T94BkLCD,66
0fLILzjVXRCLC0lsNKcQ8I,66
1mUFR57zGeoooGf22RZysa,0
0mMmhuNtbJalQCZy5VhVwk,0
6so3XYH1yyeWFGskbQvDjQ,0
2lT07B7yj0XFXdmeZJup7C,42
6lj0yxC8lnP3nHpits0vBa,41
5taVRH80Ur4VIaSETLkAvi,12
4stm6lf1vQBSl7Eq4Npzr0,1
0rRHFywFG6H7NAl2wMMCZg,0
3m8CQnnfJJp4eQMWWl3zay,65
6wwAaPoX7Ce81Rn85Ntm89,0
10xdkfa78toyEqtwZ1KrLR,0
2MYl0er3UZ1RlKwRb5LODh,1
2kzRSiyignH8yzPTrWvyPo,64
3VQjHDZKiksfFLm7Fg8dEF,0
5YpZh8wfS4moRBk0ijNcXr,62
6dkxcUSU1V88Nt0gx2RySZ,0
184NJihoBmCTNpZZ9rKRDz,20
0YUwC8n3xid9r0udhAhMNV,32
1VYSeEuL487kHNJe2MHePS,0
6Tsu3OsuMz4KEGKbOYd6A0,71
3NGT0Td7H4Is1qrlDQJxma,69
68GdZAAowWDac3SkdNWOwo,56
0BqY7i5dFenEnkYGoK42Uv,0
1TutDbND05vlHy9JwsrMJH,0
45kgqsq1g9liM5tvdKNhLa,0
7sjwaBQ6M3aVigYfBjm1sL,66
4kqluSwcQs3kqfK82ZrB93,0
5bh0ZC4XO0VJuH0NPGkqlH,1
34OiAOGvUPoTRqU9aTC2UY,0
2g9E9UyZ3pdJ1eqUQW0tfQ,0
1aUT4xl8iiYNr6emik4qTB,1
20LxTsa6936zOlzTWqoPVt,4
2nVTEsjkG2vscrByFEqYp1,0
1TolStnotatVMP9GqIqukR,0
1qu0VCx2idnR4O0hfxqdUR,22
5NsLK0aBlbNVxHzh2TGUGo,0
6mcu7D7QuABVwUGDwovOEh,73
7B63pF2NOplH4n9YzZ6Vph,13
6OnpdpwV97cpg5dHhtYWXL,0
5HKJl9V8QDMflGBH0jFS85,41
49ySwzAyvxcNXOkOP6ZB1L,4
5Gis3rbXy28VG5WG8hmtZI,25
5ngSGTy4Tw8cIBCMeIgoc9,1
4Tyv7nnNTHC6mR1pTubIrw,0
30Gd3snWllczPbz2Gd0JMe,0
5Zi5RHFI0tWKkzoiob2OtU,0
6gQaf0ANLks2uWl2AHhU26,43
69yVxyuRahEzs2taFMVVoO,2
5ZIfOjIDOpeoQR0ZFRNtPq,0
0Bpkq4z0VfjkO7kUME8gks,0
7dltD9eEX7X1zk8JJ9BS0e,72
0osPX8TruIebOhKuG6GK8C,64
7JjlC99O9Gub3yKge26LyK,8
17baAghWcrewNOcc9dCewx,2
0FyBloIEdLS3f3SodFiju1,0
5azeng4J5zhIjXmqRag2qQ,36
4go2hxLM6ijk0K76ZY0Nhd,0
2WwXhtq2knsErc7ojO0Dgb,0
2tZfCSPjVDQChBwIomHjmx,0
23kyUPJdiHQwmAH4NfCGvf,0
1xLJLpfyQmQtEfF9qeO0DK,0
4RY96Asd9IefaL3X4LOLZ8,75
6sDQ4uiWw9OdVrCXFLSlZt,3
4QVOTT9CM2ftSLwnYGNDjd,1
1GMDpf82TUwTVBPYiu0dmR,59
6iovySmAVi5FSbQgzTfoAG,41
3uulVrxiI7iLTjOBZsaiF8,2
6LN6yG3hwdYkx4gkhWMV86,0
7EZPH9Px3gXlxD5KJDwtwc,66
6I9Yt26av1rRl5UMHkMj62,0
5zwz05jkQVT68CjUpPwFZe,54
5ByAIlEEnxYdvpnezg7HTX,74
2Mb3zpobD0CvJGWv6NpsPy,61
3ABG1UQTk0eLYUAeWkmfMi,65
4TboAbE2pCUUB0fk6Q9rUU,48
3TZwjdclvWt7iPJUnMpgcs,4
1w29UTa5uUvIri2tWtZ12Y,1
5FHXxdJeq1iAE9PjDTEgyd,47
0PV1TFUMTBrDETzW6KQulB,71
7N1Vjtzr1lmmCW9iasQ8YO,73
1oTHteQbmJw15rPxPVXUTv,72
5XhkV07Vou38wnrzwURUOC,2
3C09tEhYKCysPOVqmJxOTN,0
4JYUDRtPZuVNi7FAnbHyux,57
32WDVNZXIAuu7EqncTTKjH,55
119c93MHjrDLJTApCVGpvx,74
6JI5wNWYdBw68GZjOMmgK5,65
34MRi5GRWHFUa731JBxFEl,57
3Y6XWs8xMlCngyIxNOFnsp,64
1Sgj10byiGzPpI2IrXSFEn,67
0W2mz7mvaBaEsC4rmoRNPn,60
0snDRsjNRMJhm7SVja8l6J,53
3lGBvPUgO7MJltUnBlOpe9,65
6SI4JD7iyQ0rrudhCNtMv0,57
7Kutf53V4k0CvU4nKu5oK6,51
5fyRqeycMofUoGmDis5Gu6,54
3HCzj965m8Fz2E8wZkir6q,49
6Xio661Y2iL7SDKFFOG9cv,0
7bp5DfkdK1OAvNJ1U4HfDA,63
7IwURvEfVcdxUCjLKUu6sv,61
4kxAgnWw4GKmqcuUiXn60o,39
2FWmKZ3kNbVsKGhuNHsltW,56
30eW6IlBK3wCwcB8TsPXua,0
56whVbEPZ2bRA5VboQPned,52
67mtN6BlsJR0LVyzvNZnGt,57
6wbBrsE2H2pupmnfoVSY6w,46
3H1WufSXLnOPckdJnFDbtF,41
61VlApj8p2ZaP0WTunTrKT,65
5LN1B9uVAVleCZ2euGarvi,59
0yf6ORR6kV4iEn6T78XKbZ,49
3nqnWEZnYoetfO2ksMZZVK,0
1h20yRsf5WeuHbohrlfcCt,54
6xMlblO0n8nfnoHOr86i2r,0
2QECh0fEPnaTxRWsVBrUz7,48
5hHdrN23SMuJkAsoyUcN24,42
0hvxqftYCZT406ElE03giM,45
2mehHNForRahnPueLQAgfv,47
6GlDfTScLM2wxG7r2LUUCT,44
4dmh3OPtAhbEybhGoOG9TE,58
3UhwS81S9L7i2byZCrhSAv,46
3MnwLa9KRUiv2gNFtWPvib,50
4dTtYVQzlwBMpVyQ4h3wy2,59
0DO5Qkdbtym514lDNy6LC2,0
3enjxX3aOAsFyaKeH1O9jO,42
4m3gxoAguorjKhon1lclXI,43
3RxF3Mz5wprRMopI8fp9uF,44
4sMH75ctV0RVSOHZqXJpHD,56
4sAHukt0TkE08mpMNgNwcp,0
3i0apBJdGSY2F24yHUSdkP,0
2TE1FOBGJ0h7xxIFUjppmd,56
1v5cgIyffYtfEx0swttdoE,60
4LaiF2h7gsybmURceGYLqh,53
5wcY4XgawQ2se8VjDLhedQ,53
1Mi6uegC4pRxQZw1CB5Fk9,52
4xOTVtbCPcfxMs2hSt9D6i,61
5XLC8xoqyua4U7wJiZAWik,61
7y5zXpTN4J7K0PngQYa655,56
7hdOchAKFm6FwzyevcQ56y,53
1xIxMz1sNQ4b6svH1GuTtF,65
2bXI4Rbw1D7aVeHWLjn1Lb,62
33rsCCLHklTQav9klbpnAi,63
3UQAKY0SUEonxneROvv4jy,61
5onGESUxi3P9xLt311oS59,54
3bOvAqhaZNSWpGVIvHEx8B,57
4heC6SnTBxTZZDef4AIBOk,55
2KFg8kjYy0rYjWsXGhEQHN,66
3yL6iLEcVpOQzPFjYKh67A,27
1y85Gm1VkI0kLXIv4Gpcip,33
6ncdTy6zTKm1ldLHHdYmVB,24
6IcwKMGIozWxe0krTkvJow,26
4dI2tnLrhe8u4jWjoLC5NK,44
0CU6uS2k8y0XquMVQdwmAQ,22
71A35JDEclcOvm8q7xwZKa,20
2fx3qDfsrsW7nBoJtdOyws,23
7jVqCPyq6XJrVkWqDPakor,25
05WdvsIv2e0Zf2cZHhESrS,34
579TEjxOaZjL1iKCGgsgnd,23
7ygrDIOwwM4gtNf8Pz6kxW,0
5sAwKZXy47JNVk03zqWgwI,0
2No866hrlpKgTXcQTZ2D2b,0
1FBxSnAunQPxop3eTeOmE4,0
4TNbaUX5szRSr1O5ffM1mq,0
2tlkU66loXhmV2JqTHlz5T,0
5yPpCPB5D4RLFpCvaK3n0f,45
27PmvZoffODNFW2p7ehZTQ,65
4DBKiDC6keXW8a4deVQ0Qs,0
6J5sxraPPZ4b0CVOGAgpXj,45
2NRUU0gP1d8Yif8CpsCW8l,0
4Li2WHPkuyCdtmokzW2007,14
0qy5D3OJre7SPJNMOL9I71,63
6BbINUfGabVyiNFJpQXn3x,62
4JDZl9nKIAhAhDjw753u4X,53
0lLDaAdXcjOQ7Mf2NXzXay,1
5nN8BwAQDJDguq7Dpd3JQQ,65
5RIVoVdkDLEygELLCniZFr,67
6F609ICg9Spjrw1epsAnpa,0
32lmL4vQAAotg6MrJnhlQZ,1
6X92l986jasw5nvGsblwk0,43
4Kz4RdRCceaA9VgTqBhBfa,74
5suEtW2DUAfvroohjzgatb,0
2WBjsxTE3hBInd21yUY65h,0
10I3CmmwT0BkOVhduDy53o,71
0vPHA6ipjSD2B5lHKub21I,0
2B3FCVxi308OK2z8suLD7r,0
1ULa3GfdMKs0MfRpm6xVlu,64
09TcIuH1ZO7i4vicWKoaN2,1
6LXRvh3S8TB5P1PKy4lY1S,3
5cukM53srEM6uLvHxDEc2E,20
61QSuw5VlC0LTS8WMO356g,59
7iL6o9tox1zgHpKUfh9vuC,83
0h5m65o5KnMFB4Gq47mbKt,1
3G0yz3DZn3lfraledmBCT0,79
34vNlluk4oi0Sv3csNs1Vs,0
60xaS8mYBKUW4VQQ666N0T,61
14WWzenpaEgQZlqPq2nk4v,2
0v9Wz8o0BT8DU38R4ddjeH,64
6kBZQAfn5XjUBaApTfJsVy,1
7xVLFuuYdAvcTfcP3IG3dS,66
60U1mejDe61lT5zuox7gUX,0
0PT7nlpo11hYYyfnBgtilT,58
0ttPiazh17aXIo5NIckHES,0
21nFIDqoD1L7ELsprVSzOR,1
6rje9f1wRFJDO2iTORw0lH,73
4lqEFIB9YZl8BwR99L5H3b,51
2EBCVPNAG46nbgs6jXPGvv,79
5YPMEOJ58kfl56VHxTgwx3,76
7KPr0YxECy4Q1k2F17Sa0Q,62
59PL9AwYjIrIpP04n9gmMR,56
7kqcudBGM74MXVoYMaoWkC,1
44wmHY3GhgS4yRVBy7ykmG,0
69bp2EbF7Q2rqc5N3ylezZ,3
0yYTOlwMCd08Kb1RIz2FYL,5
7wqSzGeodspE3V6RBD5W8L,3
4NQQ5fK6qOEMsJNlhjUkIg,45
6ZmHAZo4Tn1b2LMdEic0uC,38
65NkUtHuWTLo7Z3oDHQ6qu,33
4lb1T6jlPaavgh8MAUEeJY,0
0fgZUSa7D7aVvv3GfO0A1n,70
7zSbZj5aalmS4yYLOLwDd6,29
2OawRn0NvWkStuemgdae4i,0
46qtEi9qJOXxmY0qel1wpN,0
4AtfPLLTc3Pi1eP6mXGej8,0
6HMHgBHdLBQ0QYIaOp2gse,64
0k6DnZMLoEUH8NGD5zh2SE,75
5hxyXBPrfox78jdLaSAjwg,0
5pBvNeOAJ54zgd5lEOmM3b,2
6rQSrBHf7HlZjtcMZ4S4bO,0
7a6GeFdPlbQtd7BwVlZ52k,0
1283wAzqC0bPu6Hdkgkqa8,0
45GtRWedzDAzG55MPosniU,0
7dUjWnoUXzM1098lSc8k5v,33
6H7w7e8zC8QYJyqe7fZHVa,0
1toz8k7rYIw4FS5jOSXxYH,0
4OqlUZGcMmd2s0SXxd8Jn3,0
0hGSr4bb26syMkhIiPGNNe,0
1aBFDk6bC7Wd7GJwaDuSHF,0
4nrK0G6pOEuhMxn3hAaava,50
02BDSCfu9jBYvJ8LkUVttD,40
22mhfCPBE5YzXWYekGJUdS,34
0z4Ryh7Qg9jKOQXzkUZLVK,45
5ridPhhb2fWEtyu2EZk9aH,10
1neW5xfV6U4tz5zkeq0Uxy,44
2q42avQSJpPs2T1XZ84g3j,35
6odOP8P6LFdIiuawZhFho7,45
0jI3Bsw6X0UK35UlUWFJX6,0
0QaZtz8hR7JYyjFvorvC3K,23
6TQi1WGLxAyy1itA3CqSlD,57
4cNhx6OO1XpvwT6xZnb83B,54
3njpLvANriMsdv3dgADEad,63
4QKdiLnJ2fnvfLPUldoryF,49
0FpF0xdbJDpIZ0wA2OjNku,32
1JgWCIOPxGl7IvlIkqO4Oq,31
6VixoRqnikN4QqegoKUSbH,55
4MeDnO5yA2Zi6IMlVApRci,75
5T8xLLlhAI90EV5cOkm0np,7
77sL9aTrzWzv7uyTgMZYb3,21
0l3wp8iEtN8rgag9eTeorW,52
53nmK2ARfSnBFvhYXxmgGc,42
6jkN2Hn7H5qTLoJpoIolXk,36
7q5YMVbbbsEQATnv0tVctx,33
3bgjTKUh8AXO3UuGjcKUnN,24
7jaimA2nEU2Gtzg1WWwXnJ,0
0IEvbpIyDb26zwhnFGzuLb,0
4VOSwu01kbILSLnLTD6oG0,18
0SzzSNGGEs3Xz21KAJwzmX,18
27dUo79lgLEy4Rk5w3UvSL,43
6kYTywTCfycHZcH0WdLyRy,7
66AMCAjrOk7c957i3ej06f,5
1RXEb6UTxJ05RffnAWfUOE,57
2q8lHMMso6wx6pb5uwqzOs,55
074v54tSEWLbq3Hu5wf6uh,55
3BBVKzYSV7iuWutG3saanI,0
5cxQSKOme3MaAtdF3JEWln,38
56dSQsKt8xE7pAjlTn3Kky,32
5Zg9kP038RXxEnx4pBWQ4o,25
2VsIWeVLvZfWGpB1yOPXun,26
2PTn4VFmNpPILrUrUfbu3D,15
0xxfzwOmUyh7MFcBC1xFoY,0
2DeRFNYxCyEW0HKUf7pR2j,0
7JG411Bqg3I54wvm7QYwxB,0
6GtPHjrFtw9uaMgDbWp0dn,0
5tlrEiYWEl0fsa6OFoV5EI,20
0VLzsKvDxmQB5FfeKHDOJQ,34
309z0CzeLvltCqcvpeOD9T,23
17ZCxegdCt1y0reBkHVmMB,59
55gL8ViNVX3YX8nxv1L4Uw,48
7LdaPYlRo4pq6CBt44To2H,45
1jRzdY7oUBOhrylNtiMtBD,63
1Yxmnn7X9uywKP8XQmoZ1s,18
3D38358IcazwLEhcHEVcxa,6
1HYYnsPW3ZDwZ7f7iTJ2zA,9
5Bh53p5005ZPoDD6Wrv2pe,0
1oKGWEEUp7Uuvh8jM37vm0,15
6Xj6oGbozYdpPFLBdbweTY,5
3v50OifHjOMubmGAc0QBmL,0
5x4Xj6R8aYqgj2mEZ5Xy1P,0
3yP2kjL5SR32FEhpCUrNKB,0
25HfgP3A0Jkh5ALR2wRG0o,0
5cQffjWJzgnmEtTzKW6dnh,42
1KZ0Xo6Mmeprp1Sw5xCHYz,39
5V1QsNSEDF7YmNBhSKhE75,42
7jn2nokiUvPr350Sds0xjo,29
2Vc9sEG0AbbaBychRrv7oz,25
1rbhZEID2UYfUxECEMefyM,17
192ovE1eNtAV3lqHuSb6CJ,0
4ZsvhlPNQgrwpZABfwG8l8,0
21tYlvGRZLDTWuvISGJEoi,0
2OmjhVnagJ8SVJDbj9eWrL,0
17Pea9QvHpcISu7gg5TiDJ,0
2sYcQS3ShXfMsxW3BDFHzD,0
4896HPn6QMuJsu1Oh2oN38,0
0kymzJsB4BWaqq1DhOrM8a,0
36HYTXQ1SRGK0GnlIEzSND,0
0Ytt4H5qlnmqJMHhJ8YI13,0
5cY6lJ8aUzXgzJIDOhKhlw,0
0vbHHNHVwuEUSMpHppE21F,0
7rk2jwf7IL06qe0jxjpupP,0
3OKdgFt9VxoUYpUXPGqowk,0
0e6Je5EfLQ7uS9eVqvKTHW,0
4PQOIfA2YlJW12UL9NOCa8,0
4FIUGSvwYUNiacopdF94Cf,0
5uQdp0GLfj6K1wTdKuSkwR,44
0DPNRRkWkye2ZHTqAiClRH,0
5qXDMDeaGVoWIRAIQ7aCcd,0
2ORxCzIYVvQYzAUv3iLFfx,0
1ssocj8vt5NQANQgfCkVI1,0
5zHXpOhaBlL0FrXGmIRrjO,0
6m1w1Jyu8L6XNHNLCzC0OC,0
3JEzGRDUsozrehZTq3dKE8,0
4A6CndGv4pjCQKxkIWIGoB,0
6mugUzJVrs2wfUUbKywyrn,0
5PrHp3PRK78k18zrwgyxS9,0
62NQ8JoW3yfJ2WSmlnaogw,0
6AcMShL9nO1oQHsmVhiKPn,0
1TT9cxHxX2C2F4g6oiwBLI,0
5alKIB3JaJ4N1RwbsTz9jO,0
2MxNYlKFPTZvx9xeG4HQgq,0
1YmF9PvLhIISIANoMLIYGq,64
0U7Hho5psdKZwyC8HMHxfq,30
5ybAmUhA1Fr6Uzz5YEsrpu,23
07lqfibBtpw1ud24u0uULj,27
0NknHNafFWgMRaVplKqLu8,23
2QtiS6vQQHXU7E98o7943w,22
0kXvGrU1xtobBAkQ1sf2uQ,21
7fifwiZlUkN4h1V7Ahu3E8,27
7onDf2suCU2YfIvhZse6r4,14
6VpwX2LWXHFbblt00zPCCh,15
1TwMtZTceqLHR3aAiqVCOx,19
61GSr6DLZ1z1aBtPxyAwLB,15
62GXGpd73vslqIBHq8XqOx,60
7r9n8i6kikpwxEomUFujzY,32
6WDo5KoqkteS4p0xGn9W9L,37
1ulmJh7abgw27HTLIyfDSS,42
7CJQUfl628ppAuH2MnTptQ,44
7y1RCeyDE960067hEVlpjJ,14
2VpTT9dmZapkRO61WFxs3m,14
6VQyZAaoeyMP1tvaQwdst0,12
6XEv3sRDhL5BYh3TSev6kO,0
1EzniRQ6UM9Y5xGrmfqCgy,29
4DxaBl7XTThDb9zRZjIWOB,35
13thLit2vmo1qePjSFP01c,20
5TM4UBorSpaZaQaZOdsEhc,22
7qvzMcbBIoG3nrTSqKVn9Q,10
5TYiF7dKX5fuScSnIgz8IY,3
6WQi91716ppIvo9QqaPTxK,23
7eZT4U188WHdgkOfB4VYzL,27
6iuoLH4plEeIebSk3tVgmP,0
2qqwaTbY2FwR6SBWMbHcU0,0
4WqRkiwm47iNEGdJgOo90m,0
6L0aZ8wJC5uw2kAYIU82Ol,0
1FLZRn9a9x8GIuWorOIetk,21
74hmG1k2ASLQHYdljwM2Oy,30
4JZPpdcRWfAKK5n8o1dArz,30
35ngDYO5CXM5bnidQqXajm,26
6ioeundMi72DPscKqrFGPS,18
3xHtha4xrGjF7Xr4sdWgTE,13
4StoN1KQjgJd9FdkZyPUqx,21
2VqENTRXPasmXSLPPjJ9gF,23
4gDtGK7uVjYaY7oh7dFbbv,0
6hlQPubiZgtogGjN54M6Qe,0
5cYZm4KeDKM8Pw8z5XRKJt,56
6KM0MPPSPGjBlQgdwIeJLc,0
29ZSk6XmWPx3DX69xBb7Yi,56
1j6kDJttn6wbVyMaM42Nxm,72
6br4Pc0BzU6dTD5fEmks2i,58
4WGPjNKQkJaXqj6RAbVAOz,0
71DQycRGgmTXwBAO62jo3B,10
5Rkbnhwkb6oiqq1HQcXirN,53
6M9bu6nqmwSFRRGW2bdwWI,0
4n3i8iYdTpOHUTf3BmGmaF,42
7bn5WFv9CmhcrsYb3Krgun,0
6QffQWx4dzqk7rL57A4FMB,0
2Cp9l9oeQl5DAK2AAS0V1S,0
0zRpsXMbE1oBv58A22BhKN,0
7uhhAebHqfptyvnrS4Wifg,4
3tQnH83OR5LgMkPqGrnZo5,0
5FEBritagmW6iAy5wL5uXg,42
5GR1vgM7Pppp888xQ0Db63,0
7zKZwfo5J4KA2vBpQHfQWp,0
0vVjqQTBDkbBnpduKrOHcx,0
0KPzS5YoxH3Et4UlktrzBX,0
6UI26v6VGW0enF6naVzQKC,7
3zagi2b65in52cZnFSnyAG,0
362ychdHc0vMXhUE50PuoN,45
304vkfDKAnllQXWmbwZrEn,0
3yjYId62mEKEy9QwbCGoEa,0
4KegtKX6D86OmNy8xCXsow,45
55oYSMee1hEvnQrQBEELnO,0
40ZJO9wlOsxwldhSPqshHL,0
1Qbca84SoalSDtwF73xbxG,0
3KcsyKN0GyGQYGZJJhIx3L,52
7L3Cy0EUBxNRdftb2IoX2n,0
0x7bpdy4ACNf7kOcWIHbKe,0
7cUoXJUcbba7lzQ937Mq7M,50
4edZCE9G5hMfScEpLNZqFL,0
6PLIfPaILNJRw8k3VyKpu5,0
4gDhGCMUfeL9gAOzEzXVTZ,0
0LcnHlfLbVG3GWhKXQgj3S,0
2OIhccZyCQWRnPOvZXQgCT,0
3hUXBzW8zP2koWrxG5fNeL,0
4yCoB7NLTxHQoNclRnbGav,0
5dVdllwQxufHF5c2LhEbL6,0
63MtsInu01ReWF9M4rl7dq,56
6Y6f7LSvHxUA61ItYiSMKE,0
72LlwJM24dWKpFLVB3PWWQ,0
5o4Kal1PbEg8VbVjDoCx80,0
5Gx2SIkIWdSzdxnvfO3TJy,0
6p2BLkl2KM6jlpN85Sks93,38
5cYZ5msSztsVKkaSYIoZ3b,0
25rMWDcZtRw4HBiYby4tBK,42
2ECnUolDjMUwVVwpK2HRyH,0
0MnD6a0XiPC44N5yrEpD74,12
0HaAoQJ1PgF0gIm1o6JYIM,7
5Zl7kQk7IHp1OV8gM9YLLm,11
6YziRRY7UY6rZDim35Dolo,42
5ykwvtHx36Z6xGNO1b4lxF,33
3fJ6qG1m6zOFOo1HfU9Pxt,31
2wksUyr9N2dwxS60RzI9Nz,15
2qw63SLgNzQhEUwyVfnSvv,0
2NR2i4RnPZNKs85Anpyqel,54
67eSn1vaBoNuv0OwOrja7L,33
1o6AE0zzRZ9Z4tKVFu9ZDJ,26
17husT8tMWaBHcQqUpYDZQ,0
6NRbf3JfdWOR6H4H2A3Sfc,0
4IeUAegXVbETb7FpgNDnSM,65
7BpxBMNYNYguGWZZk2zOKe,28
6YmPSmsQqU5PWS5M8b21K1,33
3XGjdoFg8NuxftxFChDAej,32
10xadaGYk2aXuMjpvwSmo7,25
1qoGmzgGtLrYZOps9UZXml,0
7LAYk3333i3Z3ekJpR3lTq,0
5YwXPMiMoCfGkrIgaJQkij,0
44yaNjr9eyZsNsg3R9Arzv,0
4Oi5LdwWqDUCwTTjNXnnyL,0
39ANtyofTUt08iQ3k6FMYS,36
5EecdlKnu3NtOrnJkGpUqw,35
3fBnGiW7icFsAZvdYTCmQp,26
4NeOWqHmlrGRuBvsLJC9rL,83
62cYasTwBy6Y7pstdSTmHu,47
0NrK4sqr5wcvgSIaYcxSID,32
2emsHMLGBFHEbd6Z2svnF0,0
57IRaiAB4hBZu3gnNVZC0v,62
39pS70eeDvyCAF3t8NAlVV,56
5PHxnRNat0vsS2Vnb5wpKb,36
0I6wh8pETh9PS7dVTzykQd,50
5XVgni83u3RSftZc52Gatd,0
2poeTeH4ystQaVualzuBrk,1
7AuM5Mu5LXtD2LR23njjBW,36
4Ma6PJzFccAJOXy0vbDxcU,0
0fTx5ET8US1Bh33OBFeugm,0
2QNrHrOPHc92ZTf7InJp5Q,0
0onGoqbOulLD4FgxSuTYcu,0
0YeZCdHQDDV8DEA9oXwi6K,0
15wgxJBck7rS18pK5FfuNQ,0
28B02YJaBMp2byqoM9H92n,0
6ZifCCNZnqWrtIeBp7RWP9,0
6NnILJkCwAHyeXywYiuGBu,0
2vDfGmj1miRaaTD25N31bR,0
3A7ZEigu5aHOHFs1lwfSJx,0
3VwrrEtbqrlvJlv91u3vHE,0
3zCaLPp9kr22wW4yLsTPd3,36
6ECavWiIYWE2Anxm81t06u,48
1aebwb9QAyVQmxZttwROWU,0
2APxijdVoN8AIrS1AuCMAT,0
4IIe0nhbucP0cFONORgX5p,0
5CJzig6FYq9fs2auN7ODWn,0
6g1F0aDjD33iNh7ZfGx7oI,0
6J9mEyi5F13mvjxtqLGtya,0
7dIB8pFLlM9fHHj8VcjDer,0
1NbRWGX7hybvzBU1Y5ysVa,0
53UXJ9NlgwfE8oOVFhinrS,0
2lFrU5wsc4o8Jgpb8TpHQp,26
18PS18Yfpzysb5W7HOUtA0,54
3DmvF4wNM7rZH45TSrj06D,15
07pBDImHZhH5XW6xz9Wob6,15
0j7KzELB5SlmxTOQRdvYGR,33
7nTB9LCOAhfcvx2cZ1Hx4g,38
70qmp46oXjH8hapj9l1lbE,41
1b4KQGFYbRqRe2Bx818Kqb,62
6yHPr8gtLv7hGhtZN6N3Xc,29
7CxWLI6FDroqte3DbucNx9,39
2pDgan1hrEIgjFU21MOLf6,46
04fLpmqdp4zlT9FRpkV64v,26
1T233PFtvNuqMH8hAsF4NF,24
5A9VzqsC7DdNevB7EHnVA6,36
06ILvvMXRF1iDNcmrdhSZb,27
7IRQl8neWUlBT7UFcLg6n6,38
3scAjDdskrwS9KoTQrvvs9,55
3hliI7ammMC4VmlphaL4TH,36
4mN9kmasHST2unDEhRfNm5,31
4gVDIy0NE9PQ0Z9LqUhcmO,33
6bXSfLBuqFQtVHNLxXbqbk,58
46l4jIghBuLjDzUqYXY5Oo,45
5ELEsgMwvWJald9BQbIgsV,58
274yAEeC1QztB3gCyDWtgc,10
36SWxJRBeW8D2Ndl3AGUDj,15
7lPaEd1BqOycaFRo05WIwK,9
1EZY58thqOAb5MGf1mNvU7,14
2LZnKHIeVzQUFQtC5j1Gr2,38
13EqDaY8tAIrf0dmLdSPmU,36
1ASnB3qoqmfqi1XUkr3tEc,19
216UyrLEp3uqVwncJjja93,11
0bqbHSWQShDF7sv8DFMcAA,26
6tWKhX3wI5EDpnyBTWLX9s,30
0tGmt2K3YvmCmvl4yV6InX,12
5M1tisy2u4mI5jXjX4h1Is,12
12gyuchWPAK33h5OAnkK9A,15
1XgUpqFzrZenm43U5qFx7I,29
5wT3hISDJermiuszF7RaTT,30
1sn5BUxIt6IoO37DajirqR,28
7x6fPxHJlgBhZHGF2UEbCf,26
6aiap0DxIpyscSAIaPp9kk,49
18mOjXq43khmSOLfR1rSws,27
2ymxfdsb9HKSVF2U1JPhOT,36
1YdrrsnOMgOS92mD5xTsBs,39
4RHlcNRXerWF5rmBe4KNUa,28
6jjDWwbSERXkQREjxohc9v,34
59bx5emG4yTKWzAxwxgrKv,51
4ZuiBNRL7M6ZIICenuF0zm,61
7521tuq6n0HBcImi95xRDP,40
3K90t1MhVMqcpgd95fq6mp,28
4cJwPE5HUXStHq6i28OM8m,0
5EhuUGepJFcGRNub9mk1iV,35
5BzDjeCZYxDd35rYSWY0yk,50
1kuf58pPX4pLciPhLhIlfT,39
3yp9bZjCLb8E8Lqi01Sxz4,0
60BtUdWzbKtpcXacm07m6b,0
5mUwRVKlJvIqn1bM9Lxzq5,0
0vNdaYu1MDw6ykRsce4NAc,0
0UVlkA6WKBYkEGZbUMHczw,0
4Xd9Bjd3MkjJ1v02z80jFZ,0
0ZeKNVRQEuF1U9a1hJIgtJ,0
5801f9g6Kb8D4qNjXWBusY,0
5nRje4jZZDcGsPVowaEwsw,0
4ioAA5k5UMFnRaFmk7T7Jw,38
3YX0i8qUHRWHnZLd5Yy7WY,32
0Lc8GyUK7i6DWn6fL4Za22,52
0cfgMbqcqdDVkooYMhnrV2,51
68R5ta83kcPebZs9Ru5L6Z,21
0PzZvi3PwXMuNlhaokdxfg,44
1q6hVQoOco1LXvGiQFTvI4,15
2L7mrYVvjtTssCK2hDI1zJ,7
2QH5EcYTJZywjgnW8JbG3Z,25
51OjUIiXdsPCr52oB5ntX8,43
64U9IT7LnMDLIF32xuKKEZ,26
0yaMn1bb6b5gJwR3eVudOK,0
2JDWDQCzd0K9mI5GEaToA8,39
6sT92lWDQbnGNuPlEbygaR,0
6RUpJeXT6U4SPEafnr9Wr7,69
48A3iXuphgaaQ3yoLeV5RJ,0
37HlozQACAXm12NSaZIxF7,41
2IR9MmoWsguzwzHmdByrQm,0
35gufW50WoHlkh67uYA3bc,27
7rcZHRL3DrRtAy83R3nZVY,0
7q8BhxU2ZpUlXqmEy6nKFb,28
6Uw77XfBxwg7VX6mMdqAmT,20
5GO45r4u84nc3QvdoVw4YP,0
65fnx3Vbi6xdTWzy5zjx5N,3
40CzF4QRkG1XAYonnuNeVp,0
5YT6EzwPldMABUP2C2mAAz,0
6MeXp6CHAwZ3FhqgZ9XMha,0
7rBc6rDOew4pAoVczLwb3I,0
2foRfwGVxB9LTnsihcrWiu,0
0EYZTPdmYkj9Z2q95SepDx,0
67jrhonxy8Bgdqs3BxeHZb,0
4x9sU0rsrZZynHpRebIxJs,16
4vLRgSxcRmhnhAl9dKb0jl,26
0MO8aVNj5cHI7je07TamaY,44
4EYF6ZVVDS3l2HnRiGXqYN,0
54l1COHmPabpaKkc2LbYar,0
3py7p5bZY9Wme45qQDQ0v7,0
2lAOxB26frBq3K9RA3cjS5,49
6m37YblnnlJ1x7DfTc3Vj0,0
47dwmBX3P67PZj8147Oqbd,0
6jJjAgqZ9Nh9NAaPuvDTHm,0
3HvUqhm69q0l2TUnXRjJfK,0
4ZlAmYFjBTeuegxaC8kvgb,12
6vcIFbbIOVfek0Npl2t1qq,0
2m6xdtPjzwNtmqGXPsidxl,0
4qp6Tw7bIMWezyz2pTNVWm,4
2JxeAupAiJdB8I2cieG4rP,0
0ctMHnma5rklnfurOKFXV0,0
09OO7Q2aOnwUA1as7cgiaP,0
6pEROStfGkIV1sOAeWkUid,0
4KGMWul1fFHccT8SWhaGYp,10
4Jp4T5gbCLQzGz545Jb3NY,59
3gPNwPKf0rFbRG9FVxS82Y,8
7wch5iJo4JFtmrRfPVUBr1,31
2ej6iCFQWQDD7c1DE4lmGq,22
0kntLHZ5xlkNLN6CWPetOK,0
6fjhjCbGxCJJtpyLmGhfYv,6
39SQnz9u6zd91nZdaPmmJK,55
1OKPQF7iS8TVxY4gwvBZ3n,1
6yr8GiTHWvFfi4o6Q5ebdT,11
5yMZU1xolje7E1xGmezcuj,2
2urL6rzs1bdZTtDGvPdYVt,2
1FvOiE8MGWB8MUCAPvro3h,35
5VRxcsBgrwQj4naQHU2kM6,0
0j5X6DrzkgY64Mm8NQp5mi,3
4j8rtQdkL8iXIgaraXjbs4,0
1UcVr8cmBFNc7kcRPH7xWd,7
6m3blCKBMVimP5y8bTndD5,0
3fGn4vhiwSZB6SabYaol81,0
0Mr2nNmm3OH8QAT5UGOLbA,9
0Zh5U48tZNeAzzLTV1CVBE,4
6zTfkjNNQKcGfjJa5cKTkq,20
6nNohJa7K4Q5ZRrqCndzph,0
0gDh8XfKdq9of5fxuyayq2,0
5OY8EtE7tt2nM4c0oxhJY8,1
3otXXK647gcQHcy6Mu5aGy,5
5N4av3FvMyJcMRsjnx5TYk,8
3PDO7rJONWwJBcYEwC7GVb,0
2Gnif8YLgt23hXwF9bJaOL,0
3SdWlGRIuwSeD7F5BychVN,2
3eBBnzuWOSFYVTj8xnRqQx,1
6C781pluv3BPxGHHCUJNYc,67
2JlNSTfEJzX8JrMA3q5AB8,0
6zAg9sjgtmbVdRJ7S0YeYh,0
6uP0XLqjRqFx8HAfesdcAg,3
32SFvZODywPBVDYSYtqxCj,53
4MxZW1XEcPuIZmkANsJabC,1
35QGdv6aFbIaLM0Ozr3rHt,58
0t8FEAs1I7v2PLPMHS4mgv,0
2l6sQvgAOtvpkmN5MD4qPA,0
75zgOqcFLD5xWmm4wbTMsE,0
4HsL5A46wa0O2jQ0ngj3H7,30
0RIHDrcRAXtUlnkvTYPW1a,2
1BfhP6zvuPyM9u8xFrQGC4,26
5GgmaSJiVylNjuRnzodXv5,0
62KoomDvjFXidGPpCsfW3Q,0
1YrHyDbH17btvI2rFTkbCQ,50
0vM2JGnMt1wBsufvvVrgDi,0
52IOqxpm6hNJpiybAdCKeL,32
7aS6cyqiIzITFwyiOhcepj,0
18B0kNllS1JwrXYMCEFK7l,0
3BaridxR3bsmZw3F8ERWPj,33
3yDQCV4v257L3R8iaS9GGb,0
6WyMmaOWMwvj2MqudQJxVe,0
5ltdcgEflWut0osW0ZzLhM,0
12MDB5ARcX4wYVS1RnnRA1,0
3jGnPHFrBCTdtEXbfweXgH,0
38mndEUsA9kxpIAjeVbYfj,0
4hLDCpCrPzTZ2BqJJBJXEA,27
3YrcUQYqtaBcbgjOXI5FZv,28
25Ril0FCw9THikD42bdOI7,0
5ZY8CsGBDp8AJ31fPx6qds,0
2TF5z78mdoObRtPW9GhNzV,0
2jNlqJV2GnmKosuuvJS8RY,0
7ktPfqU1DTV6I3DTuLa5f7,0
1b4oehAiKqRh5uDMNJfz60,58
5SaXgo5XteGjNWOUGKzwfA,0
0Z2J91b2iTGLVTZC4fKgxf,81
3gAvYSeYWyBMqGuLmrZs23,0
3UaqMekEh1kbVu2A6DwiQs,1
5UbJK7IHuc6BSZCwagzp3L,0
2Ks9TtFe2AD6kK2GX211Ie,0
31ZkEyJlfJtCjyMhmZxLEd,0
2npw9XuCQpHXM9ramYL4HR,49
2b7FqlHc3JrzlYtGEkzq22,59
5o5KX1f1JBQ2SxGzE8RQQA,0
2mvOTgcGE2RagkpO0ETdAK,0
6uj1ZCdrSLRF8e35bsiQqA,0
1leLsQMjBo5bILYjyqPcjI,0
5STdMlrBf6pqWiNE7WqxSi,78
1XsIY6Pnj0xRZ84dHCXZfP,0
31VM9uxtem39xmT0dfDiSU,0
3sgTiqsN5eNNGTBl1VsO44,0
3remNAnjEnr4QukFZJyMX6,34
6jCGzZn0gFeRlbqdaJhw6T,0
1afvj3F24pPABgXenbjmdQ,0
0PrLodAzseOnN1EACxuAfV,0
7vwkKw2Xd7Pks1X712Au0T,8
0Uk0IyLPghlYD4M3rniAmA,0
7uDGc9o2aRDrIwqrSgViDX,30
3Uo9e1WaAuk4CEcSWIKxuj,0
1A35w9OSTTVXw3c6tj6AiV,0
1QTeMDnelf4xkKY5ONSnda,0
4vC68M5G8aMAR3wsefrBnX,0
0uPMnrUKbk2fjhv8uF8uPV,0
28jIn3exiIQxo2lLUlXQJs,48
54hFBqrtiWfrh5WQJZwguj,60
48tybOd2kxWaMjnYrEWTvY,50
589Y5xhSccSNjd4qi9nktS,0
6PM1sGUlHGCssd7nTPuuYa,0
33CRyVka4ZEHeJ02w7nT2L,0
74OqjT3PMVWlZAyqUt4FgG,1
3V8zitLu3UTaYmflW0iCco,48
7oW0rVleNLx2sSDbe5lLLy,0
2RIT8c120eYHcg38tBuVTj,0
5BKDqwrywwngFZyLpRdPhq,59
0xOfha7ZVVZ0QTsGfo2LHx,0
72BIGQSHh7ZMm9BqVjUdme,0
2VnKsFFFec28UccXc6yosS,0
5F5tjGO4PWhgmi19wFuXif,0
37WOapWIoBmEbAQPhqestx,49
3DPQ8JwEAMvjNVddKK6vSF,56
2hBVqEAun938qKvnfYmhST,0
77vOIr5ZJcCz9l9Wm9y5AX,27
7nPUcqreo5DP2dz5dauBGI,34
4EMvIZel3WcsGdTXKcdte0,0
0G1b5Qm5Y1qEIBWyxoQhvO,0
1Elr2krap8BHDCofTxr4FH,0
4g0KtUbQx4LTGRyPe1AdT9,0
1Alo3mMIWznE9SZefCNhbF,51
7kaQDeRHwUYEdDxjueRUMl,0
4lWTTZUcpHp8TCxkcfq3Lt,53
4SIikVOaIenF6XQyedYBU9,15
7xOL48SkeqW5qC9F9uyenT,0
35mUPbEWBUMq6TLl0tkDMk,0
6mSZJKrnwmy7AizWQh905e,0
0jKUC6mPxkWHMbzKkvUp05,30
4TJ9nwEzieWKR5wOePK5zf,0
01D4b305MQyfJfiHHsHkQu,0
7Iz2uEnGQasIwj0HnTqdTj,0
7DzZjeIdmz7E7KiKhfETTs,28
19KOr8dUy8EFOMCfdqn6Ym,32
0RURdPb5FeKDxrl26KSUV1,0
1DgwC3jQkAml7Os6XjxKmY,0
0z96N6kyEynNvQa5DjKs0y,0
2axtp3fbr4C09y0lxNXzMT,0
4a4Kk28NJp49VbzhEZ6sQK,0
36WP50J21eOQpAn8SjFisc,0
69QcWpdUgpumeSSKLu4CZg,51
1CRrHJrVmmCooM6YbwpStU,48
0wF1SSdLyJrBtvLsS3Yx9W,28
7tTefbZ03QoHk8tK4wJmWV,0
3czjqhePytmioWw3lVldX8,54
6ZEXu7gQSkSsV5XDBHaqld,25
0PfPMNgMQP3vdF6aZU7Gv0,0
7jsYEwsKHER6YrR5oYcO3O,0
1eh2hhBC6rMkUNUp08d8Gr,0
22117D5gBBYGJi6Hro5GBS,0
5Qy87iCo8p1VnS1De8X2PG,0
4CnZFsEm7ZPGLQM0qj1QWo,0
4BfjxDJ4E7vSNeQHJ8dlwz,0
5IYxM2QhxH1xjy2RvBQf6T,0
4vrHmVmtufa4wfP9TCCJo5,0
6jgzgPDb0etlzxEZV12EmY,0
1jGUG234vAsG4eMKZGMg6T,24
4xqPB7sGQYd05MC2nS3E1V,0
78G01XpFmRAOGE4o8KFlzD,36
5eM7BYfmKceIm5Dv4FjacW,20
28GfiQpByoIU1KwG5YhkBH,0
1BKScJCplpAT8L4SAjHgsT,0
1b9s4EHmdT9SP3rzwNXQto,21
0jsFafckbVIDaq7Ubi0yTX,36
0rOAtBvCSsHDWxMlev6Bil,19
1FUEYboLIRAV2zLBqxgK53,0
1ZpDPZU5LeMqqLAAOxqPMh,0
4USrG9mH1gNdpRilPBx1Lc,0
4s91zAG5CArR56FQpeJprn,0
4GW1YB8tJ2fDcKQftYd7We,0
3To34g1YRg6aiY5ertjyJA,2
7lmfcCMNLUGCx08OeG03gr,29
5naD1NnFzHXiiJWGQrsI9p,41
3QZgmLxDNni6OK6585IH6S,0
12k0ULCKBLP1CpscxX1Y4w,0
2wjJrxQMrQ7thWQQ62NmV8,33
742YUMNQUsopCisdXbnFhL,0
2tvP8pZhPhUrlvZNH9GTH3,0
5tzr9EB0ZUToxk79Q9mVkP,0
7MXHGFVPuwzfW9Zt5dMt7Q,0
3CwylNBnGIfYLy0pbCTL76,32
7k9XAKJp28xmRnPPCkWOKn,0
40F7OAth7dEziY0Uyx5I2k,31
27qsmQQ83Foxt653rfDMsh,0
3OkORslI7AcejLNnMVM92o,0
7acbhDqMaZyH2Pv7acMFuW,0
7fXb8yG4gCsioqzJNZOv69,49
49WcLDJOqgpl3yYkRM8AHL,1
4Zvw81fVFWWSYTDi6Cs8w5,0
2NeHnSFnwNp1Z5WYgcjJ8L,4
2AaknMNIfzMqZGvbcDsJHZ,0
0RU8DZzOPoLgZzEa5wQkq2,0
1WMKmnOvZYouMzaeEDxYUu,0
3UtViEaas0MMrCM00nO61w,0
3B6cZYrdB9e6DGYV5st3J5,0
11Tfxz9hfGSoc9Mv3egU3B,0
16LnNR25rqcvQVNv5UEQ7g,49
7hpGGPTNTgdmyjtudEmLfX,0
65kcG8CSOM1WkhhOcufHU2,0
4xkOaSrkexMciUUogZKVTS,84
3DvXCbvkyzyfRYiWOJKWEr,0
27jrbPwbrJJllGqvmid5fc,13
3i1B1PnsfnOQPGVIzhf1lr,62
1CIBeW2oIIXfECP1KwVbKb,0
7nGxjom5uIQeZs5SuQAlt5,0
1FIjV1MDzgtRoXP7FaSkbr,0
4L3hja5ROnBDN5So4bUEo3,43
0fjZCWrP7r0Gzar4lLId62,0
24poDm4fvzXqt74loxSKdn,0
1foA2rJVr7vaBfFIDVeexw,0
6EaLyLT4d2bvzX2XYYztQb,0
6LH6IWKmglYak5gTQAAg3f,0
4zsvG9puhnFUrm5grqLYii,1
2Dts49OexROL2KvCK2sokf,1
4f6EmVhrIZpKr4cRyCi3Jk,0
1IHfyBtCyWwjnZHnAhN22F,0
77dC7dKzMm65Y9jkJs0Ssd,0
4lDnze4JwIxRlN77meRYue,0
1sL25mF0g1qMJbAPDfacum,0
4akCwzFRS8Syu5uFy7L1sG,0
2vaVXGQMA2Gtvi67xLjv9h,11
1afAuu13OoyHaNqVRgNm92,0
5Sm1X46tna50RstHZvw072,64
4OsMiEQ5hyP0cXMpLAaVHe,0
0GCh3K0s5opTzyU1mpdsSU,0
7uE5g6xnf80YRfavpReowD,0
0KbIwqCAHmXWu7hrszXY6j,64
2lCdyF2a9EcdBD7C6c99iI,0
4VzCNmuj3f8RtWpSKFZiLp,41
5oc70i45QAxUeE9mj5dAsB,26
3GaYENEtvaA1lpI9DEG0Cr,0
2caf8plDefqF1DXxAFWzgx,0
4iEQnOoWivOB1d3s340Smk,0
6bc5RKT0IZyUnyfOaH4eNl,17
4H0dBxR0oAj3SWItssU4JN,0
2mVdGXEfBzV1yJNq64nvVy,19
7hi2T35u4em3FUtakLNb0V,0
3QazdB2A3e0NcJpNtQmz20,0
7JgG9KxAl0uhCPOLSdQjlg,0
5Nc9xNlB70aD5DltYd3eoa,18
3nU6ip6YOygqR3MJjFEb4Z,46
16PmczUxlX7dpr6ror6pXd,24
4w7yrP4RAeeyhfG9nJqQvS,0
1JXMGldyq6kP7gubarTwG1,28
6AFzla9oPYEXdP8zf2GfdN,0
6fGjvkhTXsV5II8ynoSSfG,0
7L7JF5RZ2s5Pb0qSV3V5cW,0
53hVPJEU8QOtEkHekMVFNU,19
2oJzaSnfdaF5NilLDgAvLd,0
3c8UX4JbU8uNtcammOIFvo,21
6aQOdVS4SLBoCk4ZDfFEPg,29
5E9M19xu3ajER8Cn8EYDAr,0
5CE1jL4dkfZlX5CiHZh5ap,54
72xXeUmBQDakumKfsTn3io,0
4P3L9MQSsM5OMtQjEaYt0I,0
6h3icF7e362cGSEOut34PQ,18
3JkSuHgKAa9l49gpJPGQBC,1
6cTLMb7FncAoQNMUZPFrCT,1
4udc6XovxThag5LUUZfbiX,0
5UeZsDGv8sYztBH8FJaPRD,0
014V6u9VubefjaPPl1QkTJ,0
3V608tXKQzlFg59P1ddJ0x,0
7uTx2o4PJ7UC0oNjtGkaS6,0
5CBuIC7TMAIN82W9bJRePd,21
2MC3kUK90yY3Agkw9jHAuF,0
61AX466Hnmc8yrG87MJFZe,0
5rieca2NXyJrhqjQi1hRdD,0
0HjdsfmhSJmGYt2L3BO5jR,0
2Dr76N76UX0xtZoLvwe3WY,0
1MYlx4dBtiyjn7K8YSyfzT,1
7w9bgPAmPTtrkt2v16QWvQ,12
2Q7sv9S6AaKBjNn7DKIJKD,0
42LiXQn3xibOEodtBMoJp3,0
0mwXfPCm4AMaz9J0Cn7FXJ,0
2Zuv8yMOYeF2TFERAOWJgS,0
0eJzykWzPq1TW7hrvMxKc9,29
3YoW2uHZvtHg6WPUVuJNtx,0
6Js75PRS6otkphpPKtIrcp,0
76v0OHTbZGeOZYmaLtEDhQ,0
1bhMShL0zpfdU9ipnjFt3v,0
56j240KFU0V3pm1FVRVHTT,0
4UwtMoKBvYi0mMbH2ZI3uB,0
1XvHiCTd0MDb16S8bQNl74,2
6axmyjkLHvdunPgr3lArhQ,1
3YCxqkIRn0PY8sC7AAGghF,1
5zR3bhyD2fUZISRHRGGGJe,9
7gVC9FXLXlMla0p34PEhFI,39
4poHz6pNdkjXD3BrBd9Uk2,32
3ZaLT1Rul6a66jqg14JNlU,0
075NNuZU6IxC7Us3L7ylep,0
5fQxYrN6RSIxRV7oIus8IF,0
5m8AOU4gnuD0zuC5TJUc1J,50
6LzaAy52SxEIOoGj7kpkXR,31
1i35F26CqncnGG3MNO4K00,0
5RJ6LmF7ElAfQuCAQ8QDI1,0
7bf1epka4dxVC6JOa5QGBC,0
4wNoRqV13QFo0ioevVaP1W,38
3xLJfPdE8ovTZ0Helln3eV,35
7z9Ze7S4jm9q8gUQGQVsHt,38
35ng4paFFvY2YiacXUP6PW,39
2FtSe0anJxhhwmWPX8g1ri,37
6c2jIWLPZwoVF1JGWUDfE5,22
45HLLpRSeVRURm88lAKYbq,6
15Q7CNhQ3ljqUO8e8loEq0,45
1DUsMfwwgEEyOYBXaZNVs3,0
27nk9YiJMIjxL4jFU6Tmen,0
2vJIpJnJk1UILrjEXFnKfZ,0
2K1mELiqdNYk5cl6LNwqCp,0
3MlUVikrHnIEKGY9Ya2wQx,0
1OydelxPGurQL1QZDSpP9U,0
4QuiVI7U8XvAu1gnONGNq6,0
5ja8KwfwvnFf3Q7AEk4lua,0
4w5lLpNddC9X05bBxddqFT,43
1BTJe38JAhmCvsnX3age5j,0
0W7iVjbLbE9yDDBeV45mAI,55
2AXOg2WMjJt8Os7M3b589T,65
0l8muCpDUF4r5xFZOPf0Fk,38
1JEme3LPa3PqqVqshasC40,0
1itdjHXFxPQUje5AsI5e9P,12
77Xr7wLQCoBVzg2rMbCi3C,16
0T6VlW1YjEskHYnWacdTBP,12
5GPfIFxXgGtX0GenuJhYOZ,0
7cWeepjrwHswyR0lRPJxQC,0
0bOwePluW3m4oMa9LR7kdy,0
6Q1InNFgkxVH3MXWtQofrv,0
2IkyuNAeE6WNkKZZB22k2h,0
1ZU6gtKny8alXlok1haqVf,0
0gssRfxoOFfBeOIdclrTjF,49
67frY4XkQx4nHlQh0tlul9,0
4o3EgUJNsviwmugy8w0Sda,37
5IJvdH1wDlJtMhG0hXRhWq,57
0Wyw4EtWEyZ2ZEj4qoTfhM,0
0ZQRaf4WBQhWREQjlE4WwC,0
6diNIDVm0xuLUp2tYDkCoE,0
0BP7uJvIKL26tsRut1VZML,0
72rvJAszkpWxwsTlvl7v5m,0
6glqOjvvv1aOwX1LeFaRtw,0
1ttzorSv4Dzn8U5wuY2tOW,30
4E6KKBjrsR5lu4mHPCVPfs,39
17dHqzRsRD7jA6JReeGsX8,0
2FNdRtwXmvT6sPJBxHX3M8,0
4oqoLxAFZsOVNsz8GncVRI,0
3nUqzhvYQK4VEbioFZKFw0,24
19tG5zpcB0oWnLyVtwR5SO,0
0krFHPgZshdjyNNKwIodcU,0
48VqjlOsSBUxCnx3jEpPut,0
6JVn2NEZ3JQLaHX5qG2Yho,0
1OnbbH3s2c77QYqjmJugQh,26
0LIBpB6hgEmPyWaMoaMfBQ,37
5lcfY0MhQh7BnIIArU3Xvt,0
04JmxH2IpgpIeZdbYswRq1,0
2nmTOIMQDRErGNlXRv6Z3N,0
0EaBAVmfrZbl8TNlLRzLhV,28
7MOjajQlgTRJlgqoSeb73X,0
2nMp5qXV1XylcwpfwHGKDK,51
21lQkxmBJNOtVjfEWeohet,41
4WGv2uh5zowr2IHKVwLcQ2,0
2dRuZopi29Ob4jsxdESrcf,32
5aDy7kSgepddFpgvzbfVoq,0
5Mms2ZT9lU6NpOM2dDNhey,41
6bFFjmQROkra391KS8GUqK,10
233bKjb007eeHGDhK3uKit,0
75o7z16lEhLQFk1B9GkbHG,0
0LMdYkvJ4gcNr3d0D5dnt1,0
0vti3nT1A5mKi1kgIu0ceg,0
0BryGBaXMKkNapnKtbJJnb,23
4D7DNBqLovDRh4kqYEjAqR,0
3qBHrfOyCLOs3Oe2a9BN9H,6
5ceEaDSTtQR6HQ9yfEB6Sj,0
6Mu2zk6QIdBF1t7rZ3moBD,0
5iQk6iWdOd8A93ps8P0lKG,0
3HIXYQQ6PJXF3JtqTUm8uD,0
0XWUWw7ovSHf1YFuwH3GVD,20
3ZpTL6e7kJq5AKJZvIu2gi,0
0al9yd2pRDUY7GIYUnlxH3,30
6rgVLbCb90OOlZjMN2t2zE,0
6koN0NiH2bb5FnEKKKUKbo,41
4Y1t8CoEPuwSLAD9Av2mUw,10
2eLExJdkvt1FoMEKjDB75K,0
5cByFZR42O1uMjRk7RTrHs,0
2TsWCaWq1uestFUgZ1Dlqw,0
1USZs8RE7s5DlI2gfb8FLP,0
4od3o9g3lRGDJBgu4MXt2N,22
1EuGnWfngnsE9FvvHCVYpE,39
4j6XP3V95njpFk6dJ7xLBP,0
5n8Aro6j1bEGIy7Tpo7FV7,70
4LwU4Vp6od3Sb08CsP99GC,80
7laxpWXzfcZV54p1bNRYek,0
1ofhfV90EnYhEr7Un2fWiv,75
4SZ3B3y1TbwTK4OIXMOVEy,0
6phmKeRhJUsiSBJgMkgjg8,59
2wGSgTmgSF3xjRrHkTc25R,83
3zCg6CUmhxHukbUs0nd7ar,53
2EMauqGtcQBe2WpALvKh3j,47
5vrUTmUF0mDNE8lZWEmU9J,0
6QJOEIPT8g3fjdFxibpy2F,55
7kQQwRj3bzpibsKqyxCnLA,0
0tVSehz9YkXjtlMjtmQwLz,39
0e7ipj03S05BNilyu5bRzt,82
3iyZRwIGmyXvdZMoxOlur7,57
4qKcDkK6siZ7Jp1Jb4m0aL,6
2ve5NyzWHUbIYxL33goCX7,0
1ThmUihH9dF8EV08ku5AXN,68
2VWbHHhWnMzKWPUs4IEEW9,0
4E5IFAXCob6QqZaJMTw5YN,70
7KwZNVEaqikRSBSpyhXK2j,82
6rEEEGy8HsXszt4mQfJGTw,0
3mgfxXdvKRLlo2X1mmp10j,0
13hXU6vGPBfVJhTMkOMPEm,0
5ravc2aiNoYmu9m37diYXW,45
5OYYacWV45MGBnFakswH5d,0
5TX09uRsvBU0V7ipk8hZ0g,0
02TmyBZCgcVihv9PVK9Mw2,37
7CSMDQAaEC9SCpEG1UrL86,19
4PmMVdIFpJTB9WQbmILf4p,75
5wfyoR8XOkw45QRtFOoxyi,1
6tiE0a2f8Z7CZeFRvOWeoi,0
3aQV6E290SJvasp2VOgvBz,0
6qNV0Y3qiJ4nOoOtzxIu1S,12
1iQ5E4z6CJ38dIzvMI9Wdo,70
2MuJbBWAVewREJmB8WdGJ3,56
04Rz403IY7QUqgfrTWX6OU,49
4TK1fmhOkCxVXfBGcqGrhz,15
6nwAubYnLGl7F7cDuOoVLp,60
4GYWNXDrG5wWOJteicSy7b,0
0BHRbisnHAEU4DtPyyMJDO,32
7vfvZp6KZJpxiaW6rI9ieM,58
7KYL4ZSKTKzzlLbWsGBfDM,0
10IBstzGdLMMwtxTiefXtm,0
22t3RGAjsN5qaUD3GmaGHx,0
3De3KVdbrudp6xIThohCde,0
1kFyVRbMT4JJynQgTFWKZj,0
05KCB1XhTrdEASLYqbESny,0
25XphFUCyqVtIz9mI0Bqi4,0
5DTQC1UhuhvQ6NFKV99kI8,0
6YYd5MLpu45J0uLrMdivF7,67
3odZdERAbBVzLelo2K3j1A,6
4qfUlchVD7WM4JhA5xio6m,61
0W5M10Od3wY9GnS3MVa8x7,0
1BZm0t49YEhM8xbTINoQKp,0
4LOoPg7TavHtNmCTOfd9XQ,0
6AGeNvFocf46EqQgP3wzGv,40
4UyqvzVO1qVf4gx8y2cZpj,0
1MHtFj66arQ3vD4ZNK1RYy,50
1yeHVJsVPN3ZskQ398be1E,42
6WQ6UeU3OAflPdPGZTv0uH,0
5bPjleBV2VtjRnc0ogJ5ib,0
6tc1IhhVqycGqPOmlU6rB6,0
3ToCwT51GYA1HTDJxy7ZZX,43
5e5hRYVA6SatSjvDiq9WXs,0
5YPLdtq3s1eEwYYwmxQTsV,31
0MRpNFMPvo8bqhWhCGf1jK,0
5PZvQeHocidnZ73a3pHO76,0
2tNmhDlMbwQZLxQtWMt2EU,56
67ncYmW29pNJJY2yXuLPwT,68
6KDHudERIEJMFAR76XJrZ1,0
6yZAdQyPJtXjATvAT8ERQg,51
4RRvVSpreSh8psHZodRUU7,44
7DRG5fvwk3fLH8IsR6AJaT,0
3LklW07tvdx2AHsgfi1Mng,66
05VHidqx1tV6V7MsCdAIby,56
1yFORmqWN4bKhboS8inzzv,0
4TOzKNgRp7BZHUyptr0cHw,0
0gEF7HzO1mYr9Hp4pdKalV,45
1dJNuQQ5Zp06oBlnwpiNzT,34
1AHfovSnGPVYKaahRtA0U6,63
38fJv1GvxHkHlgbERUuBCJ,0
5YGLiu7ebWcnqoghFBk3yy,0
13XHuE00ElL5thSxkaEXxK,1
1ei4Cg4zYN2y17CAvjETSM,50
1z3Q1tjW3b8HndGACUWDcM,30
6RgS0GRNijUbyXlugK3W8Z,24
3Ti0GdlrotgwsAVBBugv0I,7
63nLTE8alkNlpudCkxUnd1,0
74Yw8aWE60rlSAeT49h9BS,0
0wiBYsf6AMo2oIMIubtqOT,0
6FMbRkntFOPQOiB059MQ4x,25
2HoDr1yVksl19omOhc1zWy,59
4UmD5AZJ6fiNBmq6aB351F,0
3p50PUgtBHM6rwUuD3RfFV,53
2Ik0sIJPSV8aau7fDS9jJv,42
5t3FYiaVQ9c5wqt9RwQDFQ,0
2eIRE17ugmqHEjDbXWCalr,0
6f2xulX5HzsHMMh9BWUS7g,45
1or40eH5JXm4JE2WqSVKKW,0
3GKL13lkM5nRc4zC1lIOrR,71
7vrbpecXeRa2GxHWwot58B,0
6Ij42HHAMo8ZsvdAMTWTpU,0
6cfvxVx2PZFSFeghhmciy6,39
22Yq5tkMN8JE7h1Bq3pWHS,49
3cuy0jpSxGAoTuJE0KORoR,49
2HvCL8hgJoHrrGAZEjQ3mM,46
37hqGqe1Btdp6xuljIm4zL,40
2XncSBceg7BwEpbWVI6FLi,0
26q6YTrXt9l8qshIveiTX9,62
0cSJGFChou7M6u2ju9SWN1,49
5jAeM4WKpqDX9wDJGa7IFq,38
3QbglwFgPJDHq7TbmUb3IE,38
2jv5jGgC1iFQ9Ury2ci9Y4,0
33OjMQub4EtjwxY4Pi0g3U,0
7JXLHs3JxQ0sibWrYeV1co,0
6AFWx8JqsslV2MsWhpGjnR,0
1fG01hFiFGXZKRMHXsBlyf,0
1VAFud1nSkqa7efJBxONAz,0
1aj1Qg7QvZJ7GZuSY9ISea,0
4owRIrDAJPqNWGf2SGC3H8,0
3OueBUZsmQERpu4hSF0jCr,0
3BYY2756aaf3cCfrqaVRAt,0
5HEm9RTM8fIuzKa1RBj6xZ,0
5sH7vJ3shCpWGpsHMjwkfN,0
0uYmQ3X53P03KWj83u5I59,63
3PgRUeQuuY94FkKdDBbKvq,0
1RqpijoxxQJ9FWS1V56DeE,0
1ISiF8S1Yehu7OrSJU8Kct,0
5LUNEABcjkQ7jCSpu3uBPq,0
3cyJAZm2r79wdzrsQtv5Ob,0
3YreXzJAZRrchO72v5G5K9,41
0zLXP2PI5JG3pZ2KaqEWS6,21
4D2pxxPpgyJdowXmebsXKs,0
4mTtMweEZoyyjq7emPX5hQ,28
3N5XOukuZ6JCJHoHVRowS7,0
7ucZwIC4XrQZf8L1yqCOGD,0
3i2GE43eD2KiN0B5bWNvo2,34
6djzhYE1NxgS7YgnZZEqnN,0
0Lfz9oMafqp2UFH8xkZgDY,39
5PQmSHzWnlgG4EBuIqjac2,70
771lQyKAtqXRpZ7iM4JsbP,0
2D1hlMwWWXpkc3CZJ5U351,70
3u9fHuAtjMY1RW2mZfO4Cf,3
4nOGwuxFp5LIFe2Nj476xH,0
2c7uynLkfT2HVPg8xuXxZp,26
4nva9EpKntUTs6CRSGBCn9,82
4mSp2FCzwGUN58aurJawQq,0
4LujRMTMwAfFKjm45tixHY,1
1N9JazWqQEGOtcDfL0IAaK,0
5vWwuFTSoPdyY8rH1mui8W,47
1JIok1fu3Du7Sv8QLwklyd,50
7sLpSWxQazJzDVG6YGzlVs,64
5vBs51lDuNru58PBmWmrDM,0
6BX3nIZqQ9Ji0ZK8QCDpCs,24
3Wyc7M8twhxeyaC51BcQYb,1
6iGSLWmAj6E4GGnSzLxBJf,53
7nh0HBrSbnmCfAraHcg7vK,58
6CWiDYxP6pZg2WwYuYg4Ol,0
2eU63GLRBeMOszGRTCEE9E,1
2MzLi4EopILqoDTZuLtIzW,0
5yfpdBo6QggnG9liGh4PsE,0
7CmZmiCqn9xKG3rLnr1GKD,0
0W79y7M0f7qbaIpYCJ6wWO,0
31H7LPONnW6megZrmnN5th,0
5TE1sg1crzw1skiAyRb5Pm,0
47wFMd4PgA5zq5USEGLGpG,0
0pIFcfwoeZ8w4eqEUk9mWh,0
358r2r4JrLyIEhZ8MQVpO7,0
3ORfa5ilEthp2U0TRcv7kv,64
2NRQ80uXOLkfNMXsjuBOxB,0
6lk4Nhg2jo5rAh5EYCBH1e,0
3jFTsobEff1Cz8DlIAisYY,0
64E7c7HdsIbbDWDSGxNJVF,0
6a9LBz9XcjkfyDptahGIO5,28
5QFJQXKRRKpEumd5BE8raa,0
1gnwmsTBXCw5Lyxt1UxM8s,0
3eGBESLT08agei7veoLLlz,50
7DCPsy8KEB4mwcvUGqlhzK,0
7jLbTp3qZzah9kMIdW8e5M,67
6EElYDYyvvohMNDbYnrvn4,0
158DIbrVt4YbqNnWyRCS3P,57
29VrHhpC5AS9b7XJYDPhqb,50
4EOpol0K5u620R2OLfoJ1B,0
09EwNbGvUyu7BDEYG0cJro,1
0YImOCkIJ2PWhCXaURCZnY,71
24vNw0Z0srb4zYXwrakw8E,64
13QU1ThhwiGzPfwUFcylxr,0
7aopCwdw4qfpROhF34RGlF,48
4WlL3AyvRv4xErrPlKx9M0,21
3MQLYKlNxsk7csGVEcw0R6,0
2XhTVuXI1bQ3CkEY2raQMw,28
19FsxX4RthRMZGfXkImdCb,70
2h8mtZXFfkxcDNO52gvsMY,58
33zmZuUrpdbwgXL0U8ylIl,1
5ZPzHLzi0ohJbMAKkJ8APZ,43
1rylJ0VXvhOzLGNm401iaI,69
14Ai4sTxWbQpNymhpQKuES,55
0DFRrABd2ppHhS3QaZuCJ1,56
40q2gLHiAqU7EO5pkhPTE9,0
7AlBO4BbMo2MYwpqIwLNGJ,41
0XmigPQY1jq9GxHK4kW6uk,46
2a9yoHHUk5dRdq5GU8KvU2,35
1PgHDUdXBgqCyp0Aefn2no,44
6zo4iy2sdLMWeDf2b7dpPg,0
3x7Wt94A0GV4Kv4igBF5lJ,0
4vbJFkIF8TFCOwqZRI5C2Q,0
2HCq3QncPlpbtckYdE2RLv,0
4fvMIe2hj5aB6IDSjLCml8,0
5sHSDi9HNoHT2pXNd61Pw6,38
2DtYTsG1U625KM0TS59c0F,0
1j9Ps8QdrngyB0RzFK1Qwc,15
3A2a0y5rcJWhm1GJq04tuV,50
6P5NQwfFIjhEUl8reqff8R,0
2daVglxoTtUKTwyJuagqya,0
6WCggwf8lwufz9ZoIVggJn,0
63JtyRFsZqi6Rf61T48YRJ,0
4eWjRezM47ITKWpB5r2jVv,0
0U0Rk6KwSKt0tOrtB4FmA7,0
5L56aF7d720ZaytO5UMEtb,0
5pbP0GwvyeEzxBuO3GSf3o,0
3qDw4xCDcN6zPwvcSlkEeN,50
1txD1EHvjPKAp7VeOw7YXz,0
0opxSp0Jw0RgsQBy1qDwNb,0
6N22ySkUN6TD8qYGml6003,0
53x0TUbZcKihVOhDXxVIdc,50
7HmTLjnYmafbdou5yRPeDJ,42
2IkZFbw7m2uh4tqJkuWDJM,48
7a9KN84HehzsVv1dlbnnNb,0
4rBl0asdNK9Qq7PB8S4VIU,29
4WnwGiP22c2TwC1kaiDHzQ,0
2wpM3OKjVNtvZz56nEWrHH,0
5v0YIZrodtd3zeC5voI2by,0
68cje2NtCyi0iRqFkdzjwq,0
3l9eJDpanLvBIPhw6F8oIb,33
5m4rKNB8wf2Q4oMupdmXFQ,0
27lm3yIbCVK72Sxzg2bC2q,0
38mwJAySCI0sxFWJvN3KbC,0
4TYzLLeRQfs3t3AUSRK3pM,0
2nvUC76Xju4HuqIFXeiCyI,0
4vHTCgx5Y9TZaWUjIyuLvo,37
4pqCienGuMIbOdsHaOpf7V,40
3gppA9cIA46C4nomcRq1NF,0
1EPtSITu19y0DQvbIvs6Jz,53
24QLjRdXiJdhuzzaXg9mqK,0
137VK6DhNh2f6qhx1CaQ4g,29
3dA1Z1MFUVbdY796jNEjr2,0
0cD95iBmLYrI92Tfdr1coS,0
7qLqv48Sl8JTFRlqotyvfY,0
1POTZrX87UB3Ox8j86OT6C,0
5gVkQehV7dXjnau9jjfJ7a,0
15puTooEPaB3CTeFsNCqst,0
0Q4UnABWc02jPFQwzx96EJ,0
2Qp0C3AWVnsh9BdanL2Hkx,0
639uCLPslNZLSWWMenLli1,0
0qZi89Oud7EwqxoVF038Pn,0
1mBOHsHxrCYuxkTBfEQQd0,21
2oW8pBaoHKnG2zf7auryUH,0
6Gpj4BUL7EnCHdm5a1WLPy,0
0RtlVbd43hv2XWgygGRDPz,10
5cchJci8fb4K0b0i66s5pA,0
5OdBi3RisDymZXw0oEr8xV,0
1nP69R7Nc3yIbiN6EUNyZi,0
2TKXBTeElco8EEnXtRkFdQ,28
6GMeUoXO7Xm9q0U1OziRjq,0
05SgVqTnF4qEMvKSGPeRSD,0
4f8AcONRDFSTj0eanWITR1,15
4oSSxi6b7YcKMeo5KsED1m,0
5mCndxGz2kVjrIG1X8yLvc,0
3P5ZMbUFyv5XnJ8WYi0vdZ,0
0EBgUmVGz4bWLyOw19y81z,0
0KR3kva01902glhgaqlzp0,23
67m9pQTDkmKFdmqgi1E6YO,0
5hqelGWfhBo8On7e7Kk5HD,42
6X0pg9AHaLYLq8Cy5j8Suz,0
3AaZtZVrkVvE7fnLP80LLh,0
77gDRPAzYMjjocOGmPBW8M,0
5daPTPtcS7LZMDRVPbOZwo,0
3KfgsB1luDK9XHJ8e4Hx6h,0
3KIojVo2dIYpClKTlAiLjA,0
1iSctFzf915OKMmqu6M65o,0
3H8n2CHfv2tV1UYsIO0OwG,0
5M9hgyDRcMzotYHEXvqhtC,41
38yO5JuwYujWm8XBvMOOrk,30
3v1ypIgbtMEzYf3mxNFokn,35
1kAsrCFSZvPfhQKwkXTNOV,36
1jaVHAdoEONRCrcNvRtCFY,49
4vOVlcGbOLDYlYIpZkU6VU,50
7JDyBLjOijEpNJGXn3F7MN,0
60RpCIrhpFyxXE8foFsFaL,35
2ujbOwvdiH020TO5EucGiX,1
1VvsWao3Tx3QjkWgr6sTaO,1
5tsho1yIhRDcLGtua06lFb,0
3dbCYM0LJR8tiL0W1XXmpK,48
0Bd3oaSitY4a57zlwV9sG6,0
5G8c5a3ndzhKoEGvYQVa91,0
4oDcVoJb3xYz5RDyBzkRJY,51
5Z01UMMf7V1o0MzF86s6WJ,78
3UmaczJpikHgJFyBTAJVoz,81
7i1nzuzVU0y6XzGdVMJDoI,47
7pf6YT5CmmQxs6Uz7dABNB,0
0R2FmhqwRokQSAqIelysy7,24
3LE6oaTvpfu3nN4t9U0DmJ,10
4INDiWSKvqSKDEu7mh8HFz,73
63KcYWznO0w3J5wymiT9QK,38
7HFl64GKBtPTa5YoW7j4jL,1
3AYFNoXF0xw5Shsg0lHvBn,0
4NrG279pDVphLmS1e2JVWp,0
0ZDcLapel9chZ15ZNuOdD4,0
0JVoSlwaXTn3l67xhCwYml,42
3X414ZlCf5U7pcpIaIcUkT,56
1IXa70EPedlpafPL7Ood2z,55
3RmKpob8xzv1pzHEQrMJah,77
3UYuDTslR35thjQzaVwRMe,65
1dizvxctg9dHEyaYTFufVi,0
2vytyWClpsahqcL6NibSE3,45
2eRmjYHL0FGtzUBW3S5l6x,0
4XoP1AkbOurU9CeZ2rMEz2,4
4Ce3D3E4RBqaur4dZiYioD,0
6gWN49vPb0J0Rxesdvh5sv,0
7iaw359G2XT14uTfV9feip,54
24BSTATmWEmrPOgEM17bfN,0
20fAoPjfYltmd3K3bO7gbt,64
7givkGZW1cwM8MJYzMd2Na,52
3qX1dqmDdmMvvfMVfsx4Bh,65
2OyEj7Xha6eRhaARY1AKbs,0
3ZfACixzMNAbRcpGwEkLRe,1
6d27FONQsGs46bwJyCpqBP,0
3vWtNiug49addenxdTmDXf,46
0XKcJLESp7Ce0NlzXcKAFs,0
3e67tA2GrEHOq6Nz9ucrzY,26
6uQQryGUd1GjojoC0Tp5bd,32
1KGBPon18X4TsQRMxJM6RH,24
5uBNMdSk5d4xgwLbfGmq9S,36
0hdiDzQu1FsfaYM1NIL8ma,44
4cg1yakyRSIOjxKM2I7J1q,72
6o4nVtywF4F75RkOcDxrtd,61
5JvcHr1w3lwG09rsaqHECe,0
5J5PXmMdQ2nh1lZOal8KmK,60
39qSXklPEyvZRzMwU1yZkg,0
4qdgv45EPcQqpQ08tF34f8,0
0PyWKgNmGiYTFe6MXN5U4K,0
6sUTGZ7OuabFggXBP62tJK,0
24b20V609aI0WJ8LyxR8qx,0
2ExePm1EBdSJkr4Y4Nc50z,0
4JGypFKEHrlufSjF8DPl9X,29
0n2m8ZiQt4Aqcu6IAfPc96,0
00YAhmYqomnoWd7ogDUtXU,0
2QJnTfMpNG05KFf2E3gVIJ,56
00QyLmjxaSEE8qIZQjBXBj,54
7sO0dVFCfixpLshm4daMH3,0
0B8QzDH7YWih85V5SEMnyJ,73
7a9QBLlQOunA6KvPcVDIMt,38
6kig1UFggPUyZBCvXD3Wod,0
1GUz4aRpp2qq0h33pwzrAr,0
05hXrqBkWkAdl4kG0iNksE,0
1XAIClKMS3S2wkGBdN91uB,0
0HRSsZiisdMuUrWhzb8ewK,38
0nq6sfr8z1R5KJ4XUk396e,76
2Xqd0wUttjueBfdcltADOv,2
43ZyHQITOjhciSUUNPVRHc,60
4E92bmgFiHxvy2SNjXjC3b,0
4W598w0KcHVG5Nwqk0qMpj,47
7r6LNJT2LqpLpEyZQJPygt,51
06Gyf2pFDVmN5K8XAawG96,52
0nhVrTiCGiGRCoZOJiWzm1,57
50SmHk0eKtiMT8QPt4dJkN,35
5eqK0tbzUPo2SoeZsov04s,73
7HNiUkrlU7nJeVi2YCq8ZX,0
5u6vkDnOyaf8LsteDAj2ub,67
6iq4lMooC2s4RkJpcDNFsW,0
4iEpZuwhEuoilKaZjXQPbF,0
6fwdbPMwP1zVStm8FybmkO,69
0tdCy39PgWN8LFWu34ORn3,66
17QaCiTklVj0c7VLqErDGu,0
2yUbCEiaolfSMluDo9RMmG,0
2VKf0WEOpq06JE5PTNr9wa,45
7oregTERsq3KGexzIqWhqW,24
0N9aO27StVncd3rCpMuOpB,0
60SdxE8apGAxMiRrpbmLY0,70
2jt2WxXMCD4zjACthkJQVE,62
1Jl21sidRpEdlVBvYbssLx,53
3edzl4zvKFi0D3iuF6cs2f,47
0u695M7KyzXaPIjpEbxOkB,54
6crUbvaaSSMuLwgq63Iwdp,0
74L0PAlLQe33gbO3Wq1Fe7,36
4txe3BLayIygRdwSQp9itf,0
23dwrzeJtEEGl2U4CPWSor,59
2jTujnt0y344ai1rNOywgr,61
1AtJv3Zzf4DA9UfX822V6D,31
0CR60XwKbzgohE3I6NMjlR,51
1bFlyIMhjyZavdg5PXrkLs,38
5QbzvnhnS0CZMHjFGIwfHd,67
59q0gDvWPoL2DQ1SAt5ZLY,64
4SDgTLDYrJ2UrHbkRkg7MD,57
6gBezoyVnuoGr1rkGHRX95,0
1rmvDAMlsBggMQBzbro2rX,0
0DBzZc3bmULyaTVqnr5G51,35
1xIDRR91yrYa3LvYWkOxxz,39
76lHIgJdHP8Yudv3fIr4ar,0
13KqNIOOSdYbglwbio785S,0
3wnqlDPm99nIIE9Wi43KVR,0
7uYbeh3ae4Hzne0SWacr3p,51
1ipfcElSaNrdqZzpdmri9L,0
18uskcQGHADKwukSPngyYP,0
5BBVTlHaSDBJ0Wc25p9yCB,0
3LIKV4LWBLXn7MCq2ml12I,38
4VDOJuROq9ptw3jz5ShtJ3,0
2iO0lEdYJHf5hzEAdAvrJU,7
4UltM0UXqB8rxOaa7UWb0n,24
5qXFcR24uZ4u4cbhqX4D34,0
5cDO8fIEgNUT2bMlWvrQnH,5
4e65Akwi5YrmizOgvttYcU,0
5e9lAObWqie7QuVJBzY2r2,0
7AruZOFWr0uhFNvyCZsmfE,42
3cwOsmYeJIb7qYcKBM8tLu,0
3llisjI26neJ3J29NaqH9l,0
0sv9l1SyBPFhowpwXClpif,21
195XLaBInYvnJMo4fzLNql,51
5y0RBOTeCL2YHCP49L83BR,11
2ea2aDmhSffJkUWox4scM4,45
3s3TyOdCEIxOWWZ3v8VNP0,0
339EMERs0fx2k3WCGbAS2H,0
46FMLH8rqFGY4UOGuSSxbY,38
02U7tu5WRzrzUPgWMAxiFK,0
1PrJ1Taj9r5c7DjwwiIbXW,0
6AFriNYjYl71mqRCky4PgJ,28
1D7FQQfKf4o3Xd2QTm1441,0
4eQeXSsMo1JW0ToI2uOW6T,42
0bh0F8gWMvZYBK36miTLiI,0
3x4zedeuR1JB0jLTmdp1tl,0
2x0sSVweABWBCS1nLYSyyd,30
1SbsqEPERRVHeESlZyTSib,52
1sUkROMJ6n0pFQa9ciOLu1,0
5HXbcoccdDpoMsPdbnB9MA,0
4WCTSxsw3NxmwYIiShQB9o,0
3gnUbsRuw2holW7c6NJj47,48
0Fuf9biHj7qcvbjHwvb0uH,30
4iZTKgbKY0eFANql05avMY,0
1kU7R70RdjUqZyKTmWuqFr,0
1IIMpmIvO8tBJrSb1oL4Ox,2
2aYfXHAnWqcVkaadPi1q4H,47
1d1brRytknCPENtwVd91fj,0
7c9ltQXPtNYjsWriIS1iTy,0
68aE75Eu67DihLeLWOCHYi,57
3nQt7oELDtRyb6veBpAPEL,0
5NZl45YHi2MbHH4S6qiidq,0
3kuG23SQvtSc3wPCee6oJN,0
3PZiYftIbJXKNGZu2CT8ob,31
2rt2eCcCuZVpFNb2zXiaHo,43
5pjIGLFgIuuuJGrohSDNRs,0
2AfZLeKYQ8WIP8UaWdTH2M,0
2uPXJFmzjIhhc0EdrfC8P5,28
5qmJFc7evOiC32P4gHc58F,25
4UEW50ulvMZj7q2j62wxFh,0
6D99og9DlJb2ucXHSJOnhm,35
2IdZrjTUCbEJDgej5PpfEl,0
6xY6sFMkT7JY8RjkCSfvUj,0
2A1n78YHtXy9o0bGizDbyy,36
6pkNFheSBTN5SRos2pyJDz,29
6CVDiifZ71s4IyqddtPKxq,24
0rvlewVY8zSmU5aweY21Na,0
37NLadlNpCObUIQa9ef1OP,0
0etM5OLS1gkjK26aRpKqPK,0
64mTlyWjAaqeZD8mSszh8o,33
1hsCfOiPolyH1F87by6qfm,28
40FJaSjTBdsIJ0upyx4Vjn,56
3tqE2ltAilYmfbw6oeOQ9c,35
2Bf669lDRfdfSiznO1bb7V,0
1k6fJBxzALyYveb0pLzzyD,0
0zEnD8K1PZROX1Zsr7QZeq,0
7Ffke2tyyOX8iQiDl4OUWz,0
7r8djM5aN8op9n6TOK7VXM,29
742Y9wVqNhENK7X5SUoxWD,32
1XSZPJMT106QBIKBNllFCu,0
1ZcwV0mqWLUvIdKg5sj2RX,42
5Tct3O04Ozldk840VvjOPE,0
6XowBnr8ZkGylaV0iKBKDq,28
3hwnnUQnUJPSq38H9e5SAY,0
0KkrT0y1iht0tqgh9vrGd3,0
6hWxL0tpZm0QOLNSpT6Qra,0
3yfqSUWxFvZELEM4PmlwIR,85
2zoobJFEB9h15fjYjRd6oP,66
6S5SJlNXgrUBTLa58NMwGk,59
52IuMfbQa9aqRPz2oYPAI8,60
3p1oRfbN2RrDdSyG8S7itI,56
0VdZ7t50K2asjY5hsABTDI,30
1dF5Y2dd7Wm4wZKvVjWBpr,65
0rBi0GDozqHz2vMwCb19rC,32
53oWwSxPuyH2cjYKXH8fgO,62
1zUpNXz22EFtljQX3WPDzQ,43
1cikrStdIjqYJrpM0gfFuo,52
0K70lSOi0rN9yOPRB7na89,45
79hH8RuVS9af6ixS97wREx,49
679RG1vQ3m1liChyglObX9,46
287tdUcso07UAu5jxXB2BQ,0
6M3lqzrkzSKrBehkeAxTXc,58
6S1oHrwjeF66VRUl1b76P6,51
1ohwrBQrxIlqMYfkoYERiN,62
3Mzqw2mz9YMKjjCEmypYfZ,53
2OCTC6cPRdI3Dvdb25jRDC,52
2RTXQxmxGfG6yLBvA0hULI,42
6KMoKU9mRNthObqYAMrXnD,25
4Cg05r39aFjzN1UN9jTK4O,38
7y9yjpRtZajYzVpXHRjwGz,71
4voEoczU7Ijborps9XF1n3,66
23trPalTVGb4H4CzyHrQ9W,45
3Ye4lLxSc4Sbnqc8mCxAqS,36
68YdZEkdaoXQTHRsxzS2Kq,0
1n6pgjMma0nsl4jyMzmjxQ,48
5cV7iNvMXJyMhFNY0HFbQh,0
7CMAwm7mEkZkkaBl82DicE,0
4ykIW49ZO7UnmKbancsDIV,0
4dAMdQ6g4kGmnc1MDHsg77,0
14PlDNjNh3pXyHXzkhX8n5,0
3wGXyJGsCf1myH5MooQIqE,68
01Lr5YepbgjXAWR9iOEyH1,78
3P9P3Lq1IGsyhmNrnank0v,0
1KjQPDJQCUuqDj3AmfSBCa,1
1JGaV39uhSQd2eAteOxFlF,60
6ByJDHUIqR8pnOKLCaxUP6,0
6oV5zsbz9V2nZ79PYam9yC,0
3S8hI4RwB6vQ8fgZZihtpv,0
5JxZZiXd8rVwHu0xEFvxr2,0
1eqdujVtIXHzWa9czBc0o0,0
6vN77lE9LK6HP2DewaN6HZ,76
4sWuPniHClkInYAnzXAYUF,57
7eBqSVxrzQZtK2mmgRG6lC,77
21kOVEG3bDCVphKhXL8XmQ,0
577YBGuskWkVDCxZrLRB4v,79
6V4KHt9xu4TPEnDFoBeacT,66
0OsYwz3SCLD98IvWfdLeRQ,48
5MPPttjfGap2C6j6eKcO6J,77
29ZXwWOOLz9t5fa3eT3i7T,71
1Rc8CHWbFlUZ79jbGZlk9g,45
0rrVn0KMlLHtAklzUrrfoj,52
6SOBCABlykuNrO04rmXpLs,0
16YQkGOiqsATntjuZCq52X,40
3AP0eD0OkIVTIoymrJgQMH,52
2zkCbezif5Vb2XeCyFaEwn,0
0hwkukpHcBJfGcIUxi1tK2,63
2UguK8EKNaq2uNLlhrnU8G,0
1lDnr10iH0O5sURL5JlGig,38
3cuykPS9TJOWufYPvTUOTN,43
0G1HcY6dlx8yjJBMCO9rOc,0
74lnM5V6ecvoTPV0fvptx9,69
3ngpmF7yiqVMesqqGuepX1,52
67XyC1GdSkKb9sbRRkUDXS,1
7f1zjZG77S891Uv4O68yfk,56
570fgRkd58jDYC4uYAg74V,0
39WVsfrPyaLCx04khGj3fN,0
6ox6GMJt3WP2QghksDa6UO,35
0VtxQUpwnkeedz0QhhuOgA,0
2yAaWyAs1w5MIZc7njKPEJ,0
2InEG9es2ySrY184fVeyN5,44
4Ac0Vqx7C72W4GbmyqQxNQ,0
6gNTUALYq5cQXVCwXR7snp,0
2KEux6D75xjj6fdabXpeAu,0
63BcfK6YAzJYeISaTPr6IO,72
6x5ZPe5LrKcLefZ2obbwSZ,0
2HczRHTr4YgT9W6tRs4j1m,0
0QnGI4OgY8ReggLWvEXdgD,57
2ntj6zoYOXfdQDzxo2kHrD,47
5Tl0HJvynZtKdSUMKbFVVX,66
0FA13knA8ifgta3nWGkyRm,0
2dieHErJLwG7fOzD8WAtFO,48
5GSiW5PowBQibaKHFCxY9Y,0
4gMqB8Vs2NvA3usbZoPgdv,0
6xQZuh6E5I7Ga9RNTXUM9k,0
3GMR3hyv8BccozoebVMve3,51
6pGMEaR9abfB03jcoFSQID,36
1siDRjAa8MdxNoCHTiiQ7B,54
4h1T8pUzl9VtudWWlVAxxz,45
3a5sW7rqY5b5WDdANvSHxD,0
0BknVuf853LEmEzTEO3LY4,0
1R9eRTaQx2HxQ3HoyAVDJo,0
3J5SeyQv9mh2eEMxAJ4iNg,0
2tOcVe1pLOXWVnDg1mARvM,0
5fsjS6L83RSJBqRJKL0BTY,0
00i2HU7TEzzftShjRrDSEF,61
3PA9dH8cT0wR5UW4XkC44Y,61
2bUojZta7GJTjGAqo064jo,0
34GfAO0JtCmZP6567yODfc,0
1EM23A621Z0QyTlWKu7T1l,55
1YQ7BbJR8HqAolfprvxGKu,62
64uU86Hl4Hy0ZpFAsA5oZd,0
2yX2u7VsiaYJPncqwcmyur,0
4Mg3aeA9ZrEZrhL4ANs23u,44
5PbFD3AIyunz5HxocduA9e,52
4fxOCTCTQtsrbK6y1K9JH4,0
14uaE0Tb2fGEw4nUtEPHuo,0
7o7rrKyfqGo5xw318JNFUb,40
28yT0sZlkqStSByo1j58J4,0
4j4f7WyMV9fkpgFenajDuI,0
0DfqzZnW2KhiyXjVQiFioT,0
62raUKrBFGTw6OcrdI3c1T,0
6g1PQiyoaop6ktk2TLchtR,48
11nNgQrRDnRZNGrgx1Nl7U,0
2kM3gIkHRiikiaIUFk3Fje,55
3Y3kf1ipHR6rgqCRJoZOAK,0
6ReA6ibkmZ2cV8nMAnZZ8b,35
6dQJI4hFolhMnZhSHxkuGc,39
3ivJymJnoceuUUe7wTP6m4,58
2Uvl2lg2PKadatoNJAjv88,0
0Qp37xG9JmIpYURi8xJl3E,0
0UUSebzzrC8hKiVcX8fBsz,0
2CPturRUlpvirYr7VpkXCV,65
4Tttv4p2xuAq1LpQ7LI95E,64
1ozdRCYFVt8Ui0dba1520D,60
1g0XWggBPVc8BMQERcxVBK,0
7uluf56WVfHNImg1lAY7xP,0
4iMoo46H6kGhX0pFpYnCVu,0
7hfRrdFJgFKK3cJ4rmkecE,65
4LGMSdeKOUoy5Wf75Je0Hl,61
4tzStSrQFCWoNU82ozFBhs,35
2B9aYvlGefTIgKLhM6ia8t,57
1IFe9I1vgx06d4SBxpD4fw,0
37zQVgP3aTLKNvluXLB5Ii,0
1n86eBhlqaxWIwi5YZTUok,0
2p9sprAX27D6U5cuSE9NsM,62
5KA6S4auXremQLoBIsKprz,54
07plBjARJU1Itic3kQuV4Z,0
5badBrcNvFub5If1Mz93uL,0
2x35MVBSpQwBP9ZzQfPhvt,25
401Wpcw5VRjNOmsPpvKlfJ,23
7vDqM9MFCCAdeSSWQQdzT5,0
5LaFx91BE5YY9DpXml7L3Y,0
11DLmgnvdCJ0xMYp6r8Ja2,0
1VRtV2JlMRo4ZrAyCKTb2v,50
7nJ40UNjFW1SD9jDMajM1H,0
3f04ysVYLQoaKFHLHjezws,64
1yshNtExWJOfvjfvUqGcnu,0
2KUuvz45mQcuNdyB2x196e,37
5oYQ84f7jWY90pblm2XJAO,64
4uCRg4dM7mnDvJgdTm5pBB,44
1XB2YcW0XQDXLilwLOqWtH,58
4uW7wQZ3i4RivW2yoh11vq,41
3khnrlaj5CiXZgRLRiHsI8,44
2llz8SyoIxy09C2pOnsyAW,55
5zMhnddQonZvMO5kSMPCBw,41
5JdZoKXupuTx3zykXxbriP,41
6UnSa9JjesARBpfUCHTmVQ,58
4tTBDyNwQm9dyh6DS3spB5,0
2HOJ3zg25d5veWGlUe203L,0
4wseRLZqlHX0svfp0btZD5,36
6EoiDyFLeF4QX5IfFKXSYF,0
5qVF2rEf75oPrZHhmZmDKk,67
4fIjxAZjZLcJNygHWsFrLl,22
2iCSw0Nd7ioPh7TdF3T37N,15
4YPoYAJ41g1ErPWuoaZZyw,26
1oF0YS90jzk4M4Qxdk0gho,31
0iOsLardygHDqlTMExp9ak,0
1EcPiu9yccqlIGYdAjXiRT,42
14qnJ3HKmlKo1hwBQKJaB8,58
57DZJLuPk9a5ULzdER3ZFy,75
2pfJsufl4kJ0kMT5C1nlwj,0
6WunLSy2T9dGLdW30ibt8s,0
3BCDmMe7Kw2xEskxpVn2uF,0
7dEEQh0zrmar2UZmeazj6T,0
5VKN4j9rW1xkgrOk3PIUPK,0
2iqnTmYyY7e0SanovNvw0I,57
7yJj4umZ3DgeLU3LiU5TN3,57
7JxTp4HrI99hr6L3VMCZbj,61
3A1CiVw4NdW6dKuMjftnJc,46
4wPHioK5H2wDivqGWEwfaq,60
1TkdFLhO4yRxwcqOjvT6MO,49
1gTzghZ42RCmFTPVTWvOIb,59
5XMRDVl28VdvfqL0IFIiss,48
7ajxd0ULdHFjA2IqBlXlpc,35
1crTf4RvraCjcPoqsaT9hd,46
54cOByTOIGV1XhhNm5e52z,28
2gABnPYOMsyxThmsOQ4uWK,65
7iEHCU1oYlqg3PloCa9uXW,47
3KeiwsmA8ATkmuQSWyEh46,0
1ARifmfUe56dVQS6xBZgLr,0
5GkHz6iL6D20kI3bUG5PcI,0
5SzC5keyEryoV7tc7IX2Cy,0
60EKSZLqpbybeB1D3ocwXr,0
3Jw774vf185xkKIUZWySx5,0
4mqnIo3Yus6PL4S8P5t1MQ,28
4F5gOJZ0wHGK8rnd8jVUcz,0
5T8UclXfLOhYln4Q7GiQHU,0
0iXhrFJCj6fDocBueze7Yg,0
1pEMBjgNevArI6xnSKmLT9,0
0QY9hUVBMtftQ6pVP0KGqV,10
17lCCiD4GknuLyXi8m1DV5,0
1rd6O7sdQfKtBrnmeZQlRq,0
2kZQOcg3c838TB1C90pvc8,0
7qhVj3rxC6PWL97f7fBqGq,0
4qLbn0Vn0wXB6g7B0tOKy7,0
26ScWsyaN8pG45CcRQV4tz,0
1cucFzR8tzyEO1pxgPxYF9,24
05DOYX9MB5oUQbr6RPa6dH,0
6bR8iWWmjxvkn8vbWSkebG,0
2VXwsXy85H7wIpapJ2Btyu,39
2m7KKQhYK3hYpC9izt1JCR,0
2onVQGTfFV5bH8jyGP9yq8,7
3o8mSFsqG44paFc9iFJ3yd,0
53dvB3Csl9Wk5EMmUPpL8Z,0
7EuYb5wYgWhJIdzf38lebZ,0
4058DPUoC7sLPQ05pr3e4C,1
1XeaBc0qxmiu1LdxIThsbf,0
5lxvAURhqgI1qrNmJHB69k,36
2vzrNeaqW3rWYAgBO3YSZH,0
6GUA71tYDtRw2odqa0rteC,0
1seFxVgAnzOHHBDQgLkdmj,0
1PRXZfUbOszL7rlHg1sZh5,0
1nSPlJY53DG3avK6UfpDpZ,71
1lGKVCGOgKSiDJbnvNUMyU,35
1WzGNtDrvt0fQ75gpr06m5,0
6FXSKEJjf8N3tukavyd0RI,0
1SB2YU92hrqaxRvjISlHWk,0
6IvOJYhT1frsjHtYQYHKhl,50
3zIWKwDZU8loj68URlEQAf,43
0gA859UaqGLyvudBURgcGC,1
3dm3f4nyxuUH5KX6ZdR7nW,0
1tFzqZXa4T2WzwLsTCouNa,0
5R5ZrfJo1M67NAamKMIVto,0
3rFQdyT9s0sg1zEaYQmJ45,0
0cLFOTlDp9lJOfBxPyHbYC,35
2i6MtkMmJOSumupuJOTebM,29
72zGvvuFPiSXze3nqHJm7k,0
4Sv51IrvdBPZeG6Lbx2cIc,7
6Qd2OmDq4rPFQi7qCHapTx,66
4LfZGbBkFJW0KF44vNoVjU,0
6TJDIi4bBYRRvOx0b75XmE,29
6oyeeA0sHwHM1pPpZaIsrD,0
7pu5jnOlS1k4fmigtRaXvG,0
4eaXSrScP9VdnF4G0KaeDh,52
7aDtncONHeoXQqZoieo1rE,0
5NlUfFPL2z3RWAXy8NcRs8,53
463wzr2cC6HK1j1QxeT25v,20
4BPJpGU3OHQVxMYnY2vBLZ,0
4Hep6vGkBN5w9BL46omYBs,0
5AVOViGgI5gHeLhTqs9iXH,5
5TTOE0AG2peRUOE5iNdLXO,14
5s6JRth3XYtu6d23IqFRle,38
4yORBk6ZyYsJpnJchyZevc,0
51z11zCSSgW3OsL6UE2xcS,0
5BaRniURmLYghvDSUu8VcB,10
0EGZZ4mm5BTBrHspq3cODC,11
2iNjzjmZPOojZ2AP00Ww92,0
06QrplzAr03nfX0DX7vZEl,8
1TWnMN7Cb9HwoI3Ac3DDzo,15
2TB24lCBq8JwTkFk9QjjmF,17
1jWJcuTUgO99gntArSPmrB,0
2FAWeznU75CzuaKogazioo,27
2fP8na7DF7yTad97eEJ6pZ,0
2T5YxViSy8Znu6vsE1j0Fm,23
13QgW9JCyps7LAytEqGZZw,0
2md42KIaIVMCsyJW7Z99TJ,25
6SN1WX0OVZP2TRMnqfggVx,5
6VGGUt2yqHqrEnEeKrIkJM,0
6m2yzFxphk64CLYkDgl4qs,0
7atm51dFT3BN7vgANsVIeT,0
00p85inzGeXRXgqDVn7Ftq,0
0QQuVktDgYFDK9rNZAkS4S,0
0SjI6eZTjcpbXACDHhjBom,40
0TxdxC2KjaVPx6ZczLGKwm,30
0WEI3cNqwQ1nyWYsBw3n7f,0
0Xvrvpn9ZR609eeCbgjEE8,10
0f7cMUms0ChZDWFxgrFWrS,10
0fyBYsrmpihh1mfalssDlB,0
0hNXSYtNpYVtfeME1wZq5r,0
0jakaHRU7ubOzJTseh6tJu,0
0v3LiSaFcB4tb35ImKb0eN,29
10mgRnVLwgGuQdTrRZsnQt,0
17vw87cdrPSRkeB565wJH5,2
1EwmhTKFcQ9EZESRRDmOes,0
1H4m7QplN58h3J1AsPVY7W,0
1JJ3n9lj9c05ehwl3seVNl,0
1N7LOfeXaVkCzRSSUNW6W2,0
1QeWiDiPXHfRd2zbHgK5GR,0
1Qhq3Tkbj68i5aRPySso5n,0
1Qiwr9npNlx3noE0P2AMQs,0
1a78NcLp9rwEqODj96YevQ,52
0OlLxqpcMutBKFZctsRWHK,56
0T6OsFhh9xIqsXTbvinXes,41
0kWIaKRtIBA4jre7JwWTwZ,27
06KGsnrJI4Fd6V3rpSKDwi,0
0NurtsK6qk4qwDfxmfC2YL,0
0kCfKToIFZFQQAaSQHcjRL,0
0xpc0CPl0kAawaoe2Aq8st,0
1BrJYaaZLPg06NewOf4LYB,0
1tGXJ9OsD1lChHxcI6FA4b,4
0rKWOuuXBUi3jBGptuOy9S,0
19TcIDECdjNCWOW4itYJLc,40
0vtxnsqQPd3ctEOq20U8q0,21
0blBnxZjYFjP1DsyAuBo1O,0
0vXBObhGFYhTSIMpuoXm3p,39
1MxhhFSot6l3CI4abdhPMG,0
0p22RyiPGFA1xGWPjAvuDB,23
00t7QTffOR3SA3L1BvSQVq,63
12usFLwN711AuYx2HMWDSI,20
1upfW4S5eXLwC8PaTZFjKe,0
1va2rmvHBHJNXmtmq5shS0,0
1ydufXtanCmeNzx5EKB3dB,1
2Vc6NJ9PW9gD9q343XFRKx,1
0vSWgAlfpye0WCGeNmuNhy,15
0VSXnJqQkwuH2ei1nOQ1nu,0
0XfQbq7DaMOmVXgQ71eA6E,0
0LLeuNBWPOg3XA73yab3PT,0
37gqBnUAZe8BY8WR56kDNk,38
2ggqfj97qyiORmXoVFzP5j,58
7EL7ifncK2PWFYThJjzR25,0
1umsRbM7L4ju7rn9aU8Ju6,8
4SKqOHKYU5pgHr5UiVKiQN,5
4Ag89Y7qSUrpxcgRtSzSam,0
0QiF3l617bIKVrkBqgdMHE,15
4irYeuAi87yyGHcI4h9s0x,1
3KJrwOuqiEwHq6QTreZT61,14
2SZLtfY7dz7NLSxxnvDDis,50
28xkYPSP0P5xu5vT6MQfCy,0
3uE1swbcRp5BrO64UNy6Ex,0
0KRKqIJPX6LT9v1ZQGbfn7,50
0jsbEBnXWgHLkvjV49vYVG,0
0wxwXyrJYHyGUKlBaCIhgp,0
0vUhboOWxdj97denl4T91p,0
6xEnbXM1us9fDJy2LC0lru,20
4ZOxwKHoHlhIZPzucOUVoY,0
2AoJ1NSLrqfppo6oT5Bqc8,0
30Q5BsSJBLb9SGm0BtuJj4,0
3Xi5SYx5pOqte5tLKHEmPb,0
2bmSQxuradc103RXzvjTkE,14
2Tu4kHEeIVFn6Re2ybm2lQ,0
0QVG9r2otIXoWCHyh09SqU,0
78w3kPqUAwDjADBY3xAGHl,0
02803el8p3mKqcJzJ3Agpp,0
5Njf3sGQoxQJqcR4gUbttZ,0
7BLFY8GsDyUkaARTv0uwKH,59
2bmjoUqk5ELqted5imBtMd,48
4Uk53I7Lz6bzctGoyNxf8W,0
7FoW7q7uZGOHlGi9w5mUxN,0
6dm3aVYUAfZtdFeLAG6R9F,0
5QArbhcHhpW48U4cK3Joj9,0
2Bkfvi3pCcwoJwnmd45OnA,0
2XLdbJRfl2UHHzIurEFgAA,0
2Iwf4sAnEgkuxxnJ61du8z,0
04MKRNwoX7TqQkA0ZrtMbC,0
5DV8yoddFyjLVfRT6pfAht,0
1XKlzwkRZmyrz2OjVqNIyl,0
78SOPBLZeBjDQ9NVTePOPE,0
1NJel5c5LSc9Ac7UAeoJtp,0
18hIrODUziu3KyUxeDKlcq,0
04xhIz4DiBGDECn7kIFodv,46
6Q1LtmZPFRGNZbH6VdarBQ,0
3uvKXKQxcmjPT7letWh3Pf,0
1K86gziny1mnNIisKBqzhH,0
7yvTs8trSYMtNNisA0nT73,0
3Pk6O7DndRfH1q6UFsCaWm,0
5mPUo1HP5K4H6hepYHqbZx,0
2x7mBK5ozd9hwneRKMVpkD,0
3kBa1eXqkSvfCLmG8VqQ10,0
5XAPpyIoYF3QXP34Hv8Pvx,0
3NSgQjYihV40pOmn8AQevz,0
3SCVHoGHV7GL0hmqcOIpqh,0
70nmZhHZLNVYWP4NON41Zw,0
6yK9kwo8cBoVRNOylq0yNc,0
3bNCifwGPjqeeqzpjrFG9k,0
599cYawsBthDvauPoXNr7U,0
2I12vOWeJU5ayhr6ha6esf,0
4XQDrALwqj4J1YPqg58sDV,0
0AQXOzjEG2ofwGrDyqUY7H,60
3cQPyVlnrmmWU5fQJxl0q9,0
2wzpr7E2FkOISAbYQOtPmZ,0
7EnGzsqQi0bAVGQw8i4WIQ,0
3mRBSk7h2Vr0D0yott8VhC,0
7ae2GdeXS5Tvo5RvdNwgaz,0
5o7ZDvfOry1MNhNLBOJulo,1
7tUXZgLbOCvRJ9FBlairoU,64
7m1oRKYiZCfuKXRMWGefWR,0
1AADsJz09BwnKW4yYFQwXU,0
5zjdL4aLh3D3wOKeRkZSL6,0
1e0HLyx0SlmAhwTm2un9ft,0
0SbKWYPENsANEIIgnCK45e,0
1k31A67B0r2PDytoPR283x,0
7vNYfMAh3bvHGmRxve1YAg,45
4Ao4XHlqBTKsCil8R6e8fD,0
6rF4PCqJq0p4MAWgecwfIl,57
0K1fOHUHEsv1lnq2yU1VG5,50
5dBP9gDiDlsXiitxvB4HGb,41
0kHEr6iF9m7mrkTjv9pbZ6,0
5twSsmNWVzQ5VNA6GzwtHn,53
7lnCmYYscC0mijoPe3Blx8,37
4Qwnjgav8p1B2F1EgcMQRW,0
73IDzojzHitmvwVovPG7V2,46
0FP2R9giDksk3a1GUQLfOz,44
1PeIKwD4ifLR2jYWCsUgnX,32
0efgEM1LQDbK43rqPH2Iyd,24
3lTAwJ7GAsm6mFkRejOXIm,35
2U03OmZKC7YIPkYBgJnJfA,27
3jnTBMdckWNzC7PJV96kQ1,0
164uPGiUKnYHwJOHcgfy1e,0
1j82fFDqVM2Sgb8tfMidBv,22
1Xm2e1vDwOMeJJioWuG1s7,64
5YxP1CkunbhUQVvctFOHa7,57
4KilYheWwxakB1L43ECTeP,56
020wG4EHTwBy5h2rbpxqvK,0
5mn8bU8IjYqr8ZqTDmLtSO,57
5l93giGtSBNAJUVj8hPygt,51
2yuYI5NFhevxa05se7Qht9,55
0oR0Wr9N52K1vbAOuGvMJz,40
2Yd6hF9rBSibtF4hlcnBEw,43
4tchNSV4eZQ9vG4GNA4iJa,50
4jiCUUfjuJoG03gnw3jj1r,50
2PQuj6TMxl5hcgMG30e2Ij,44
1MtmXPxXP4ntSjfF5xnOyM,53
2665YLaM0dLaIhkjpUHT7k,48
3CwocqtW6g2rCqsI8PQCf4,32
28ZiptPMVab1reyfj4hNwt,40
3jtslodAuHKSHlVYQLRAYu,36
66lsHFgvKb6H28JRQ9vTPK,33
15hXSWGLcvtUZLtzCY7E0Q,0
3a3EzSxWvDno8RpTMv7Xch,47
2UsAeEA2JH7kKSOflP23zY,48
7gRPkCEa3YMaxET5ZYT7Ni,46
1OGORI9Hx45AEYqxkndMhN,52
0c6mLXIsBWgwAAqkagxY5w,37
6a2Xgy3nTIHI37bj5RIKqx,48
1E5m92fn5c92TUH6NP7HDX,0
500c6DLy4ag8gFAnkuzTxP,46
75UNZ7tjYzsoTMgmpWdzw6,44
7xwOv1FJd8iqnCoj3BDjpV,48
4x67awdGDlWB3eIpQdkzqE,38
3Rmv3h4ovgt9xVgWOfMlLx,57
0TAt3c8KXb1D3sWT8ENar8,43
05mrU7mN3c1822bpY58UBC,56
7yYegdhi4lwCPPmyROOr4O,48
7KksdXBhdufqWDxGxyt4I7,46
2985JpMNKG1QT5i4RSjehz,34
2TxDcppMX95JQv9WB5rtuB,39
34UHhwlly3SHryWuVfMOJm,53
2guNhJXjJVCHO5rYBVcm5H,26
7ztN8tfXYaC8LBRyLZJLA1,29
6PX2GtCt8YJzOQ4ulJM41k,0
2Ddvo2ioNuRn9NwMhiIyTf,35
7hHf4gz7kGmkuwa6XMc88W,0
0Rsfm3UqHkNzKsb6L0Yz3Y,49
0uwW1Duv6xlk2bNutlc7tu,38
1PZUD6jjtYsOUC9vDjdJHK,43
3bcduSxypEUxlM5UawQ3kD,43
26NEo4Ar57Ph1daWpZX4ke,49
3vG5tTQZsAPTDqMiXFhKJy,49
0yNT55PxVoLMHb75JaF2s0,61
0RiKAq1SfF6rfYcWpjB2T5,45
3MkdA6vwF0ifRl86yzTlJW,69
2G7vVF2QPQtlnQ7EQntij8,0
563yuGweEqRVQtjfsDVRyK,0
3IoMFT989cZDnmv8ubiUY2,34
7fO8Ok3rByqDqGc0MmBsj9,38
1DdEU9f7uXklMx6Dm0Mdwq,67
2hgfeYKzJIaUlrhk6oP3wc,0
61vDGoB9k3ximR5YNzjmBc,39
5sC9NS6j4aLaFN26zCHXHe,0
0TlPl8HWxUNFWNEtxB7Ou0,34
5GILvZyGhTZ9z39AdIsB57,0
61DpiQz5Jli2KNwJZn6s4r,38
3UEm2avDtIIaT3UvuvsxES,52
17rF54WvGGqPVxDheq8PP8,62
7sTOV05i0Qtyn4sLOUvlc4,0
2jSusUF3coQykgybOU7sqy,41
4CPhkF6SboNZoZfjgaEYME,49
0JM7QnigP9A1jijogNpun0,28
2WEni6RxGtoWaask5A6Kok,0
0lfiCykYr1kvnZyZxGN0rB,0
1f9lD5VdRIGdSihiIwOFSx,46
6eK68flOp1XqQtbWohsdNE,48
7mtGQwe1XBh3A9BgVainvb,0
62vwXXITnuKIaCabwWXyhm,0
3CgZi8DMUftJHK6WL2gKc1,61
5G3NKZf1Gqs7dQnY4Miliy,0
12x8BhnvB1W4uk3VEHOXqa,0
0uv71i1waQbyRjZT86Fctu,0
6nc3d5wRTTzkZo29kZRr5r,0
5uMrI6S3YpzJ6xjS6h8oVX,23
2WVhK2P0nqOIs9eERV7j80,0
5x9FUcABwqYAOMptRedOku,41
7jl65cMmrserp2QNDhifOC,0
29UavGPcPDfUp1w4P1BXYV,0
3hCzQ8c7PCcPfa9qe95ITg,34
3Ot04s80MZBhiYP2wHo0is,0
2pkiYFWrja3oTlTwDaTypd,36
5cijUS3npQh4PSZzyT7Fng,31
7MPQNyAX02uIEQCRsC4sgc,57
3AB0wf9nh9lDanoFRcKHKB,13
6TLHo63Z3wqHkW6adVeEwZ,0
4RJyGUzds4e11hAFJmavOY,37
3HOlhweyZyyD8QSTZjI63I,0
5kuUOpHZlZjL8b7HXkxRsm,71
0kTCZWErCBvYrM9CNjQaRT,35
3TTWvQKBMt1SfsPHSnHJTS,0
4ESkG5iVSKtUANJK0NPz1w,0
4aAtZsGjzdMfWSKh5DM4sI,25
1PuQBTDZ6WntifoXDrUXRg,40
5pFmgdBYYVWFWgMi03jl69,0
6skR4ZtK9TWsLpbxTbectM,41
5ttl4eMRPuixvadA3JRNHD,41
2aRdz1goHRuJ2FkDw3vpVX,0
4qqT68UURRP6lPHiI9TApM,0
4mKa1LcRNQILp6xSr9s1S0,39
27qRmG3zOWPvMYUkpPdQ1g,0
6kN06eEOblRAuWI0xUUS91,59
0olw5nqq5I9MNbVo9Z1S2S,0
0e0BqjHEcb6pJAVJ7WZA7V,69
2f237byd0A2w0fLlnVDOV4,44
68mG1MySxGueYJFvuF1ikP,0
0D3wXKkXF8EskL5ipBnYl7,0
668JOhJXCQeUkAsjfREN78,49
4yZI69ElgxddAUGNJjzc0j,53
2vX3rTKKQCK4a86PKINYw6,26
70zg99pT51vB4wlMS7e4q7,57
6K7V47wFpfam2aeE893rbL,57
2YfOp1cJeaPwJCKe0gjo7y,49
7KAveXwQ5xzdHT6GDlNIBu,47
3wZGqsIjAMd9w0nrxG4xby,0
7gkHUletkecTClqfRLKboa,0
4etV43Qb0OBbMcxiLDVwSo,46
7fXl3E41dDq3dfcC07VOgs,8
4giDe2KY99YzVocsSWYscZ,0
4ADL2wPwh8HwoWT6M9fjsz,26
7q3NthaBqFI6s0WnAlnIvq,75
5KFx45L84KmBINWLh6TEiL,58
3ahC30o4eQOsfQ6uHhkr0g,0
3R1yxKhYKoXqaztyQflEH8,0
0uIfrUwwg0Z7KTitul7E3T,61
7JCp9oPXLc8Akz9bZpYZ09,17
5J64qSSq0VZuh0CiI9o9Nq,55
07yM5vxBxAIXWzNqu1BnF6,51
3Rg28MEI3rkePjjLrrw9ys,5
3FKkbn11xHnb2XOsqsX3Sa,56
4TynLuBe1VGcFJ5nUC0mmf,21
6COzxYGgNRD5bP2TGZ0vSB,0
7AeZLGFFa1CYSret0vadfy,17
3cg9A9GVyZAT2CPevqWr65,58
0WDbx06MrYKdtB4fROrdIF,30
38kLHBjtWJaPXcyFhwRVtI,65
2GPKfK5j1xVDDqhIHIx4li,0
2Cz3yDcBoePfcJCYdpYZCC,50
4wW7B71eJl85oeq0G2Qfd7,0
66BJaWvpA3jvXpM5Hjwzz1,41
53rkN7z3bKorDSIxDvqXNt,49
7alOsNr36sJ8CyOEP4aILq,62
0l3spI1eHvv7iyMRSeOgJZ,40
46F5O39iDmdRuwRAS7KR6B,0
3GCLIIJdXvcKfmJlICkTVL,45
4mjfRYk0fLap5v6no1Aujw,32
0bCPJsVGDxPYwQMDZMi4NW,59
73Al6Axo6ji5BBqzI68g2A,53
20pJKlNIU3J1CrvhBr1kQ8,76
0hAxyVU6Nro3equjEQdFq2,64
7rwX0O3RlxqqIjQM8evm5E,75
1NgpsJbbpHcFg9j88eb3TK,33
2CRbiMK0W14l71SpDKqKZM,0
47yCngqUUSQVpw0U4S2yeO,23
3jUBszAaGpZq2Nw12j6bVR,0
78i2QPC8prEzftYZrBjKOM,47
4S8wmEZy12C5UJUU0IQUee,51
4WzsycqZkpkS48H9AAAGux,0
4n050GO5qafy6WP3aDcnDr,48
7BF6s1W1W9filnjQkNYasL,0
1v1rXgg6cJjkm2S08HkY9t,0
2Hw578ePKAt2ilvQWWOxo8,29
5SbVVTaws2wPaqtscvg1JG,0
48PG7tNmMOEcyTKXpP3ti0,0
7du3YUjOcmIsIBvByjkvYa,0
22qY0aRjhuzUUaH9WrvZI0,0
0r0UDwngm74U5ccMQ9gMBM,0
20aJKTqPC3SQ1u0pqUbtMO,0
3FTyo5TQN1C3ssgvKahEDA,0
4xCW2ITZ9DTDa8iUv3aGuq,0
7qFQ3hgxF4E2zHzMoFCHBg,22
206jQRISTbK1vN8GE4k95S,0
6xOya0bBsNi6pwBef1eyQG,24
6Q55uUPNZoep73rSzsjqMx,0
6kVuMP4u1WDFPmGxi1429F,0
2LSt534Q45ncwgyd2sh2kK,0
7ILNaXjTXNJAksRhMhvthz,0
0yuyFNfF1d0G7yH9lhoHEW,25
3tvxoYBfRkpXNEeqovOJju,0
3nzga73CbLw9dguYHOwVfI,46
3XtJwOJQroFfY98WJwzzep,0
7DqrY4tkiK3Nm1DLdYQ5NQ,0
37eLs34jDlgH0h4cUmoZHW,0
2RFINeQiVYWfpo10rF28gi,0
05jTNENU8jrsyAXmvEtcyo,24
1a7Y5p1Ie1kawhy2hV18Me,24
4M2wPuAl7FgUIrUvlJBMOU,0
46L8w4fxIgJFyxLZjaJE1V,0
4DVPJXPqKLIon9BHklap1w,0
45fB0PhuWRLYK2teusTMt2,0
5ZUYlw6DIVzPjbL4H7fG7c,32
4U4LEUWV8sFtos5PdjfDA7,42
0BRnrH5giRwt9bjriA9JKi,0
3EQDJ0MHppNeqOtAVoJqJH,0
3oFWiOzoO6D46cwupbGqUA,0
6YnvT0ToBvUTWjhFwvIgeF,0
4JUJAAWpMMOEASId0N0aVQ,0
6uIynqVA0BicAxnCCRlaRX,16
2diowB7koPDAVSm7RITLbx,34
1ynZh1jVEOyOhlbjHbIUZe,30
7GMszPpwzW9Yehj9Ox2QLD,0
1XKN3VuJB5MvRSlqfxzqnH,0
3nC2W3WTuja8r5XDFSWg3Y,0
1PqD4a8qULq7TNqBYJTGS3,25
2Zu0RM1e8qBQDfVIm072ki,0
6hSD8X3O97Lsqnnm9rKPdv,0
1XCxN2Y9WwLkBb0Pple8af,0
5vBtQYXPl3doQwnlFHwknb,0
6qO9lB5HScamYEOddv0Km0,0
7lhISVP7d3AByvq3KBlvH4,0
0U5TPIPvd8iAWsQ48Vb2Dp,0
3wngJxsQ68D5k6GOWEJsXl,0
710n65RKfq0DtcRxxoQoV4,0
61u7CLDwOodpdENZTTsxUd,0
3hk7R2aaNlFhhepP7CsfvO,0
7eDlTzIJfAsbUtvlfkxRgk,0
1UJU0fACycSMSDDyKtThyN,0
4ogDI1pxczM40LfveHO188,0
7r3oAZHfnjuPNOsp8S8NvP,47
2hyh9YvwFB0cGjvyGk6Sxo,0
4mm8Ia1SKncoc2CKN5OEhN,0
0dw5cuCL6pnmBE1y2LcOQi,0
7C5CJmbJiTv8sRV9uY5qpN,0
4I0R7t0kvVTlqQGpDp0GXl,0
3QTRN8VbMCWm7RTWUJyeEn,44
7KMMRJ4dtn1rFXCXseKzYc,0
4cIEQ6n11b04xjMqZri4ui,0
54NQP70Bn4nAspwZODu732,0
0Ha2AZQ1cHCxycIpmLyKeg,44
4JfmN8cwHrE4sxXrAPPPNV,0
75uMCtWUBM6OnmqKSG3WGD,0
3ee8Jmje8o58CHK66QrVC2,80
7FYHbpT005CqRulSFkBC81,0
4M1McbiEQSJmMyaGjWDXJm,0
6gR20bwZSjSEeXrCMBEOsy,0
3OUPJPD1OmFd8gL7ztY9v8,49
4jLFEYbIYqNWnxbuLEf7z5,44
2b6i9zx3ULzKrNWmyP0ePD,0
2H2pkZBzWDX2TzGW7sp014,48
5WFgOLufm9ZVXwVhFy6OoJ,42
2wK7D7i9bfVt3uLjFsZSEU,66
2XGU82Lx8urLynWSdJ2ehz,0
0WgQzf1vVHq7qMHbD3y528,0
0eo85yo2kaUvjBHOa4iQX6,44
1WRIN4Liz3nmoE5njV8aNO,40
5xdcexmwIyI4PaQmCW9sfC,0
1EoEU4HY57qaITp06TkC6B,65
51CmC2Dx6cvWJxbsdcpu76,0
5vsw7geyJhGKGHPDyEFXcJ,24
0MM4gg000HQECKoUwko5nO,0
0mNeYPJ73C5d4vLG8X2gp2,45
1lrXyBS39TE6tOoYgS6I5x,0
4bdYtEW0Zb859oQWYjeVmC,0
278kSqsZIiYp8p3QjYAqa8,69
2Zbw0nOYZoKU27sOYbrsv7,48
4FIlIWvpVffjZMkzhW1VhJ,0
5c5nIaR4AlqYK1cZhCBOKH,6
3Yk1AGCMd0y14z6t1dQ549,0
52SDL4dHqN4YtBslw8o49E,50
6JFR03uLMNMmZ3vgiXwskq,47
7EehFSuTqX5ufeVwajlnNa,51
2sGAug5sVVIZPbKRZs1nKs,43
1zzaawknHz9bMofpqN1wVS,49
3KQq8oz9Ww2ksC2T6Ma1gp,35
4oAigy8x31z6Rno1EIxfND,0
290een9dkW2WikhYNqsMgH,47
2J3jxgfp6GWoBsMPIa20oC,0
6TesHoNPZGdcVjllhAuKJh,0
13wxWKNLmPCPHmmAkpDNcc,0
4pAKlCNFJE6di1TQYk0N0i,25
4YnxNg5lHjLuBzm2uNy26K,0
2p89F5HPntIfuJ1SnuPoeK,55
6ehHyisIFQg3yrZM0VBzH6,40
5YF2z4WThIpLNNcByTimJA,44
5W6445TK7A4ZU0WR6iGKZz,0
57x0IGrEHEdoy5QMBlcitJ,68
6onJ9L9XvgDuXJab5LtQTI,42
1KfIZjptrvN6jUpUzzRYiD,58
2IpcmLHyI2eOtFpZLRgomq,0
6MbSMSXrSlvsyHf4kcaLQi,66
5UKKau8AB449VK4xnWLg0B,0
2ALcaaW3YYMo08fotltKHC,64
624AL3EwsrgGIp6bdwmXgo,57
1VwHD3Rxkh9GlV7MoDzVDz,27
1j44jBqva5YwRKsbYF3tPA,0
0OWcpVA83HI8Pb5DybDuoX,64
2QnK6yqqcI4Q25DGlDNc9Y,0
6it15CsDlkqB7N4lF0C1qM,67
3ZSJ9dq65zznUM20jfZqbu,0
0jeS8PyyIRAG0A3t5DtL71,67
5nLJL6DLanZaAq8DVkBs62,51
4ECPtHdw6cJcSXcfsXRZ9r,29
0kELB413kQh5WBO2acvnfW,5
3dLiBBKbeUIhzGNeuo5JGS,0
1wdAd6JuFOaFfLbzNXPR0Y,2
73I8DHgYBcQ2MzvfByHKUd,16
6kIjEtjnuvhGuHPhYW7WhB,0
4gETXGy39voJGFbvyYJ6gC,0
1zMiePWukCo5o7LfvmAFfI,3
4qajjURlmtTy1dRrZ3qowl,48
3HgTImJQaKLT4jCOsWjrJB,0
08fDeQNLTu0bZnT6tRcXUP,0
12g7rZrJPk2wvi7UFzgeGR,0
5a2dsl9XD05WBQtSCAkTdF,0
5VXe4JgzaRi49RgFhVFfuQ,0
3daKw0CwgbuSvRkseIMiTK,0
1pOMEMYb6xf6m3A9xGeFAq,0
3Zk7RiAdIeNoRS4aSDuBA0,0
1EDp2rxkQSznqL2u5H5Z5U,0
5ATPmYmebwGW0BhUMI1taA,0
44nqAv5AJsgNuMoBkgtl1a,0
57GORlpaqvtmt7KsEup7UU,0
2lFRdmPzu6MaNf588z5od7,0
4eex3lCsrRlUgwue8C3R0O,0
0rG2BChMZVu4thkwM7i7Y1,0
5jaCENu4mOuHJoAyAbVLba,0
4wQSqT7IwKU60WqXs0qLdO,0
7Iace73p6DR3nzZPmwnjpX,0
3syzTZ5e8XhloHPecsOoDq,6
3SmytDq4CeZ3nKE9777qEx,43
0Czg21zFuXypqp9S76d4TC,0
7yle4EK9gfIin6lQsAjCL9,0
6CnxdpRiwZHxWFzeEkPRHv,0
7t7HQLZMu0E9ljRCmnqkU6,0
4xoHBWqRYCxRFvAoDV4YDt,0
48lOCW4IXLIS1h4nzA0tV0,21
3bW9ziSoYVMIAB7izmxKSF,0
03RgUMMhlJNQdKKMpWogIt,0
5OLFWs2w0Rbujg02HIDmip,0
4ZkoVCql1LeggKfufm6PG7,0
7lmWLVGB3A8w62J6opghk0,0
35a8WpjqbsqmjHO3BL3W9N,0
7gEsNX68VQqSReCmpx4nkL,0
53OLyqsuHE2Kzhex8FdBQu,0
6m0ea8JV7U0pkCV7UAPOL9,0
3NivHilTTTs8SQwp51yG0X,0
2b9l0MfkLgkBIi4Ee8iinZ,0
0PjIiWo8wKw6frO33VXdOC,3
5by13EceSIj3JLbSQDvDR0,0
5GHYC1l4PPPfL30CoOuCvE,9
4MHQS0NA1D6vUsepLzi1ox,0
4IFD94sks6j8Bhc4XXIXnz,0
78IafDC0fc0WB2NmUTZ7xe,0
2f9DXoTIgCp7XroN5jY3qc,17
7GIX1WStJ3Ca9wmlTajYFz,0
39f1irYFzZL2QKcHFe2zFY,0
29a1MGb3WfxfPUUQl40gYA,0
7sAJ1vUvwOb6qGx73SOrJC,0
3RTpju2fAuGPRLRW19zRDC,14
44AIhFBXRCwSrQD7RQSBoz,0
13UKSWQZOcHltJ7QBiR1Xt,0
0OVuPydvNK0mYkv9F1379v,0
1GTltgLJcpidR2q2Hlz3B2,16
380kqOLJFYOciv38ELm3jr,0
19UgUdi5wEziJJg239wPYU,0
0WEgOlUCB9nHPsoD8Ae4Zz,0
5D9ZeU2cczxUtzRDTpqLQZ,6
7MD5qMLhP1Xll1yACGFR2h,0
6GMpuTTdPQSfgLaES3istZ,0
5ZV4DlvKZQ6QHbvKWKtnhj,0
1cp8YZVfVimXJc2LcaFjK4,0
1LCG7BBh96DUUV6MuQhFad,0
3DTGSsmqbK9wIkdse6aWfY,0
2UXd7o203nuQXQiZRbYCQp,0
1epsUiCmy5UvIIeN5QpKwP,0
3dHJZqFEepODAStr62WGPD,24
0OsylRd3BPdrqKcy06am1w,24
7rfAUubPk9BrBNFApLJZcy,0
75AFr8ZiYTy5hxON1bHlwB,0
4ghPCY4RiRSFdkMhZDAwjd,0
6IzDxUO89KXpmw5Oqt1vcz,0
5G126blI4eRnbpb8PbPSH2,0
5IUUqAHVeuy5z1gjcVifJo,0
0OMQmKShxeq6osRrukRwId,0
4K9xid96G3YmIvQZXN9SXg,0
4rCkOvQzY9ho7lZvRViM0O,0
0wpTXkivIBjIw9YfmiDLi2,0
5jO0lrPKHfhqRl2NcCTiGC,12
2ua4WUIpQEciGWVUTPiCo4,0
1HtqhI19YOBclfQvyOO9HQ,0
6cSFenpNCXimCdnZf16XRU,0
6U491CbWdIA9xjsMS6LhKp,16
1s2xUbLU0bcNRWKK04X9NO,0
3QgbEaUUK0sQsDzpqsS1No,0
0RTS8C9bflJF1f2aZh5muX,0
3GWomAWy6PxtyzlfqKhTIl,0
55OVm2ZfT6oj0WdN64tSws,0
6ACRvx5KyZARgR9jwbPhlh,0
5qBcafzXycpvGKiKCfTQjd,1
5cZxMH8hF5NtPu5VINBmVr,0
1GRylyYKY3M9IRreLN8d0Z,0
3Jz9ElQlyRUxuS1K2kMb6B,0
2YaSzINHB1xDU4zigrtR5f,0
07bCARhk2dH7hpMHd1DUJe,0
4fxeVw0mf5eHVvunUtcVZG,0
6lvaLDCPjbxhC8EmNVHfIO,0
6HVDEt5JIvH2VAvz0AtB6r,0
7qqoKikbfX9KvlVUCY9qKO,0
4poqovyJtmlKMDnSz6QwsE,0
1W3PmIlBplo5X5T67yLmY5,34
7JUvz8eMJTJYJ1dHYUcK7y,57
74j34STf8L6uADnTN69ohv,72
3WnFulxNJtoANf4r0FVkD6,0
4whKi0lMYWNiV2IZBkTbYB,39
7wQQLVAxrmY4fox5GKasHX,42
3YntiCUU0Xqq0B68FM3YAt,53
4MxYiw28F30NGOaTZ1ySqd,43
4RaWbMItxVbuUExNkFsITP,49
3iQOfefMGDVDwo8dZoco8T,58
2sS5cCGcwXrSl7hQ8AL3Oc,44
5NOHsDSfLIH45y3i9PfRyh,55
45tGi5L8jSUDHy1RC714jl,47
64IRsSyqwD0CBbFAfrR0rT,42
14Q3OrXMvSTCJvqeSNXovU,28
3C4KPCcAUNRviPtazWy39H,34
6AWKtjjv0R9WnYXqbokH12,33
0iQmZXv7e8EHcmJmHpZX3o,44
0oeF5V2gTRUnAdG7BtaABA,20
7vE3nlnirKZ21FRqhVDyxa,34
7tjlKy75efLaSz5JYJq9Ru,35
2y6EbYibgxMVQ0T5YjZYWN,43
0qZ7oronoocHdFDKGBdgLQ,34
3EfqlNLh9HHLh8YkmezU5h,56
1NkNSncDRaf3VSlNjQHTa8,0
3rZxzqH3vl8yY0BTL4lzxL,35
3TcHjpCQ1s2l5JErq5Goki,18
1UPv6g8BKczPfZpqztTTiT,0
4aN4QlhHVjgvXYkF3hlW2b,59
6W7rpcXo9vWeDKY0HWM2e6,49
4mOXPQEZLD85vyLCfOWV7Z,41
7bKssEnDzj8sNo5gOuyJDl,51
0lbhKycRyqkOMKZ6thzfU4,52
6xKajuvfA6d4mfv7HhxYp2,2
6qhgi3McyMuwZv2GLR2aHP,0
4EnBmpGjcTOG5FEZa6rz83,33
7busfkOzRWvXsi009i3FUO,0
3khq8mtUyzJ0PHrHMItjsy,0
0qkSoNs7zsJDOhsgORAzEf,2
7vVBHIVPewg2rCkiSMFquc,46
7IzzrvxEKHgdxn3DIAlrfe,0
0CVX3h1ogdgdnG9QdJGIyQ,0
6yUFTkvNvLbDR3g0tHmQhx,43
66HnjBqHKWinYBFkOBJkTs,0
4xwSha5SLJKvwftqZ2gky2,1
3ys72Tl1Texh8GM1OKaKor,0
17XGbXoJok4ePlRZM5wWOm,0
6OWwrGLVeyTgVqJK5j0rT9,53
6Sf5gfWy6LzGR9H78Gu4Ss,0
10fj46VSvjIqMVOcJl6Jsx,39
4hyZR3YZVYH2jJewwke9ja,0
02fPJUlHDeH46EB1dHrgmZ,0
2fY4RMsZUohBLEIH308TDT,0
45qpVdZAbONKliwh1ZD8nK,36
3vFbJ2n0sNzZG2HCww0BF9,0
6DCGoIjwGDCb8EqmclJnRU,0
1JY48zKQs16W0necdEl0M8,0
7dEaRbHa20D14l1w55MOnk,2
42UNOIiUgrUFvwZrVDGxvo,0
7jJV6hcqjD76gbu7TG67k8,0
42NACeANuRucHuCOFL5umq,48
09QZhXZMOAWdOvNFZnJwQ9,2
29Nzo1DUgMGtxU6op3ZI9n,15
6F9BrSf6kqJkV6Uyq589uj,0
3aozFlnbP7zhcJKi9O0FUz,59
2eKhpw28jNtU4y6gViw1of,0
5Z4t58Sjs5fFj8LhlaQu8d,19
7791eaHScobUflcXYVvxpt,37
4OocfNloIRk77ncIKBdYwb,44
4jVl2SVUJP3vDsfHo0JDuL,34
7HLHYxRkEAWr90BGYxk15F,0
5DQGkXXLiOhf5cKqIyWh5L,0
6S3yaMAF7jB4GfjXdYLsD0,0
07VwdDnNr05uJGgpM1IG40,0
2Z4VK9otSeq3MxWcEgptUa,0
44CVGn84afMnxEW1qKylzj,0
0mAkTqg7vQ8YmpQ7o1I6gR,0
7emaYglDWhc3lznTFTHUI4,0
1uARbfg2RXPtyr6sqVQUif,0
6ovp1nCwIAOSMotiCF7pjk,51
5QfIdFbxudo54CxtXD0taZ,34
4hiPAavWW94X0KkBBgjuZa,0
6cmHSmje6WbmoOA05vqAY8,0
4PNKgqXRmLMPC14Xc0RxME,0
3hflsANR6DqnHfZ2Tiv5Jl,0
2p1AlnJxp15v7ohNuLwjbl,0
0pbuqDgYF9EdakzDzbUwj1,24
3JleotllRQS4U3mtnU1bcm,0
60AUuYrFbCBnPvDfofMfVF,0
32wu5s9tP1nLebcwWpMzVJ,17
6ORBymYSqdRRqAyZvybcXq,18
6QtHFf8596NM5x7Y4eruD6,27
78JOgfFQR1SV1ccX27Nt3U,0
1OY4ildJ63lTrXdBXsD2J8,21
5HrDKcCbir3Wh7quStaXxW,26
0j05vXv8kjUAg0rlhTvXCJ,22
5i7bwIFZhhj90GjgJJnNvj,14
5Qf9xsjIGRXnltWynliPv2,0
1ZxoxIitY7eNa4miQ0YIws,0
3dhhGh3asfF8Aq1uHzkWy6,4
6lwxNGjvD1pFlXyNI2h9aH,0
0nXVUxGyjGsyrIQzHRVesF,0
2oGgraHvZukQ8DSYivYF4C,0
3T5mo7mlf8vtRrtEPpOFmY,21
4G7zxD9wKSKeAEjbKF0fHs,41
1Z3mmjXCO6hplvu6l6JVoY,0
2tk7Ss2XmoafVuzg16OSjP,15
72XViAl7vmQCa8liuVZjtg,14
3K01yfjGY0NslZrXkWVAtK,39
7cVaF9J51UOzVIKzIdLqNn,21
6gHG0T5lelj7EluTAnJ2ox,0
1Bhy4eBv3f3m7cXQxyQVZ6,0
2W9QUD9YJ4SERyzu25IwbU,36
1ek8QU4pMSmCp7gVOWQn7Y,0
434qhYDxNYCvwimHtlSNvF,29
42bzfcGVgYcpjo2kebQZXh,23
4aHJNubSv65qlbKbvRjdQN,0
0kpTzI6X2woiehn1E1POPL,35
2EnQi0R57tCOrvQKLsEQX0,0
1jcwCL4SqL4rKppUYr3dPK,0
7lqwJUdXahWpA2lTb9FUNM,11
0PCCk7RBQUE7RsoUq66nuW,0
0HAzYEBoIzW1xlrYPGqgMi,11
0maasxZd5vifqAQRl2zRJB,0
3E1tT3qkd1wXEUtFLf6Nqd,31
4A9dK9lBwaimjhgwEcv9e9,0
2MEl4kuNaZZZrVSaKQW8gy,0
5qQf5CL5g0MBV4wqNes6f8,0
0NzzaQ0u505zpG8IAZQyT7,8
4rXcWSOHjExlnXCCbAPxIK,21
2nTT6AoxJnuVrncBzbyWnk,20
06GeXUP9wtq9ERhjx56Blz,0
6lg0Md3xQ7U5EYAcsnysiv,36
5N5hZYTM1yEFUw29fLWuaI,0
1K9QXJtypYRMVrfHixmHh3,33
13nCtj8Sf65eLh3MswcxkX,33
5IeK0mLstlvIiXdiE9AfbN,0
1YAl8UoW0jppOPAGugF2Kr,0
00ppj2gGs8oxhGnTdejkzD,3
61vWNSNihrBo2LvAfipWae,0
0BDmyy2xonhhvcl2QDg2Xh,0
2N5Tom7kOk3RUfhKrsPLOg,0
2sM5KAvI1jQPcTJk9ov60k,0
1Ezrl79QX3LqBk9v3qIdCl,13
3A1fJKVctpV28WnnW5xOsX,0
3vxNh1kdvZ1nUHYUwKNStI,0
7j5RnZGuY3b15moXb9QH1B,9
1vN4JlO0tfGJG3Jm6tnuEk,27
74leCkl7rVK7GcycRrc9wq,10
2SauOAYxHXtx70OJpQ5ZD5,0
249tZu7AvA3NtVUn6QroPQ,0
1sMk0UopjQ6CCGkELtY3VK,0
26h1Bo0lH3MWIBYhRYnrwC,0
1VBZP9N1jmYxjqKcq7fSqV,0
7r3tmo5lZ7Byl87hHiWtIw,0
5J2drMLuVDrrRr6nQBn7Zp,0
6O1Bitx3ED63QfidpF5yHm,0
5NPAcNocjto49aEwOauQJq,0
2AIRjuG5CsnyfmLU0LhjgT,0
55dObqJybLWm9O06FBDLCP,9
7rSG1epHwcN45WaysXjH4i,15
0mF0qafXLfwpz00zxHpsKG,0
4wfQ0EygzWz2v8kbseZKOZ,32
6e0QDCVxZQTEQaQJWcgo74,0
4E7DVqv5jomWyJJB2MdONv,18
7ahXFdM1H3hcm4cbVzQqii,10
7uaSDIL9QzabF2Je0FyDZ7,56
2Z1qVWjEyUipTbgUKOKuGo,26
3KP9WKBC0RiV32LIFv0ofP,0
5Q5wAESjio6RyY8Cfhn6b0,29
03pdIdVHMM3KImjsHN5R58,18
6Plaj4PIEiwnBwJAtKehdy,0
56hnDNuxqfaOPTCR3dEZ70,0
0j0W1kwvSblvih5W5nMz6B,0
5mvXiroNv8swMbCaKOwuuN,38
5lHpSim9oK1BqhJZrG58k6,6
3O2Ebqm1ILOHYTB1Nvw3wP,15
1axYKkAUrZbB1axBahVM2J,34
3QP4PFk6ExkTlHQgfOHppJ,17
4lDYedHtcFwkMTVwpdSRUN,39
12VuH6dRLKCULFpmT4I0R5,5
6GAhe3wXCDJP1RK5lZLyjX,45
233z7HPqgZKkWxKboFWHJx,9
4aAPfEpk7aZitHRZamhptK,0
3LFIaHSrgvoK2K24WFpdZP,0
0gsDBm94QELEJAcGS59f1b,38
2L6gb2H0z7RnzXMmDEqiiZ,24
2qHLzgKfeVZebpQLtFzLkN,8
58rSkwn0cgv9r9K7HII9u0,31
453dGhtRLuvY2UHAiItW1U,0
2yomYD3EFTO8OBr2BYUW5l,0
13g2BZK5DFHcHYRCPLiIDD,27
456w57RBY3nDKMs82h0SJC,32
2TyGVInCFqKCNflq2WcQZW,23
0trI4oy0dayuYLeZioJHQg,0
2oUKQWucHUVXPV3IJWayk7,0
5XXRjZSyd19EH48njq5fsq,0
0uiacvQPCC2C5OdPOnyIJy,0
1RQ6Y5q1673elHQHYRfssF,0
7rwW1Si2yr1dlLj6G2eDnU,0
46DRoNt9pP9zbSJGQr2tLT,2
5qLfYEIyjFZ4OSoaVGOcZ6,25
3SsWKfFrXaJrjjeAQOx3fh,33
3ptqFmz9Ssl084W1mkz5JT,9
4vSQiyuTOUHvKM043BGqa4,31
75IY9nZFmsCI73jFsX26BO,0
5WivaHVpx0a1bPcqrRlUy7,30
6vVqy8Tn3l2yJqBgPU5g3D,0
1jBmW1fRXgLhy1XwE0SJTN,40
69SpbQaXZIJBpRTGpzGERQ,0
54ogQbfYHleYBHKY98byI5,28
5ujyPj2JacvOyTunOQZbiW,0
3tT2PZgfllewMTwzFLCnbq,21
1G00DZUnE6AxNnaeayp9HB,0
0lUDUlWyQp8mIK02GrHGIn,2
1HsxZYc9fjXxAlO55ONF6w,41
2upeA1eDVdtH4t7zUdGULn,16
2rgc1noO20topqTWiBxUyJ,0
4oV7hMDK5c0AAaLJycnT8F,0
6Kin4bZcZM5xMUlgWnr2XH,30
5zdbfjCVtrAUwWeNFsE54s,38
6ynx5dW3xNgZsFI3L5iKfS,0
18fBHoqfGBMsp0CnuNwm6y,0
2jsoYU8alMsW4RUPqMW0Lp,0
06cX5CpHPVUYnEJ2UupXXp,22
6aYuoXa9VleoNqiq3vZ9wf,4
1nKklxNyHet9zYDrLsYufT,20
4L0CzdxeWUV9iKGUEFVRMg,0
7gYwLhNCMY8JHsnmXh8gOm,39
3ZN0KYVn1Ibfat7x3lwIAT,26
6VAbBF9tzYLq7BJJax9fEH,0
21XSuhXrp3G5bXixJB12LK,3
1kg8WVYDnes58GOJgwQVFR,36
17arbOEI0m070vJ9ILOmAR,50
5EXE6f9AOYgavIAcUfBK2t,0
4VFld1U9CQV3PIGRfZWt9n,32
6RTcqvVW3VDuHtwJ6ScvOW,15
42G4V7gX7cbV2O1HBVanEv,44
7sqnI7oQSdaA12yXYKmjZR,37
0BRakNJ3ZTNYKGsJGQpBc4,0
7D3kr6L55Biy8oLus7MkQ1,0
4Kd0Q69gdruXcMsTEsErMP,24
39prUqVo8l2P4fynUxkRpx,0
4bItHSfKpxbbVnbqHBwuqJ,0
7y5TBbPugOXsBZK0ZxNxDN,1
43XDaKoXkyETHM6FrJbfHg,0
35BgOIy3nEkEOsIAu6A0aV,37
33HlbgacEu6HqVln64Qkz5,0
5bgLqAfunEaExdIzaZVh2t,41
4zZ2rPOa8itw3VuusVSicv,60
5jXbLSVG6PDWzVisByy32z,2
47FQoQWiyf6SCn2tRkrOX1,2
3oIr6neILMnPkN8AhyHjKU,0
6KbcU0uIDHFnOSMIO5mPiG,0
1i8RYYpVX98dL2rJyPo4sB,4
36isOggheKbLhjSVJtUnnS,4
4UTdS9XCIesvyWqof7PBKd,26
7MvJpa1J0PV3gqkkIBCMpg,0
2tgTqKVSIgg1Jhgv8d6iYg,9
2hRecZEvSXfGkSB40d4CaL,6
4bvuahcw0Xj29K92NKLms5,13
50UCuqOKxSCm2mU6Ci0lp8,0
0ASiR17kpfgI59yiu7lw99,20
7L3m2Z8yi0ZQbWViF541RC,15
49p8H214EdeK34rrqCXwi9,33
0fDXd6UXam6MUuaK8lihwJ,32
3G79AJm9H5lKnngSgBT21L,50
1Ini2DN0NNL1rlz4zIovJ6,0
3b2TIh9kTfeCS2ISmFTNVJ,0
6vqQdAqNwmS87sjgiaIcK5,45
6zXjPUNosoQfTR2t4wgP8s,9
