track_id,track_popularity
5mWSVCgeHbSmTmuMV5ES3S,0
2Ee22x5KHPEvrGBIx9AdOb,0
3y4YUioQQVCZriM2RjZIik,0
28qOm0MgUE3hJfO6i84Jls,0
6cAbJAh1AeYBLAMurtyNqM,0
1t9LPKYNjcFPTWa2moPE94,0
7a6DXdC46FGSCNT4hLxbAe,0
4XJf9EhLAiYkGeuGHlqjzB,0
7HRv1sYuwgoea1m0JRvChV,53
3Xvu5uFWbyHd0qixrvIxxE,33
4m2lVqfPeSTD3azgBJHowK,41
0oLQRGhq7ltPDF6ThfqQdc,36
5Jp0avXwxgYt75sjxQJxWw,40
6ntPF24RtHotzc3FhcFMH7,36
0yvxop3XdQyWStwvuYP4dw,35
7ttVZD2510CE1pXJPJp0OQ,39
5bknBRjKJZ643DAN2w8Yoy,57
1cuYCAodLWgzhwE2KFZ8rC,52
42tBlHWL3VfDkUM2iWcc5p,51
5sbw5zIz9ck2pOEDXUR0QU,1
0J9EZZN0znLQQHdN0psE1g,14
7obSMoAYdFApm6TDwOM2PZ,21
45rfO1iWBUwA8Ax0M09QrT,25
0OMUfNVJpO1XvNkoJGYd0O,33
5u0qHECqaCuSKflvmhrtil,33
3ioO1rdo59SI3LJHMXFEiU,35
5r42z9LpkdDAYe3bmbnO5M,8
6xCRvXyriAqWq8NriGPJfs,34
11JVoLR8rZUJWH4a7kteMK,18
463AfXA68pQHMNkwwcufP0,13
200EPjGjnQegQd7ELfUFrs,0
7vxc1a4aks0RqIbNhBYjlg,0
2uzCfFYh6tSNFdz14ZIf3N,59
6ydEhrdfzhI29D2NBAqUY1,49
33FybgXmvArmqOSM82z2ow,38
6T9Cyj2tFiV1epQbQm0Gb2,23
2OGNgRsvLuSHTUUkrrgc0R,0
3S6t72eOWJs6NCAosqrCq5,38
1mpeG0e0lTxMRvgjSLrhnR,52
3hwRqmhC1gL2Ut6OMtKbQJ,12
1Oof977AMg2ZHlTPrLAIgI,11
3w9iGq39HPSn0b2ruJzik3,14
5o8h9JDwdkyxA7AabSz2FU,0
6TKdsVl3GeAJrcuTGbvUzq,40
4nrQmXHiGhlWDyAnsbb6gc,0
7FatiZGYaVwy0QnUcgPwLq,0
1vgkVUPdCcsqc0Y15TuFH8,42
63knvuoSPpfzIwdDuWRSoV,57
4iImxqMlF3CeNRwKKua9jn,55
5fHXbmrx8mfOT1wfSa1Nc8,37
0NqLrzqEqIzb8OcdFOzkJb,0
26BZKHORndZbXNbulXZ8UF,0
5iCaLR191eAHNxxlfKzK9f,31
0O8Gf1dTGNbEaSYSGk1pcS,38
7kdvfkBv1j9PbzsQNny0lu,39
0A27Pm1SdsQbceOPH2m8SU,40
7G8AYvlLgDNnjHfWL8YikF,12
2SawBpFFv3ue4S6TVaGamm,47
5RYSQDIq0ZPGc03ZnUut57,0
4lc937nnV8vRbIF7oJznNU,0
2L8CbWUKw6STcElCxYcZHS,0
7dSU9DPF6AhYENKM1bdufQ,31
51sRQEtuLqrbeQVwoyMUPe,25
2YhAlfB2WvSGyRxF2JC1Sw,20
7jcSwq8YsO0zwbvQ9Xat4e,0
2ZI5JFjnSKm6Od1e6VMR0B,26
67WdnyyuP67Y2W4kG4lGrS,45
4SsDy47nzkU9FhqZkjPXvS,19
4jvMuFxN3HVhVU6pz3vVOH,0
7ga3miIC9Hew9g4M3BsL4Y,0
18dnWJuAG1QkexryWE4lhW,0
3GXo1eWlT2flv4x01l5OTu,61
6UkMcAA19lTdjs22jtB7o2,63
3APlBPXmTYV1yZO0dngkdq,0
1NeKY4qWsCnhY8fvhwQa7q,53
5h2jt8xsUhW06rFv9HvY7N,2
4hq0S6wznq7SHDyMOFXL9i,62
1o6DclZHw0HomxXEQR1ijX,55
4KcE3At063Xyleg2xGzVYz,39
2wibvZtPbMFbZf2lOwnzeK,45
2LUVo82IKIpCuBNSaqF0G8,48
3qIFYKztoCRa8I4a5J3BLF,0
7g4I3DeFlZLeqMjw0ONBqs,51
4YOJFyjqh8eAcbKFfv88mV,65
0CmIALzGn4vHIHJG4n3Q4z,0
4pW3aTX3kAmOaPJfc9UM12,60
6oKyVzTqcAq9UE9HeIfo2E,0
20JcxdRw8gvqTY1EEpYxHb,60
6MILn8ouz7GyrutoOLzWIF,8
7eu8WlAizBndJ0aOpOyNka,51
5qyq1H5OPMlfuvZQ1wQNo7,66
0gtTfaz5zzbJA28Ypu7k0W,47
1hQFF33xi8ruavZNyovtUN,73
0OwvrdjaJOypNsNQHyBWE5,63
2pbWkjtGtjkzBdZ95GFINm,53
02gV5Zc9ctbZxD1uTNIok5,0
6ek9SiEj5a65WIs2EV7qiM,72
6b8IKVufOkAawvQVguQxmo,0
5Vrczz39CvlD3OGCa6utoA,70
5lnLxpRxCDlqedyWgkBLOh,48
66BjgQodHebiX5QGpBAjyQ,52
3pGnvyd0UBaFKF9PYM2ULM,0
3pf96IFggfQuT6Gafqx2rt,71
3IRvvlj2KpYoH76mLacnsp,19
1VKPiQJnV15flF5B3zeocD,62
57Y3UccJEJqT8w8RWkUAz0,3
4cVHMHgmWgudD399ZdhQ3L,67
1GqAnfNhm0sCGvgo447IiC,0
7hzY0LHz8KdEr1PowHhbdu,0
0WSlOSMLJWoWUpWci9nnRb,61
1SfQCY234gf6C2dlyUUMn9,46
6sPOmDulFtLzfX25zICNrC,4
27K3ZDS5B4fwjhwyihrdzC,0
5bQduNI1lNfkNbDCKhBNX6,0
0bfvHnWWOeU1U5XeKyVLbW,80
2eA160jLLoHiJKOqvOFKJt,51
20VuO95A8RxUPlShnfYArW,61
5RxZ2t9Pujgw4a8n1SBVkZ,0
6gJdDnF2TzfA1WPMXuCa3x,67
560rREKGHgFwL4IbiLzLuv,0
7DJsL4jyXA39GDiHFQYQ0t,60
76ICmoJ4PcoMWoooaTxnQs,64
3qI94hINNNeb4S7xQi18lS,72
3XEtw7t4V5sfd2vtkp0ql7,0
66TSoVnJ1P9Tyok03zUlTr,52
0ew27xRdxSexrWbODuLfeE,1
5XVb0qfmmkmmsyy7j8oObk,54
4c3HJBKJPjQSnXVEd0jNi6,0
4qYHnP5AmKzXbJhciPV8si,66
5hMF2ottumNkh07DfZkqyI,0
6uqTETWok9npbL4c9cuLVh,57
1TB0dZqFRQsnf4fLLLRKQV,53
7ycU5Bxfn2fIZjXJypfdRM,55
4cgodXjv4TfrooNQxvlO4O,54
4Qtgcol1RusUoDzNVKwvHT,0
0awnfJ4I7eonSL3IkynNR5,0
4XRkQloZFcRrCONN7ZQ49Y,58
3ZxfehzRtB3oJcBuxWXFZQ,56
4XsH9zBWPOCdXoH9ZDdS8r,60
3K0SJUQNbOkUprTFcwwAKN,62
6uAhZ4LBKqJgrfengXuj9z,0
2x1LQq8lsUzAA2wNj8yjC9,59
5VJjhHyG8NZ5xdgG6uTb3P,67
74iQ3gahRTOGc19bYadBE3,55
1B7TXjTmtKVEzgZMjH8EEq,0
0nyrltZrQGAJMBZc1bYvuQ,0
5uuJruktM9fMdN9Va0DUMl,73
0RgcOUQg4qYAEt9RIdf3oB,64
13v3siPyvy5TTEZYmGPPse,68
7zrPswSV1yxrill5OyCuaU,60
7pHh9sGZfb7AMoi4NLLYTo,0
1jDOlilttG1vKtZLfwFRZD,0
6Ie9yuocD61v7hrh02moc6,0
6igsoAR6Co9u7Rq3U7mlOD,59
5mY4K0OJsYr3qq0mSkUtiO,0
00PLtXXER1XcTRZvs3LioS,48
2fmMPJb5EzZCx8BcNJvVk4,0
0nAekUsqPk34wgTyO2AXdj,0
4nsjsaov1d0LvyOVPCaXRf,50
0NRP5OIrTcgGvttJlSLO0n,56
5EDTdg6eLRK9aByNMBWCFk,43
3Vm5NxQWmQ5ozZpIJHjFaH,33
5d1Eidz7m4vdgHsfZRKcec,27
4lPvpx8AgI31GsZP9HjkGI,22
2PbrjBe3QUMYqYVp118CEa,0
3YqLyRFwjGuPBT7EHoyQH7,55
4pq5g8DHg6lX7gDqu4OGlg,40
3QpkDyuXdjxhIyLyKtyC6O,66
3K2VA0D9DCYn0BCzFSA2Wk,27
5Q9syxX74CVGr7QVD0OjTU,45
1O094iJovopANx3FuAZwGQ,0
4atuUpMdGfq9JeRI6OQxM7,39
6X4cn36DnNt8G1Vh3syAFm,0
5t0JbiIajmkJorekBSCz6S,23
2P2Y7WPjcjFdlu80Ek3PbW,19
6Xj7MDchs9I61OnORl7tMw,0
38cV5MAHO41fMPrJoDTUmG,20
1lTsRXDMWFbsFjQGkbL5TX,0
0BvvhRyleab8gLZLU7QrhZ,0
3XM0dIafWuy5xpptFGytiG,1
1hqa2sNPPzrKMxS53j0wUS,35
3HQ4sGEFGzraXCtahHd4qK,0
5uKJJBJ2JOV7szFXVP7owi,16
7yjG49vtTdLq773mVDZBeJ,0
0P6rEMtNTzE1Sdm2NzhwhY,0
2iQVJ9bu5GealpviRTNAxk,10
5mBz4PrFgKjSAW0YezvJq6,16
3EaEZXAL1JIuV69lig1o96,0
78EBbRbTWJccCXue59DeLX,0
4rr4Nn6XyXb4NBoZX4eqX2,2
6RtBJYQuduBYuDmX5ww6rW,0
0wryAFpQqHTvhteQx7ZNp2,44
4UsvFkPMlcAqNqu8BbVgaa,3
1v1QA8Qra1mIRxP4ergLWc,0
2157DbQsErKQN45iOPETHc,23
7jlGVKeRzOz7fGk6pSiPlb,45
7LVleeNg62dFCBQN4SPAFg,0
62FCtdHru9nNAJOGbzObi4,26
02lKOFa7yzU2GLmLyboMlG,20
2mGcVoOXeVHwwACz9GulPB,17
79QSGxjHa1y1XQVv19qTEh,22
7GZTpOfTQ2EItCmgE8aL8Y,0
2iUQZEBA5Y6gSotp2rB7yS,3
5ECN9eFLIZKKUlNxloxcZ4,0
7xeMD2bU9QrjrPRYSvSkKn,0
1LUXuBHT3gaB6KiPxCdN8h,0
6zTrjuegh6paqZfyYMLwro,0
0IqWe2tdLQw9Mzf11pNwL4,17
16lpdasbawoovaVf0gTbmf,19
1uxtmJsMCKnMePddWujPJv,0
0nBLYKiFj1foqlxi2YPfAa,0
7FXjPI4dE1Eian6Exy6VEa,51
72BaF0PLFjyY5mylb1xUFt,0
255FVOOvsT1KAjUeqMfc9y,17
6jxSohQQyE3JsRSoKh4OTE,0
4iANxSIDT3kGekiquMSAgT,56
5GNT8tXCqPop8K4t3hvVaH,0
7jgQk1v0zXUDCExg7JvFgS,0
6i9ToXS6CAfjpp8veBklg1,55
5qVUca7SlFqCoo4sP3AyOx,0
3Vc8vnid3noqupe9PvUKxP,0
5o8lxcSYAj8uXTiIHoyyA9,31
58ASzIQ5TBNQuAvCOZorjF,56
2YJ7tTicU1vUmUjYNJROrv,0
7nDFTHHwfe32a8qdp9XqPy,75
6r2JV75tE0vNgNCv4HKsBC,57
6vaSStNN5NX4nJ4QbRY3S0,0
7hpJ9tATWb2vztlq99hERP,25
1bObrsJGW0UCIGZkvnDqbe,56
4CxFN5zON70B3VOPBYbd6P,69
4Yxc55NX3tAXC2mHRAhtcW,79
49Zxa1yQ9miyQSzuuKBYq9,48
23TPP1eeElFfvYVznskwCY,63
3eq83AsxUcnYS9k57MoBbE,0
11OwAR3GlBj9E35Cznf7Lj,52
50p8v7PAXUBoD5MzoZdr9s,50
5fgHQws1Cj6KDLQmlqM6lF,47
65mPCrY32YMQlBnmWVrKNa,0
0LDFH1WLQ6NPEMH556LUGs,52
3iH29NcCxYgI5shlkZrUoB,4
6qL5UWxRSQYml9O99ozoLv,81
5rWjy4ys7LdinaFKZQBlZh,38
0zhGp6rH3Em8VTS44hTOmT,36
59BztobCBPX9vKncmSjgkb,14
2IbzYGcve6P1QV94UFxtik,0
1NxHgM5nOnmqi3KUVLbaIw,66
4km1hd3ZGIP4V0cYYkB47S,33
1hCTxutVVYvggAQcUUUZAT,55
2xnNgKhyMl9MxBmRNGnBJP,27
28KccB3Iw5Gg8MjKewEQFW,52
179sbwZCSbDOzfIj32sjJW,35
5Ck2pBM8zZNIjIxeiEiVvy,41
2WXyBlJYptmmNUcWn2qYV9,22
4lTLA56cAilcRXpZWCWyS2,37
1o2E5CwlBWuVElc41EqOSU,54
1iiehnBysGi59zXYXIuKQD,0
7nv4M6OoCpXUPDuuRyUPM9,39
3RIgHHpnFKj5Rni1shokDj,73
13JjdKeIUy6P916p3MemXn,0
3VwZqgfrM3xb1usuLprkTu,0
0d6bZwEAi1XblGRhnzPfgC,0
5r7OKhOQl2vM8SZnCXSQk1,49
53KFMdxzi8IJDewiql1Qo3,52
4SsWVvNKAHJP1T2bP6d2ut,0
4S4Mfvv03M1cHgIOJcbUCL,69
711gGx1GpUv9YW9KTSfJfH,0
5YIVVzQcJG7pFhyNo0Ytlh,49
3onYsieuDICdVt5ULZSExF,68
476QHG5G8xxNI9VHTBFfjp,0
1Z7AGDlHCGjOOOF6sc4OMr,29
3O8X1DE9btbzy4UH9cSX9a,0
0EDQwboQDmswDRn58wcslg,0
36zqSzaPzQWZYDCNm1klgY,50
52zzYSu7RUsSFn8cZlVjWp,56
7zTTDkkLkJ2iHAqq1daDCr,54
068XDWvE8tDnQsKo8J3x1Z,0
7yMYqHqzye8vtyiHqdVlZw,0
3bCllR1v5AhEwm9Wl8kyBT,0
60y3oBiHHIlOzUFZRWP6Ak,48
79ap7oTftmfgDUBUsUcYqt,22
4oU6HYNtuW2DzjgyYrOy8J,0
1DXvEWgI1xoxmKv2Zd3pNE,0
0qQ9VcVPkWDTnff6HIhISU,0
48YTF9XxJiiFdTa6IpCMpq,0
5P0akv5sOt042xlwdZ4Eoe,0
6K9QPIt8AR422heY9O372w,0
7KkaLfkFpMErkarBZivJbP,0
0Ws3ORFcdtgqA3FITquhQ7,31
57BSFXytUc9trbqP9e3qrF,0
4V7NFI2JLLJcZnGgJpIYXQ,0
3jnNfBLGt0smjllDHueAi7,0
39exKIvycQDgs4T6uXdyu0,60
7GWAIzOmt5iznpu8RbSiSI,0
31F0KxmTD4rz3o0tJht5RL,0
3X2poeXeV5sAbOpFnineHX,0
5bTaLbpRK8aJvqf2xHlwa7,0
23zJcKwLf5CeaKVbFhrWgF,59
6GCIYIWUBSLontW6divqsw,55
6ABQcgTtAPCUyMkVwdRNJo,0
6g0Orsxv6glTJCt4cHsRsQ,69
3A2yGHWIzmGEIolwonU69h,65
3IcIIZMMS7UArJJPtEHXG8,74
7ssEhls1ZYEGtBsoovkMSe,65
1ZDmxwg7Lywlx68b7SsJjj,56
6dPyzkyZwoj9LqjQXOFdVv,61
2UVbBKQOdFAekPTRsnkzcf,74
5hgnY0mVcVetszbb85qeDg,71
3Du2K5dLzmduCNp6uwuaL0,1
0E6PsO3ymCfUh7pJQjBgkj,57
3jVtllWS5CFFWLQng8sKsr,82
7BiELrM90hRxpozaIXbsLw,74
1xzBco0xcoJEDXktl7Jxrr,74
4F8V44j8cbjHnXjfW2HruU,47
2WyRfGeHo97VC5mP1BBSzr,1
4EivmOT13NMpNSfTKn9p4s,72
2qsQ8eVDPmobZpvDxQCVQu,60
76VtA90NKurNqaQpV126Ue,68
22L7bfCiAkJo5xGSQgmiIO,80
3hv6ndi7uFT9L9wrhQCsqY,66
4pmc2AxSEq6g7hPVlJCPyP,70
4hrae8atte6cRlSC9a7VCO,3
19a3JfW8BQwqHWUMbcqSx8,71
3jlbL2OTD5YmIunYzgQTAN,76
5EDUIiDf1Sp6nVnmCMRxa2,47
4KW1lqgSr8TKrvBII0Brf8,79
0wXuerDYiBnERgIpbb3JBR,4
3RykIiejIO6BEhxSSrXRhH,43
4Pwjz3DfvfQWV0rO2V8jyh,70
6oS0nPho2XvKJfIMwV0ih0,0
4Je9DYC9fPdOjF3pfyoKrj,0
2p4p9YGwmJIdf5IA9sSWhm,55
1H47LILEj9nGb74EPcZKWw,0
65elkRvvAVBuQupIVoZfn3,0
7e6FvCvngX5job1PUYIIIL,43
3UmtRRyDBhjHzaMpG351F0,0
7my1wrfnHqssb3mtHEPWrI,0
3zzDs7euxA9c5guPOt7A1B,0
5SOt2NdHbsUz3PyTG4sV1s,37
1FVYBYEobUyWOo3SCNoHrt,43
2xH94bp1TPSMPPPnnSwIGL,52
1sS5IIm6bK5DF1JfEkK8mc,0
4sQIUcgGAJHqIqg5bkIvyI,0
6p1FD2W6hWIDqbtcmKjzU8,8
1pv56nYCgJLR0qLdO5Ns54,4
21DA9SV7Men1ukbY7jR5G6,0
6IuFbYBWwzcJfOPRGrqjjH,0
4YTyRXpZZH4dEuLfhekOFX,0
2WsEw27UpTg43WQiVbVeYB,0
67m9uKyfr9QRg9ORMRN80R,0
48K6PkRH2xYoQ4UHDf0Tjm,0
3v0PmSksPZEx6VfkJCuvAY,0
362CZbgsmoebwBM77B3a0N,3
34o7op5h46HN2bbqnm0dCh,13
0805juC23Tu4an79SGgLjM,0
0jzaoYXonBKCpq4Q9jFelP,0
6UelLqGlWMcVH1E5c4H7lY,83
7wBYgcmeStDfjTWcN19ERz,0
3VEpvUAoN9UBaN2NZ6JW29,0
6E14SIHDOSBQhdg9cRtrRz,0
44evOHkEKmJ5VofpPo0ta9,4
5FMjWAi9pDmZcfnVpBZpDL,4
1wixeGVawKbkXC2pnF5rK7,0
1CHLf03EayLPbAaF922Hvs,0
6YCpiKFtSIIxbuB80QoY1W,0
5oXStHQf9eqsc05fioz1tE,0
285pBltuF7vW8TeWk8hdRR,84
3zI697olBhdYULrm2m93br,0
4ncDAlyP3gmCWefTlj27zp,0
2ibt9PNFlYHSFmdZgu9R8u,0
66qZvBrVbGInPDWOF4OHNd,0
0ycFQvBTfuo1LCdG0HhszL,0
4k3uABcX9iaGlt5pRJhumi,1
5Of2gF7CEUd0krACByCeap,0
1PZG9IBZMCY6HdK2v8kSYo,0
6XfSe248nbFmBQJerqaJTq,4
2Mfv5HaqnI18Q9JRv9hqnn,52
7hJmJGSut55cp4jISbAUiV,0
5Bh9yn7uP4ktkFhE7QCBMC,0
7tN0ceaX3JAz6aVtyXn9mn,52
62z2Su8BBGvR50aOvdjPzW,55
5sK3o66yupTNIK6gWgzGjf,49
44pS6uiJC5PX5hTamjd3ly,34
7pecljF8iq39fpYlQvuioL,0
2aPGAJ2N3TDLPY2u4cARZW,25
10l4fLEufBRs1OKFzl6map,0
3TMZVleKFb75oUZpp86KPn,0
2S7GH9bhVzZY6ToOc4T7Q8,0
77azg0CqdGqD9016ZF9jBO,43
021vQZqzIjzEaLSUvXHjcH,7
1X8mgsS7R6lcKLjDPeQWum,0
5Vzpmk27VQ9M77SCkSkERq,39
1xkd8oRmbKHFp8CmvotHaE,11
16eNwSoWmJh5GSjN8ECmIp,54
7j2jFc1LlQLNPRwbjrgXuv,39
3PYjJW2UuhMUUP1TSF9NDD,7
0sHc1EEeOnmgjP6QmsR7px,51
54ovbNY6pYLS2PNLQZG9ZY,1
0k3bQrqLGN6DU3kyAr7Q8h,21
7G4JtFBBuMEjDKJLOB4xA7,0
7k7vlfNo7gD2tP6UxJrG47,0
3Ex5RFJRUdpHcDOLXJOVLy,42
0YoquWDxpwAq8jFPj3K8wp,49
5jDotoLtoD4Mnz4Woqcp4V,22
5BczxY3kkmEWeQwqYpQzjP,0
2boUc4JNob2fuDJ9qReNCI,0
4ih3rak54fNYhweawmNZcj,36
43DC4xda0mFek23gGgMUz2,44
0raf3YvklpSoMfXZ9vOH2v,0
1E5H5toZnjU17kiPHpmBW4,0
6mng4eWKNqNtIqvBgm1LnR,0
5PTG6rrL6EPFD9E2QMI2pl,66
1ZAyjvIk9YiD76yYy0TEG6,67
7lAK3oHbfEnvUQWosrMMpR,76
6NMtzpDQBTOfJwMzgMX0zl,76
4QIyEq7TcTdAcxjI2AFlAK,0
6wJrqTE6c4NtfDqAcSRcBf,0
4eJpEQTj4jLQNYtuZ8X1mR,0
4wFjTWCunQFKtukqrNijEt,67
6KBYefIoo7KydImq1uUQlL,72
6xbraxG0bSBOuAr5IUXmtM,65
2GB1Ioithgz8vsTk72joy8,0
2DQ1ITjI0YoLFzuADN1ZBW,68
4VXIryQMWpIdGgYR4TrjT1,83
0pSBuHjILhNEo55xK1zrRt,68
1lItf5ZXJc1by9SbPeljFd,60
0JP9xo3adEtGSdUEISiszL,83
6JQvHMSaR8flFsN53ypOfP,0
6dww8y59MiIREzWonqzGOy,0
0dbTQYW3Ad1FTzIA9t90E8,68
7EoSDrwBPUBeBEORrpvgko,51
4NzMOnvSJVNKF7nw5NkXIP,0
4lKXjLzAV0Nxwln8MxHVtQ,51
3oDkdAySo1VQQG0ptV7uwa,78
3Vo4wInECJQuz9BIBMOu8i,75
4PpuH4mxL0rD35mOWaLoKS,60
2LKlHBPHxLG5ArAXfF148n,56
5ubwXXOsH9bUhZsQ0Cybha,2
5Xn4IyTtW6FUGIUyWjbUHG,57
7FGq80cy8juXBCD2nrqdWU,78
2robgg0p9YjF9mc8NzhOSp,0
0QIjsbm2fh1cJ45XO9eGqq,72
32iYwQ4OYiurnGnOfJ1aEh,0
5DfWF0jqMgZDCiu9zJENTA,67
0bAkKNCQfWkexHFn7fIKns,1
1v1IXPXl73Z7zy6f5tUa9n,0
65NwOZqoXny4JxqAPlfxRF,0
4dVpf9jZjcORqGTLUaeYj9,69
5hTpBe8h35rJ67eAWHQsJx,68
1f5cbQtDrykjarZVrShaDI,77
4PzovBqgnSHKd8opsP7IVM,0
0P18iWGMS3lGwFBCOPHhYW,0
5NvDgnK8XNqcJMVUHWfpD1,0
2UpzG0eNTF58A5Z2XkqlI2,0
3ijQVbhH7ste0tjyY2truU,0
4sYpT6DUbqdeDiyzHFaW85,0
2DJFNq3kEgMh9lvttNYABX,0
7vTbo2J14CbCiZVvpSaRPj,0
3atNmi0ectZnhNaQTAEleH,0
3mmx1lskTHYD7YfbjKKRph,0
5yUwT2A4yW4XbWhnZC8w3D,0
5WQ1n3UpxH8avNUwZhhCZ1,0
084bAsP5BM5GdrkWyLZD9m,0
2Jo8cgekbxruF86lTvTKmw,0
1aWV3uY3SIEZVbmv45oFWS,68
2vN5Hb3lVKRHj0LzBvafzo,0
68vgtRHr7iZHpzGpon6Jlo,81
2NBQmPrOEEjA8VbeWOQGxO,77
5dNfHmqgr128gMY2tc5CeJ,69
00LfFm08VWeZwB0Zlm24AT,0
5xV0Czdqefft6sPDqjmFBu,49
7FrJV8tydWEv1Mxu2mIQrm,72
2QsZVnbWVSjKMXK6K3uRBL,73
2iclfHORMqpR3TxuhwVRhD,66
5Mmk2ii6laakqfeCT7OnVD,74
1Bt6TZfF8FSqdiHPN0vy4u,0
6zsk6uF3MxfIeHPlubKBvR,70
4ZOyH6KjomjlqCz3oFqglr,61
7mH6VQBSmMrvoL5LkIs8Ec,0
6pWzCKTrKrwbUPzY8RLCoP,70
3dFwpxh2yH7C7p9BGEKLVB,69
7lVNTXkI3cHFvcXiI8damb,65
7k6IzwMGpxnRghE7YosnXT,79
09xGoSMPNhCqctq7x3HN5x,0
7rOIWUhSfjWh4E7443PYE8,0
4zYTZvtcww7OWKie7fxA9E,70
49eAIPivcw5idA57ZWnp5h,50
47TqCCnEliDp8NRDyIQoQq,70
3uVE5vLKkigiWBOQEgmdDk,68
6lrRIfQDcikJ5y5DtyZPuJ,59
5KY7zgFeH2GWoL1zP9mME6,0
4LFAONzsrPH6nIJXC7qIbm,0
6ihObRBTB8xdSH2mlERtOX,66
0FmCLEHfINGqwlyzvklNqy,58
6CbcdeTQKj0qTaZTt0xkdk,63
3kgutGd839IOYRl6ekeq6V,60
6iajHa34cSiD5s42Cq9miJ,52
7J41dYQolQJEtj3UmKLu5r,73
666NLsbWOUP3Lo0Ji5U0FS,41
20sdO4xL03PJrBGiieiDNk,0
7wBThXx7BGZHJJ3aN3OPvv,71
2yr2HnFYl7XvqJk4fXoQBt,63
1zpu1PZ8ecmcX525Z3X8cl,0
5ojJNnX5ND2gMGojPd3NiO,62
0AcLrSfAEBQcUnHOTm5pXg,60
1yeLSqz8u8ip9NnzjGs7lQ,0
7z3N2W7Xz1t2G2sAO8wFVH,76
6dZ6qWl1e9GsMndBG7vqB9,68
5qhlC4Rzals34zxovrPzKp,60
6brl7bwOHmGFkNw3MBqssT,81
6x9NTpcvNmfQpOpxMeC4rL,0
2cxbxpHrND6i4uvUGVvC9J,62
5PCJldueshnwqQVjS16543,63
6uYAPqxP69zfpCbsTHXgiz,61
2b8QQqf8Vwb7bfz22ja8Fk,63
1Q1jlFs004vwB0DOznii3K,53
5k3VjTwIsOjQ2woGz3Yx71,67
3LGeYNY9aWQuBJovOOowqm,58
6OSmeoh8kXhCfz9WqvzDoJ,63
6NncjnSD7JLEetWb9KqMRY,2
32UioUCnMFsr2UN7SvDyXj,0
39YovPslPCXbFYhlYjsZ2Y,57
1FY81Z8My4fvyfwVlLcZ9a,1
6n8wMpVpde4iJXAue6VHEL,0
79jnlnoIO10lPegK9Glfc8,2
07ipXN6CNTw34qwSYePKpg,53
4zRZAmBQP8vhNPf9i9opXt,78
5A6BJLZArq1MPjsnmcuk5f,58
6C56edNssJGjkPi3BnrGwP,41
0fTiDOXRNEN0lUeYGoSHml,59
2cooNqkhh52uvZJeHTHUm4,0
0TMGV2zMZXOILVtQLtkI3G,62
2Ad9IjMprXPSqjcLwCy0aO,0
2CPLHpu6yj94dpuQ7QDDpu,2
4vlL7HTI5eVGBYOb1w7Goi,49
6hLkeOMrhZ2CMLBp2of576,51
2jHDXNIbElEsxxPQ0EVspA,44
2YXEabNsLoihw7kBtiQpSa,41
7yfi8B8opXjnRh4VZnOkz9,61
2Yer0p7uB2lVBUAtANuuQp,68
3qLBz3j26AHO2jBYUQWLA6,0
4GqkWberT9cHK9P6REykBd,46
4kWKXJFIuBhqJx8H83mCrq,18
7mkT9kS25nUIoNkm02Ww0n,60
3aQ0R6GcuBDcbMq2UzYNhk,18
4LLTqpc4ywNrx89seBQi3w,47
6mEeutpoC30B6yALroRlFW,0
4q7wdKi7TnNdx4zA9MVLP7,0
4Vk9JVC3eBEY35i7JgkSTG,0
4Cfn1AAAAUJC9cI4AwGAld,42
7o7LWBj18034zYmqRDWOff,18
5hOaRdlUqUSZ5nv8kQx1DF,35
7jHpuHfI0bhd4gYiz7jVL0,18
4TdQmsHwJQbCaVSen5W9Zv,0
5vqMxpcsEzarRT1RSNM52X,22
5nkAJwICnwnzsriZCcastc,31
3tcmqEQe8CUmktxtlZPow5,0
2xq0fx3i99PG6VRc4EDc7B,33
1b5Cgfs0La5peeZ7Sw7y6y,0
3pFrmDEYiSfvTFvTdqO6kY,0
72dagJWCsNeAmHYBdQdksq,26
3E4miyUPbCkdMoPGnJaPmv,19
1geAoz2QzafYdcLYTTlCzB,31
4muAGMNipTEtIoYfMa9QL0,0
4XRQgH9uA2hNcphAjSoPUs,29
3oVRuQY34aspcdgEWbL0lD,18
6L5QcgxgdqWAh9fknzChJH,0
3k3rsujAAKrvCXcyCzFtsU,0
2BkIizhyucfTfpnT0jcLCV,22
3wWmZKqmJkQEdsfIsncoFz,0
5J0Fpi2pyDBsRmEYTpxAHD,0
2RJA3aJLOKR1Q7xBQKDmy4,23
777LkVsyeIirHbJUjm2JHf,0
5mf78CsTPJUOY2lWWbd8KB,0
5b3H9J71t73nzr73pvEWrC,0
3JZteSHBgqZ8T1SWNLr56x,39
6JtxiSAgxUwo6VvkA7oLpd,0
61XUS0rxs5k6H0mtgAWKnm,13
5HjUkIQgYnl5JOSpmS494a,0
2YcILFkmZHNi5qCqgP9F0R,26
2Og7xHU8mVnIJqxQ5CFoyN,0
4ghmwqS5ipMJjmiJwKsugt,30
5zDZO6WqKkGk4oa6fkFLwH,15
0udJrKQOgJz6TwZXuhi7IM,0
1zQPmA4n3euo6UEV4R4col,21
7mrdHjkfEFTXCniqDTOYHM,15
23DqNr2t9vvi1tiS4vYqUB,19
5B4aDOvZnl4A9JYBYAksIl,27
6lDTR2JakgO4nyaqASdtIT,29
36Kg94RTJAgnTZbGwdVjJG,21
2dJrn376fJPUCj1f4txnRQ,51
7b6xD3ols9DgVfj53SmENK,26
44eriZvPXHtb065mbCAfeg,35
57BqPLE4mvQEBh53JWxgcI,0
2Fw3Heu6kvivVv4S3JOLs0,0
6V4ih85eeVrzdxiQz8OeqC,0
31iIGTRrL3X0RfOM6zv0Mk,0
42zrLbtRnhMwVN6T43fRRp,14
6IievBse1PXM8OSR6GkjSs,0
7L9CcpZEfjZQT7LsZuQFWw,24
3TXIXYKb8c6Lj6v7TcU0gB,0
3xSdEH8yjB0hiCcj9CG0xR,1
2idEuX7ElWNgZJ6OjSThKs,0
7v7ytRZIWuZuNxXSGwxIhK,0
1lDPD85vlOjj4WmhSrpswH,0
4zzi2eD2cEPpQ3a307mPPj,54
1lEoFZKzfqvuJxap6zUxiJ,29
70OBOxYnVHt07Vgv1KgjKu,29
28LJVZ5PfkIboFoW0J4GgE,31
65PXViRNbmck0eXI0qhB2G,0
7GXfXVnuqATxCs6EQoDcVS,31
6yP7UyRK6TVncJSvgaDJnF,19
525z8O4TTjzSn6gfLItXtd,0
6lppKNQ2cJmxITiSRs2952,22
0ELVXVHz8aPgwLySfkDn8e,0
5okFkhRbWOSDWp3c15ouMB,0
1MQGtGT7te6yAQMVKvvRbs,0
7bqtShG4VYS372JEtHLXRp,0
7hN5TKSdRb56uytwIpcUES,59
3e5eR2DBoHD2qR4HN3YmTv,52
5yGs5BtZC9uN1VW0lKfgwz,30
6EmwBRFDI25uukoQ9jCU6J,0
0EkB09i9ohIUnsw45jzEyf,0
7cQ2x6bqiOKWzKxB7Rp8tc,0
1Mw433bxzwrR1boiIcovdZ,0
5TCgrYo0UKc7rYt3VfR5L5,0
2PtX9ivW736enJeAIY5G0h,20
6xAdFwLNed6786FezhUMVS,32
40gDRdKSnvuYSESfYOTLyH,22
0jEaPBjFAWjQTMVouRwaHi,20
0ShbiDJGWaMyTimkimVohJ,0
1ABTia5xv1oYxqL5EFbf43,31
3ei99dge15PXGB99SCSA4y,0
4MhBFMMibAWuJv8zMQWrKA,25
11q3nuWgsWqcrlyiJHUanA,22
2dcZFrC8XkdxhVxmb8p2kO,14
7J4jNen0x3Y8Gy89aRIzyK,22
4xMmjrefx4NlEOHfGu3EQf,0
4LOf8epMgZYgYJrt1CesTp,18
0VSzREd1OjEWJ9tXoFHRQH,60
6CCcI6EsbZ15NsCAMJAkpC,1
1cVKUG271zACAUfhmxfRuC,7
15MWfFZSfxpyxYkznIYvas,0
7B8WqbL0M5XfaexaGuaSps,40
7K5Wy4RzaRe6rGljfVV79b,1
6BabTz7xlvjvBYpbXwbNRo,0
2XHMV6S9lLclZ0rSkDw70L,0
3DPJEOJGsRhGOMsPpaYrjN,0
6EPdlx9eswKtXURKId2fly,0
2IB77wzVzpShM5yXEzATTN,0
4WyG9lfJYVuzwHbDvhNtoq,0
12CL6TcFKzLTuAsLmCNS9h,1
4p0GPGPMDjZMwX5h1ZmWFG,0
7dGdGfL1kCBlF0KdHWJ466,0
2G8mZq5T5bRjUxre7Q2xL8,9
4Z8QnxDfNViSoahxWd5VVY,0
1L4WaFZD3tuXbUCMO3gSWP,0
5bWS96mfbc2Fx7D65T2EoM,0
3ZJIaADn3QkIVjhK4z2CQ5,3
6l8mL6FjB6Y88af2z11Syq,0
2mm880PaxmvSkhMwecfo7N,0
4jfLuPdSrnXNmO7dJuKzmS,9
11BhB0Xhbnb9fM7xBGo1Eh,6
2Yfb1UcqSW7V89fxRNafqv,0
59xtChyU53MnYp2suvs3Lb,1
1WUfx6nUmCSQqdvsi33Osm,12
7hzWjHAnpzmR27WC3eCufG,0
4yM1BPrWCJcD3QyrpD7d6l,0
2KNcZVhWGMR0EqWACeK0On,6
4VQBQwuYMTSMUYoz0GJBw1,0
6FbPncqw70zSCpe2ZWj4cY,0
3B6Aqr4Xee9Pcn0l0tb0pz,1
1GUEh7YxdoECvU40ZZktSR,0
72rzduhlDebH9vx2HIRkI5,5
1bNw2Lwb9abdDkb4zt3rxo,0
3vUc9WQpoca15404jNdzf9,0
6Lhr0nv8Rw2un1DLqvKzSq,0
3XUm7Z1ZVbqp7E97CrIsPv,0
0X9nRm29fiHY1rKSpm6Jc2,0
3jDQoVjJTcw6ygQ5S4Bgvr,0
4Z0gtYSdDgvBwp7qY8ldTk,6
6VtpT3r622dU6wQ9KW72Pb,3
3GxxNnyB30B79p55ksd2Nr,8
2cgnMQKDsuDhmEgpXhipvv,0
22Zsrf8WlrCQGRMfGQVgk6,0
38ckbCdufHkxdZkUbZqh3V,0
7coECL6CpS9vzdeP4K64ep,0
5d8oGGLO8aTA8meCTykKk4,0
5yHUArGjDAbBh4rD6Dleuy,0
1RL3FJflxMXmdgfRdUnFmz,23
0k47yi2yLzGLUNGzpEfm6g,0
33eWsboXBasF1UwZj6yzud,0
3TTMUI5dFcbeNSDTTDY9M8,67
43rA71bccXFGD4C8GOpIlN,72
00GxbkrW4m1Tac5xySEJ4M,59
6gaeewGjNiQhWOUkWRSLTa,0
1MCSc1ZxlwV5muFXKocAnW,54
5BAJMdCQqax0oBQigQTl5h,0
7oaBMbnuCEpraQhQIz68mE,16
2JbPEAf12Ju2CxSIoZC89d,50
1qMx707PFdFXdwLvcUTNz3,62
56lD8SmNjspcTYkWp2X7bl,22
3qBtltssunsFuzn6DxXI0b,55
4H5arInh2BLVz94mIibTrv,52
0sqbGUEecNagMilnntIsuZ,48
7piIo15vVy3ULGXSpFs5xc,55
14lgKkkbNsJl9fItqnEfpV,0
2dxky69jKzbtUfA3Hl8Nuo,0
7wQ9SAdzNgJ7dR1mXQiYfF,46
4ZDXr7IdAGV5R460jt6k7K,0
2J9TGb5CRT4omfAgnKmXn5,46
4QkibOQBBrpdsCgZBpSlgQ,49
22wcpWIq8EUqcFoF6wD0gg,0
7bBIBrSmHvdMlTC7b9p8Vq,43
1jhHPnmgZepKU8qX4VhRZ0,48
6bMfEx9nIYsmFjiJl6P9NY,38
0IKfkRzt3d1FoNla2dKi1J,45
1fxN28h8ytz7g5B4ci0UlE,0
7EpuQtsCpS4uKGtI1ACa5u,0
4SpV49wwekArulAVjEez3i,0
443cnFF139Ql85enXOTWEu,55
45zJRuzK9e6AO527NOW7Fy,55
35QutYlXHDefIzlO4GjXjk,47
6qrzETcLAmhkNW5PbkwcJI,0
18LXrvm337xqvFxpaB9Puj,0
6lWKO0d9288UeeOfVBTCo7,37
0vUhEAJIaTGqBJfDsOZoNt,61
6dvhaeKxtP4rcDZ55fnqua,0
524euygKKFWurhvIdSrkg6,36
3tSiJqSOzHrp828XhPXkst,32
3jcbK4G7epSetifxuR1bZl,0
5Aw0QmDZJZID69ZcTvEzXI,37
4Z43nMEiOiNeDrqu2BN0JD,5
7fXTNTj6tiyaIvcezY8k5f,0
2p0qsfmL5oCtpZ72tuMwHN,35
1p9E8WC4aTSzArtqdQI1F5,47
2tVNMtgZ2CQpTx7vgcuTkL,1
4rwKn954sAK61ojiPVIxuP,40
3fsalArvHxFixTCmxqLreg,32
0iRKVjfQzpr41T3WsU7shl,53
1OvoC77TS6iKJecRCaq0hN,36
3xGD5KhnizETt7KQwxtUAc,63
2aPnpV1hT7l3eP10uSGK6c,54
3jWXXk597CC7e8fT1ElB7I,34
3xALgUxUFNYIrbMew1sbnC,50
2ccyIFXCsi1daa3NcaTSLs,0
3EQIkAelrWDtmSe7aM86BL,43
6oDAlwyZAHxi47aAJ6Kvw7,40
7jkZflOcHyeFz0xzaOZRHw,44
1h4AZ86s2CLQ9owJ2CCUtQ,25
0swoHiwTazywpoqiKDUtGQ,51
5zGZt4xazXtNXhwEAnSWUV,27
7l56nY7NMP1QDdWvRdJmmg,53
4bC3PgzOLeqOfluhN3nMpf,27
4vmOygVwMDClzIlGr6s416,31
47LHVzNyaNQvjvhgn2GVYN,26
1SsWRcS4w7tPOjtCy3sXPK,22
6e75CS2hDy0ABDiO6Lj0wO,44
1hf823Dtg12gHo3d2R6Ne8,33
585ulENUQU7VIopVRL3eks,0
34RaVshrBXIINSVrIzW47P,43
6YrDRkcDktxgsPcH8x77xm,44
3iTpi9Fv1k8cKtUDgMeJpk,30
143xRgiJanPo2U5RIZQdqh,41
56bezpis8hmuC1MxaVEMH7,38
6Rg0AJvt1xa4hR2QH2fUhb,58
4b8hQaPTM7FhpOOAkKBj5A,53
6pDqB2dlzxB2i9Inu4h3wC,0
3LHhmiUuQtT1UpgXlGOIEH,0
70RrIIfbY4OjEdX9xnVr3X,29
0taheMDGubABEnocamFyT5,39
3HoYNJMxEgTLKiMXjXeHjs,38
09YXhYMYIHZBHVKGEQrSQF,41
3zX26vtXy3tRbbKPEQTaTD,46
23hpOtox5sIuRqVBVVJxsO,59
2qS8NRov7B0s5zhF7wzy46,29
2QeCyjLDJ6qDJsCyofrEW9,0
1HOjSh3MEhxd3xJAgcmyLC,28
1ABG6ke9SdUK9YayVafbcX,59
2eXLx58ykMF6jayu2WZpPt,24
2ReQoOCGRsychjlu0bQH1U,0
77Gcau9O0kh48tlerpi6rX,27
57kuq3bJCohw5rUtT5H2gN,19
4V6XEuRKywWL5ke5KfBZeW,30
26fw0kxJC9jfo9iPt7R2Yp,27
45TJ2v9c74ynHlcMUy9YMc,21
26weKXYQLd1U71iFtNVV6X,34
5GjGs4VemQDxf9ezVFhT19,19
50Im1CDeBfRbJUPacCEIOS,48
6yDFQ5pSSYm898mHT9J96d,17
58WNXhD8ZmIKaHct6kydTO,0
6GLmGfALwjzCaOiHwgfU7g,52
152P4cHV0NmWOp8Ee4Yqxf,23
7jqDzXJS0K0Re8uphYNit0,0
6VpQdig9pdpTSIFItgkJV5,60
2dIPe4XdBLUsTZGqPIuKXb,0
2bllegdYt2WoYdbRZyJ730,38
65fpYBrI8o2cfrwf2US4gq,73
1L3NV7VrCiuE8C5QlhdeQL,35
2amzBJRBPOGszBem4FedfE,0
4V6MRo0CEAC9MwAm7dkPuL,46
2Tq2R8sRftNEqdgJK5HadO,0
2z4pcBLQXF2BXKFvd0BuB6,58
5H9H0i7UCmRDCZRHldbmhN,57
45aBsnKRWUzhwbcqOJLwfe,73
5hM6sP0Gh1jD57drszNueC,0
7eFmN6wnsb7WowRKAqRFfs,0
3HMzCcVRL5fHNF0Uv73LFV,0
0OI7AFifLSoGzpb8bdBLLV,70
2x0WlnmfG39ZuDmstl9xfX,73
7krbSH3rd8lhIZvuzTV3Bl,63
45w70aQhNwke1yrQZO0ffm,0
1bhUWB0zJMIKr9yVPrkEuI,69
2LBqCSwhJGcFQeTHMVGwy3,87
7L87B1YWTT11I0mSAEYEOF,45
0NqZ65jPelNB13gzsvH2Ma,64
1hfoihnGAryxcax3xUfhKv,0
3tZs3nVjySLbL320lP4mvs,66
7HFMdhQYWoedaefIWFin6a,0
0WqfoaxUvOhkOcUYv0rtLx,35
6Pw3Gvw4wNMZfTYZa6IQal,0
5mAxA6Q1SIym6dPNiFLUyd,39
3rvKAT40Q513rnm4uk0vpN,26
1O8qWS9w2wI3jvPX8hg56W,0
6Na5uKk5SsqZimk0hAWo8y,66
2yJN99vc4E293iA9boIpj6,0
18S8NgrkbiJI7x4sk9jqMo,0
5Db9VIdDsN5yu3Eu7CT0i4,0
3VlbOrM6nYPprVvzBZllE5,0
64GRDrL1efgXclrhVCeuA0,1
0w5Bdu51Ka25Pf3hojsKHh,79
6t44iU80A0h8WQ7vc4OoRj,60
60eOMEt3WNVX1m1jmApmnX,67
6QgjcU0zLnzq5OrUoSZ3OK,84
4nYsmWkuTaowTMy4gskmBw,1
2Kgm7u0NqBWaD2FY8vZGk7,0
5VnDkUNyX6u5Sk0yZiP8XB,4
09oCOptpWAPyV0gqxBUCJr,0
5wldXGLEOoRXxMWJ8rIUWE,1
6PUIzlqotEmPuBfjbwYWOB,75
3mau755ebHNf9B0qXAQXF9,30
27vTihlWXiz9f9lJM3XGVU,51
542Xd5qDeLBvgXZXhfW7LE,32
3FsBtu3gdlfZjBLXyDvmj1,0
4tVybkClyH0hjL8jzMq3sH,45
3Px934J0dBoCmpUhUuCQkD,0
2TYlNJNjw45KdmKr5Dh2mh,0
7z72BGlsE21horfWo8hG4d,0
7j1Q7Xx6Ozn5mUJfrqaSjp,0
6FzYhrPQqISyxCTttPfid1,32
4d9OMbRg62jAFaqsoZ3M6z,0
50kpGaPAhYJ3sGmk6vplg0,86
37FXw5QGFN7uwwsLy8uAc0,64
1q6xOQsaMIKNfdu8cREwV0,12
4pP59HlzHAwxIynUHCegzv,37
1RMPNcsNPhAtlpzbuSgH57,0
4tph7twTQ2WSXfSG5Y25Cp,0
7fosRYilkKo0Q9zImXjNFN,7
1fb6b2Mas9q2mWxJazzeRI,0
2B6vczCll7IwkWI5w8WdkN,12
3dnOzRIfSrxwuS4Ap0KrVs,0
0ku8dvIJXFh1k2zzyNQ05a,15
63wbLMdKSIrmnxctXgbXaF,26
23fpN59eKYkAamj59i6AKI,0
1MTuMmE767VPw02oNfEPSj,0
6Ius4TC0L3cN74HT7ENE6e,2
25kGNSv0yGXZKaC79xzrvg,0
1pxqTG8ym0YM8JVq0B9CnG,0
3405QhxkGLYlHMsbn4VMpa,0
7tmfrvAm84ntXtwbn1ybgt,40
5PiRqego6KQfP0Y1PgdsWp,0
1Rph08kAUnVyg1FWcjb0j4,1
0qIuovp55BJg9tSmS2ZtFK,0
1u0sBsUmdhsIlDcp2Z4AaJ,1
6aldtNKtl5yHkKlwXH0nIY,26
67kLHRXKEjlfz6KrdVM0eU,0
4JQw0PQNbmmOwkFf9zgOj3,8
5GqfECiGasjkiAbarsHscK,0
4JhYM5LvNi0eyf6ah826Dk,0
3KapR70eIR6Zm3kJfG4oB3,46
0Pa2lIbEbjEj8crftEiTRC,0
5hYEaLnayI7QbBV9vXyu5Y,30
4CA1los1Xiz0ZNgK5kvVbj,16
7u5Q1iDGYPuqaqWhvxz20D,0
5b12IDrS6Vi2ZcMFQRhVxJ,0
5pFXepfAbXlLUm5vBZXXXW,0
0nUquhnLIfjbivWQvJiuWS,0
0Bxxg49qYTFt3QDfnyzQYh,0
1PwxKTZydKhqiMHRZoFfn4,0
73m3boSzAay49OPZ6OpGdz,0
79eDnbSBUXoSaoRPqUhTur,11
0GI4xkVUb0hCt0B2lAA22K,0
2wlwf4JE6EhUNnK8IKknT6,0
7G3lxTsMfSx4yarMkfgnTC,68
7ITYbJNGY3ZwwQx8rdIIv0,6
11JcVR2934uslTVVPf4ZoM,0
260hfAjghiEADPNj9DdjRU,0
6Y2ggbpWRZ4R1gKt4JsQ31,0
6dQBC3QPuRvnzi6J9HDCJM,22
54XKIjN8eKHVt7hI5WZGzo,16
0Pva0QBfOfmk2WXvQLtCJp,0
4A1Egs5QQCHGClMB53HLGW,33
6JEpXOLUX3K8SEZZaiQl4k,7
6jfTLEu2H1VLkXa7wzHkxU,0
050q5MaRiy3L6EgpQ8TcNP,0
2a48G6S7OszTIlF7vHoGcd,11
73O59WKnSJ5WGz5QK76N7l,0
6RHUoTo2FfSkbygLRLpisM,0
2MZgseFDCmodSwid7U28rQ,0
74dSnisQPDjL5Sjd6MEjX6,0
68SFWL1zqe85V929FKugUi,17
6iUv47DiBceBjkrq5D4fkU,40
2KaRk8KFLzdiwHSZCG7zgV,0
08Wuf0eLego40H7CqQlZFi,0
76brUkrPo7pAMDD5IN9B3F,0
5s287dq6CuIwPFCsObTBP3,0
0Sw8zidPQ0nAc1v7NcfTSc,0
7cqbB8Dxz79PjqsxGaihM3,9
5ckVDfifdJnKEabvjojde4,0
4KEFi1juFd2f77HgFYka4e,0
6TFKclwGeJRTeZdY97XqPG,0
37HqLVODvnooEx6KqcyGns,0
3yM1TSFIYd3DC8y68sJkuG,0
2RVCkAsopqqwKHCKKtHVYP,0
5qTlzD0TW5JZ9TacSkLjJr,25
6OHWgUuDDedHRVhcg8vlaf,0
6Bne7OwRoCwJkKETZ8aYZQ,20
4FJYAE57HNQ0A05I9A90Z1,0
5cfIibuUGxlrdXcNaWmAnQ,50
6hoZVpYOlU0pt29o68Awqy,0
6enXeBnLnyjfweN6VWcIoh,0
2tVUhD4EtfOKb4n73BrIaq,0
2LFnZ4SG0SQ24Wj1NorWLJ,20
64DAZ2XBuZevR3d0LfmayU,0
4K8HXYCG5E3f56TqzurIRg,13
3BDbjHW5CORcrRpY4wjlzK,0
5or6XO2zZuiMS4QuoGi8d8,0
4TlYG3mKosVWfGbb9VfDh3,51
444KztZ7hPaz6fpZHYOSdD,30
7kKJfrKXIzwjiMvJr5VpeH,22
7AzkIPtljUAej4D17WznnJ,0
5IVMqYdpCjoyaRkNLYlFqN,0
1HNs07uZxZniPNmniw2GTa,1
4E5iR7RrC5yI6xA7zIEWlY,0
5WD1lEPaIBOoGYADacfFVS,0
5hEiIsFomgjEjRvoeRmHij,0
5EEOjaJyWvfMglmEwf9bG3,48
3n3LOZwehbW5YNTOaujHTH,0
47dTK2wCmCOlYw2wLZDo1W,14
7xRQjB39GZuyb2KaYWQaly,16
62gFTvLY7KwIcAKYLOhBXf,0
5Jj9pRGss8sPx2pWWQIsL3,0
4DjPMDtY3u4JAzxn3MvfGA,0
7aqyhk7vORlgJb8TFcPTtU,0
1ZMiCix7XSAbfAJlEZWMCp,80
6JVSdyD8zBBIdUlHrUKUzX,0
0queGkIgJo2AMHj8lW38SZ,1
5iphDPHUbJ8DS14jCLIIlh,2
0wYU3lB2iuflw0AV7C6N4l,0
0jkwXnJmXxRbrrhckWOe6f,0
47o8CwTuNyKSQtZbLiDMS0,0
4GGSmoTmc5LClrowB4SmEw,0
1TYt5etb427hvOod3EKJA5,41
2BzxBQSZ4KERJvuNpeJatT,0
0gl8mWugSfOQqL485CzKAj,0
5vXEj2R1LZFG4D5U70jXnz,0
7tsRp7QKUBp6hc9bth0h7x,64
3HGE6Is63CrKHS9DZ26RIO,37
3sQbsGJ3XJoFw1coscicAa,0
6yz8tJF1yWkRtDAvjh2SWU,0
0FjMLXne5a6RXzlZyl6ftr,0
4D13ulAZI1V7PG7Zg1Ar7r,48
1o2IoGqzWhjyJEmWFCSUTF,0
4htbAEZWr53J08x3dUv00W,51
5rIr1MOh4cWwpdln1QqTPS,39
6Wgy62vZBMu9dkcSl7Ib78,0
15HUMkMOJm48NL1GQURjM7,0
062mh4qAZyDV9dIQK70iu0,44
2SPFC3GXog3hBb24Ww9sFV,18
2zFqQ0xLiMHOVUuV5zw9Gq,40
2W2vmNmTLERMWT9XBxm35E,55
4aeTG6awASkwicYWwcEbGp,0
5i35AlocQnfyJjFiWVs3JF,0
1acz4dYqwZTZw6TgRBmmf2,0
71VdU3mOdQCVwjZX4Pc6C9,17
1oz2ikzPTFrGHt0VDyuTc5,32
39SBJ11H2SKe3Jx3vO3pON,0
6SdPDNYIs34H0MWBrrfH6T,47
6D3VGJz4hOCMGrEANXFu2f,0
3PAYDLeC1RxDIbzi9hZYne,0
7My9HNyDC5qj7wreU8Yx2u,0
04VArZKHm1xesMxqnsutDY,49
1kPBHRXyXdrtYfUfeRwBko,61
5FFD1qfYfW3b4zM2vYlMOx,0
0L3BTsSDXfdRlIyvKLUcST,0
00GfGwzlSB8DoA0cDP2Eit,34
2am14wFmbow4gZXQy1Pwyh,38
2Iw5Rd1IGACxv2CPUZguiG,42
0Clwo8t8LxxExXDJ7AqeVg,0
55hCApSPesst6S7XmsBkJH,0
7fvpQhtkRJOApCjNmSLehs,41
0dDifktDnbzmGwliFzI0Ld,0
3iI6xZkQSWGjWx5phFVLn2,35
2YKnKXUeGERi9yCLTO2C3t,0
3fCqWsYPCPdLteUpeIOeyQ,0
0BEIdPXZsO2pprPwKfTVjy,0
4FHThyT81RGEPRW5ZTL00K,0
2bWcKoMFFIHYiFLXOMIDSm,39
10L4K7607BSC5aq8lc2leC,0
7bPu9dgSyx0lTFm4iecxI2,33
21wxCbULEulBXZ4GaGqVNA,0
5xl5582IihbEZAnfj0xyso,64
356O2p4JCGVcsxSI0LBWiP,0
0FPXDopNoeVy2GmE6ZLrv1,0
2tMkYJbCdaL8p9NDTU3ISu,0
05R2lE5g9hnaSmxIrUl3C0,47
0QVCqacAloq7NsnPWhW3Pk,0
1zTuB57LYZa7xu7KUH8kF0,53
0I0VDjGtm7F1lu5UiinV1b,0
6C1YAAL2KFTlpqfZqVN5LD,28
0arymh4a4YsUaps34DfA7L,2
7z38bideBRvGAgjXe2SECm,52
0K4qBG4ySviff81dZ0VdYU,0
5OI4XbIHmAGDNnmP01sD82,26
2BDRHFw5170t2kRHD3uEMU,46
5DHAUZAwwVxcaUnPeSth5I,0
2Vptb1uGay69Ql4B5NnGok,32
6qspW4YKycviDFjHBOaqUY,75
1vvfDEK6OeGQrYwQF9bVSO,0
30tkVyBPF2ZGF2oBnaE6cE,40
4fqNDb0QJ7j7xln6IvJFdz,0
57ysLbmFhxX9WL9e5QTAmz,37
1CWATjW7r3d7gXm2QZAWXu,15
5zlwdlqDZ1cIr53ufIGBGh,0
7ujhMvJuLNkmm0hnhlNyv9,0
3R97rNX7JnmshCWBwOSFet,61
5gJcMDLHDllFMhSPByZhhE,0
6jrp8qBMJO6vhAeYVAsdk9,54
7ySbfLwdCwl1EM0zNCJZ38,70
78fii1y8vrGtn5YtHEnpaN,39
15dAoYrYVbGB7PiSE45j1Y,0
3xMZoua2UaGidXpQ7sSQu7,0
0Ow2s49u3akTmiLDmb1GU0,0
4wZzdnhpV0cjSlfh3fZvhp,0
5EBWCGlCn65HM8Hglrc5V1,46
3k7bjprx1V7geejm7NTUiD,23
1eDCizNe4EQMj7okkjIeXo,38
0mDk3F7fxwDgDCDE16ueO7,21
2hSiACXW5Nt0yUxWUsoIpU,0
52yW8YAEwKcUZZVcflq3Fw,0
4XmsMIMjvDIFEjeY3ycMzW,57
1TtJkmAW9Rc55iVOPgZ33z,48
5qSi2enCOy9spCBQVqsHG0,0
33ZGVbrIaz1TcGyovIjofZ,0
1XAHwJPBNIBoLfQz81DiNl,0
63PIgPkDf3rswlU4ZWCYAM,51
4ScNzmyZZId9kGK9iXuqjn,0
6oFxDi9DDRDZJVTOU0ozLf,0
45wneA2j0Z0WMnYNDO6Ad0,61
4GAGWckW9edK3zB6ZS7Tz5,39
2q6D2o8qRY5vcOC4jut0ku,0
2LP2NrdZlsabtHT0GUCwUa,0
0RnDu3eYJqbFKz6MHv2ajd,45
4au81WOeFQWUQvHh7WCGz2,56
6oWm4sBOIq2yjkNaJ92YGF,0
2CG9mGkKC6IQE5lEjDioEi,55
07efOAoPwcRdd4W6gi8BRF,0
2lp8xjq0WTm3HZKHuDEweg,66
0NNVGrE1heWIlU7aseGcts,0
22sTMbJk27SLWMtsdYLt4u,0
5A0aUvnfAEcmUx3hoXjI8R,60
3PqhQ5G24At0yDQuJBLZjT,40
7bQLDZ0sADheki5ic1n7Op,0
6qFgnBl61gOLopro18g1SH,32
6eB35pgMXdfhz5Z0WjwF1O,65
4v2FrTDC6TcMt8AUj6U6Uz,0
5gt7KWB2avKJAAEqtgapLm,0
3F2We6fYbrFOsmPrJrFUE6,0
2hMk3VNicbCoV8I81m7Z3q,63
29rQJydAlO0uMyWvRIZxQg,68
3y7O5Nqxp3luafo3abGzzJ,17
5hIljtQ1fRvDRc1aHdhwWK,47
7f5dRZ6W2Si4SoPLQxNHbm,58
6TXVeKe1dZqBLa54SQACrq,0
64yBYBrJLWlGqDlGGHCfAL,0
6wf1ljcWMX3MMWToPHkiFX,31
52S4QPlEwa8qkiC2jr6CGp,26
61HmUv8Zuh8IJXMrQej0hO,36
3DwFmPs6pzLobxk5lcwihk,21
5u3rsmRYRSKJpFHXPT4p07,64
5tKenaJVfb2YP6imRnDDrN,0
6N9uyMZf9pbNOuomveWscp,67
4IJuJUFUJfuUuVMJEvvGhS,35
6iX9C7Cqgn0St5a6L25udL,0
2fXIpPInm70t1vMRm82Kar,0
2vAbKDdqA6cEBHU9zQiA8g,0
2VAK1wpNtziRwQrJxg0eQe,28
4TK1YzdHTJp3RKxJpllBa9,0
4CFo0zVQmOuEekCe8dqU01,23
0JCAezTC5IlK1a9o0YBEsD,58
6mdNRnbiVerwM8kGCS1KwD,56
7BVMXNnQSswMX8IJeZUb5T,59
3YDlzGn9svFtz7uPVWThCZ,28
63flJygRbWG473VvWiODYC,0
6g9wUkxTf1MkfURIFHNTSK,42
3lRgzwd3g1TewI4zjgbh9V,54
7JaB7Y7WhDjxZGFfXcteYo,0
2lZtKMrV9IVZL5pbItZzlM,22
2GRMJEIAvKlqJd9UHZTjRD,51
7t4JfA6DUGxywPmy9SXixz,41
11fItVX4Ahfyd8F7C53dOQ,0
0TQ7pNiDB5ACrhntyotWNq,0
59ixmaIhjcHSius9YmtEkb,0
4iN4zGORmAD53BHA0zV8JW,0
5zJAnQ1NFfks3SRbIRLVSM,43
348jKLMN7BOooOajwrDLhO,33
1TWhpLaqdToKoHHpFnCxsd,53
3xRbymJj98leHL7K8Y94WS,44
5O2eGBugaBlEDpWP5tPs2L,28
1jVaaVBHRC1me5WONdnkTw,21
2JWeI3Vs2SwdLch4nZzAN7,0
46LEQkbfPT5x2ZanS3STg5,60
6oGPZcErzd9Hjw3E4sDBrq,39
2hNmHqQzmM2eBhHjzX8Mdk,40
4OqE9LCGi3JuT1bALpabFX,30
6vHJpgX1QTYa9SVXankGVR,51
7zqjvrNUtLn5wHym65HuA0,15
09s7AzC1vXpkIBS8xphJgP,41
0yNCFwihschpOwSgK31f2O,51
2AmCvxADlZLK4xX47VezOR,35
6PViGgcsQhLPSkMxgoRWLl,59
6ygcYdLszK2DJUU7BWuCxx,38
4chxiKYwSBoE0pvO4Ea0uv,0
7MY1O70WKk72AwyNKUvRcx,38
2bRj2mLH4nBgN9XRIA56dk,0
6LivA9wfDjEOGI6DmgVBbb,0
4XhrowM5IKGCRrY2HzYBH3,61
1b5SISCI3nhthZFcVSLgIF,44
7ocMLXaRvZITNyaziDSOmN,0
2EjnH55mnsEjYMoZ9Q6rSe,37
7Akh21WwTaO2rlyH9xxCFg,39
1zyqa3Hv2KpCGz8L9AirJi,48
6nIutPMI1oxGDXtxRf2QtR,22
2hMUJcAMtDEOj165WyTjXT,17
1mC7u32zemMLC1mVOU02Pm,56
43sNw9nvGYGLYnNiwI8oMZ,62
2pY99npaZKTVAyw2DhV9Bo,59
63uR29DnkNPUiorL30cHnj,61
7tUEDtHchueeUJTfEFEhii,62
67ZorjDM25q7bETfLbHdfS,55
1iXtpeHC0i6c7JBrKi3yaq,59
3ZqjDpr3qCZnZBPcd0Hpj2,54
0EWT5JnKOf6saRn4ASff3j,47
3XG801WWhqC753dekEBkMt,64
3IuJXTVipz0DGz70MaCfgW,50
3X3XuCPTC95ARm9SguWsIa,54
7gEGhEb1VcCeC6lJWnjI9Z,50
1wa0Tm0MFcIpSdzILgQnmm,18
76vQiDLhpXk4LjW8dML1wT,17
1F9dkdIZdlSFekJrvjQMe7,0
0W93r1OgMHtSrje2YeyBkV,0
2Nvw9xRjuuJnsDtgmd7Qnq,37
08IIDDeGMsbKnkSHTVX9Cj,28
1E1BGyzPZ9Y5dBgIPHOWQY,0
5HaOXzafoKc3EGaRwzChsr,0
1FaciX3yUadh5ttQSXQB0S,0
0AhZNtpPVaC4TApU3H76nL,0
1Q75FxFg6LPlhtKYB9DOwc,26
3efy0g1He1zJ4B94VMbbBo,53
18bWoys4FQwEp9ojZpbH4j,36
43JSZNyRzLa3nD9W0hfD48,48
4WHQzXnWyTlE1UOmmxRDOw,47
0yndiszlOMgxOu3y2vKZvB,42
4USWxDtF8lnLTTaQDs2mQa,42
6wqqfVsedLcg6JEQFvMovB,0
7zyLObYw4QUKQDyZOb4J0Y,39
4DwBET0wLmDK0BkzsDuPWN,22
5DcIkTnThkzh1fTnF6juFx,31
3fZluaUtO99vNpEQoE6cpc,40
0najRikioL0qPh3ttdLyZE,5
1jOwBtJjO0h4OcZC7jPTdB,6
0VJv4lPQV88hkeSRklQ98R,6
0kmkzSABDGQp0YUMWEZhMJ,5
2rkVoKVEMuct8SmEIGKzBw,60
3c2noI6hwdH2YoETIriUbX,34
2OeSwSbwlmn9u8SsutfxPO,0
4iXZFxEUzTTLMLE5jCyKEb,53
24gxdUxufJ5eSamdYcPAKH,48
4kmyLqkQTXOnieksRIEkiF,0
5uNqBr1CkuXJ3xP2T8V83U,0
71wsC1Jmt4wI4zuCvKYI8K,0
4cI1wLKUxSgWOdKe3ui06D,0
2M4pc3d5VTELAnjCkivkOf,0
2OnE9BINkDVzKC8ssN8M5K,0
5IQ3uotT6Xs3AegNedhZfL,0
2ZoGSx11fDWZRbVTAJrs1P,30
231mi5BkHyJHxQre25S6oS,0
0Jl85WX8qBm0Ay9MrwUS1d,0
1Yrd4piVspddep1eM6cf8I,17
3RfYOQAnrZ7ejYCo0tcRuE,0
7dVPy89Xmj4Ovmn3cqleVt,0
3VzVTs2qNdmNrCI1S9iixK,0
19jNraUYjpOf99FAsP0Cls,0
7p5lTdIchx0dovmOnmmvgL,0
3FsPxHAATCITLHZZVIa7Us,21
7sXhrKHe8DyTzxDSAGq9UW,0
0GoDjG30aUBGVbiCy1IQKh,20
195CWBcm83Kb8NhpBt4ARG,34
6lpdc43EbEiDjmWxa3eutX,0
2U96QtBPJE158fZ74GIqQX,22
5xtGNElI7ocpEHaFu4ZQG0,38
5kVSEpbyuLIVuPM1i2KivC,45
443VARdacv4KDvymFkZ8Mt,0
6tZAvhrqkVhwFgptDHz5Wr,0
2g8KDyKv8lA0bhmK8je3Zc,0
6difVB7FkeE9A85kqWS6IS,0
6XgHh91UD5IMETc9IEiawG,0
3nQb8fohRKtrfhwCfAFXci,30
2455Sj0F7wa9vhjK5BXtn5,0
6Gv1bomFXOnIfpkMiMOcT9,30
5WFOkjPayogqjXEHVfnBpD,0
6zW36Sf7bTVc7ajfzrafGT,28
5PXvw5Snn4kVo7vyYHjUpC,0
6MmzlYsC9S39PTZrXjlQnI,0
3RMoWLHhdGV2pojvywqtrQ,10
7tyXHvy09npDfd6PP72ZGG,0
22cVWuEscYJ2aVF2WzOvIQ,0
3t0aJCqeB0y2M6LBWa80jc,26
01gSIlj7mZnuRr7GWajrgT,38
3ZbrIs9xvGTLtHDcOel91B,0
3a4UiW8cNqCZ6VANJSo1GJ,44
3c19Wb8wGkAAORnyXU7Fbe,0
1OBStOuPlnIV9qOjol8Mr5,0
4IEKd1d4UAMeMjVG95yw0x,4
4IBzgsoWHLsP8AMlO23iOF,36
03WsrEB8eyCeUfvRxGP5JX,30
2fPaykI6XXS52m69be44GB,0
6d8X2I3C5p4ZUkVAnX6AHm,25
39UIwDCCrKor2LKwymOtey,19
3Gdy0YE7Z6JIT1zKNYcmsM,0
0jdeEv8NTDoB2uetW1wXPO,13
3DuBDR9bgPOGsHQC8e5N9t,26
7tgKmi9jUEDkk0w0jaG9D8,0
1PMoCaueuYLYuVS98xukIH,21
2wZoBFqwT0Tpm9XW0oiRMZ,36
5n259lZheCu8vYOYmIp1jH,3
4CZr9DOjnOSdVOEbqUNQp3,0
1apzxNzMksJZtbDBKFIsdx,38
14H1bTZuAkUFbtQIpTEt1Q,34
3QGcJyg8Ymnfa9U4bDkwxZ,1
2ij5TPGpAJARUh2HWIdxCx,20
4r6jPijW3d5iV0eBFVccsa,38
6O1tLGD9D6TDW3Py6Gw4lX,30
1LRi0ZYnS6WaJKJNmKm8gt,22
7ljMSHh55Knrl8QFF4Of2d,42
3JT7jb6tjFg4g32fcZO2Aa,23
0cELvuwJW1acISUHYB6suj,65
5UVcgBRW78CCcKCopEGAST,49
6HcQZfMrw3KwGyzrKw1Pjy,0
3PiiVrDoVqCxJpmapKyH5u,23
5bXLxmqFpKDPbbpkAa9m6V,34
69mFxANpGyq9s69LqH3d9G,61
4dY4JVC0Q9CwpeZ6JAclIc,61
6xZPeWKW5hNc5v6V33ksz4,0
42ak7uVPsKNSBXjQiojx1A,0
0HjiQYZdHqrKyfeQL3JYw3,6
1Jgaw4deeHcbldSmKbP5h3,0
4EmdSvY5pvzu9COEtPOiR0,40
4wDSLkTUIpRsn3UbCzW9wV,46
5HQwoi47vjLNqaOc329VNM,0
3PPWLupdDmyZnTu0eRd90P,36
6N206l5WKFD8BbxCSxxCN1,34
41Onw0vYh3bs1qilzn50D6,0
5h9ke1UpdRWCnDt7KZCI31,0
206Ox71QeKSIy2aLRMkehm,3
6LGTXFy9KNQeBjUHT9fPFh,52
4IjKyR9JIO8Cr8doVtbVqj,0
52nvjYpyVy1vPvNtqKTbvM,5
57ku0GRhHxZugoRpmMyKhn,2
2oLmnuJvdGLNsICyHtCr3z,0
0STdgJGzSVSv3mhAvuT7dZ,5
6Sd7GgEy2qvX1puD1jb2J7,1
3NEzjZbeSCy72Kx1clSYgC,56
74jMwg2zsFMICzW3Wems6h,55
4JyMoznkRseonxgmyrbkuN,33
7DufxStaLzlKtFvG6VkdBU,38
6ctr1K7KzKErxbfGAynL8A,53
1Ub7iDeuSs5XS55OFg1Prh,30
7C5XOHS3FXH8PWbAB9WdWS,40
4i2AulhtnkEKFRoIupj32Q,19
2ECyYuk6R2SLewteHHRtX8,18
5FEZZ9DOrmR7pMY3I2Oew7,0
47phWmK3Q9zG3nFiYQv5IT,0
0lUapdlNXIpIziheXthrTa,0
33Pxmhfhvmkf8zSosr2tE5,0
0VFJiOs6UOzmFCYFaTumKo,32
3tjOjRAdtZl7hvNKIWxFwO,0
6jYhsewiw0eMjtvMS8Lnlt,35
21RBQHOqgMuyyFvjbbXqfe,0
2f8uDL0SJJLCDnCemgthZj,0
1TsVEyryDtlexOZFXyVYxy,0
0vue3o9sYZZuZJOHg0RIPJ,27
3esyi2atuXIovqsU1H1LuZ,23
1YC6QGUV2IppNyNJHjr29n,21
5nE8cbCDUX2mA2np9smrSH,0
1Ckd4d6vkhvOp5HlAc5Ie2,37
2Nzm9dtlzWHrYtbAt53NV8,0
2e7mHNFlXCkFdKjJ3nsK9E,39
3G6hxSp260RzGw4sOiDOQ3,22
60e1nB8fP9h4Yw44sIfeQx,0
5P0FaLdSqCpFolBHv4M8ig,57
7x7kYJwduClF3I0ozJpNsZ,0
00FROhC5g4iJdax5US8jRr,56
6dp3XPQJuC7qP7TaEFVgL5,52
6SqTyTqxNHJDWO5aFMjWV1,0
07e2UjDMuFZyOiu8Xo3CwX,0
5C9SuiBZ0K8FYzypCT07JY,2
51c5Ej5UvkekPbgrC2kZJr,23
0zaWQBwkfh9OmK77CiDmRI,0
4RhTrVbuxNDwWJ6CLl6zc5,17
4SF1747p541umnykBp352Q,68
2BYdSTQjd7e836KDacYjQt,35
1iIsl8Z9WG4V5DarICRCja,49
0vftzDteohY2egCL4BDx60,29
5iJUGd5boRXsCmW00B3Mtq,0
1yknkOZLGA8MPWMBrwBBcq,0
4oJEy4qDPwDk5ac26yEMeL,53
0EwaWLbMW0Tq84YVFNxNsd,0
2haCRXHcn0M6IxzGzdW0kd,0
40xz60ciGIpsRtDqRfPKBE,48
4WxQGUmWBRNovxlF2g8Xdv,0
6cOb0Ag4iI3YVwHvuxkErn,41
1DvFERTMTHRpLw2hKiqz3h,35
058LC5qOG4VDaa4scqYc6v,0
15ZvFPG9YQ5haKUDGl9xuv,0
1knipGsDFp6FBFc6aRRyjL,24
0XPZzPRsYxxsVQCQYb6IEH,11
0msuMeH64Z0elgbo6kx5nA,11
7t4rA2AxpG7yAhgRwopfn2,48
1Ps0eZFXGX8qLxSj3vQPfD,0
16ko8IV4T1jta7o77evpKO,15
0nNgYDUY4zx9KJAM6ZkPAs,0
4j1Bk0BEIGCF9hR7cSwl9d,71
6dEs3CH2goHCTR6XCTctVd,0
6m59VvDUi0UQsB2eZ9wVbH,77
4jnFqNWeJCeCRHc4HCdxfd,80
3an1aoJKoBXJKoIfdDbVwf,50
6jL1SnyXcXiKOmw4M2RnmT,56
4oRDt0qQeY4XQOQWYOQUmt,40
6K0Cw5dXlVy20zQFpA8vUm,0
5oPRLER8bCQN3RFFVvLbTC,50
7vvRkLPIvfjjmCIqNxBuEZ,68
0t414ewhjcIiuPVF3QECz2,55
0e3dpXiKdTHRNXZHdfM2JM,0
6Ct0xRDiianggXtNh1kWez,0
63W4sfeRTTiNKFLAzUJHFe,40
1QMmvLfNQOQ2OFtvn3psmj,0
6qXqKNpWw3wtWuEkqm8Ljd,0
4nTYxxF8iWBq54LO3dBUie,51
3Q3XLVUfQ0HOxUOtCUYMpG,39
2EI8uljBPaI23VUr2tv4eS,63
7rzaHTWzsnyz3v9liUNW2I,0
3zaXjodcrXLPj6Z8Wm3txR,11
6XUihIoux2jn7OR0jRviZG,7
2t0Zo3r0UoSrwerGAPIRiW,0
6OmknRIYvZmABONKgva2GK,36
43LEbsntZ2eKwp6tClYZQT,0
0t6u4mHewKI5Ktl6Fo0dH1,24
46xnw9xZ0gKsGqaKg6jAzu,0
76LIYXBETh3PyHoNUufycb,33
0u4kWPHGLCnNhV1OlDxvpD,0
0QKBG3v8kqpYEPkTrGg0Zt,7
1VnPsEmiV3Rs5h77GXwQa4,12
14FTOvR2Y5aZcDp5l5LCtB,0
7ITAOjCWbkl2MQcBoPSBzC,0
4C2xWkpiO3sUaedG1VsdFq,18
5259N9n38PvQHxuQf0t5U5,12
0s2AuUkqr6BN5GjLoTbjaw,23
45iX8CSw3DW9rLYQek5rF4,7
15YDVoPwMNTZOLGW7cT0gA,0
3H4xY3vJdvjlTtq1YUv0gu,34
7fG1ZnOM0oOwUOtmoh8KOo,11
7k5lLjCSnyUB4S1LRvD3I4,19
2T6gVrosnbyaSGKXqsbi8I,0
3RNvMhYFEwpCgPnDGKR5MB,59
6zOg9gP62RJSsKFeOBAgvH,65
70EYRjEmK12XiCX9E98upr,23
3R260xGpmDkG5eCmgqXrj5,0
4uI5xNUdEupLKskfQnfx3o,46
0Zze3tFRSNwL6KllmYjLgZ,58
5l6WYGy3di3k8V5QlBMvJ1,19
7EgBkZlqWRwvjmyc115LLR,42
6KYOzBfCt8uGxQrVG8UhcJ,40
1QJDgtV8L8jCnpM1RIauAp,35
2mj1Z5bqu0UfW4o4a7UxpW,50
0PhOP8Qaw8pFTqejpKOpPB,0
1blZP5x1XQSqQFpTy12rFh,44
2ydd6zSB14excgAawdjjoi,21
6kn5z6hltWF6C9rItSvAzA,40
6VcyvtPgCTDJcay6h31cji,0
0w7UvkamBjsPAw2XAJQYD1,0
3j8EEMm9kbPLqByuaHmUmQ,56
3RB1O5rR8artbci5fuNK1C,23
2donM8sTsqYtRpSAwRdPJQ,0
1oNHw7yf4uvsUQeTaT2Dz7,0
11BdiuseOwlswBgXTvq7Dd,0
5eyIfIp6IafrdAjRnZF6ql,49
6ZQSvQh5wb2M5AaEaoymMY,52
1Pqv7l6vxjBxd5fx4bWchC,46
4ui7r4nqNUl4HmTiO00CVC,13
6NVRYaGyZX2aWGtPnSqDgA,0
1JWog4dILZKJyg8o57Ew7p,23
1c48FSKfpobDF3VzopU10V,42
6xGAe69Vn07PnQQPQI083T,27
7JUZDQRGyMElJXjmcNayjx,13
4nR2XMmaptPEEwCP8msaJC,0
17aVK3oQdgwVG2l0HpP67W,55
0YwUJOHKYxlm5gVfIkl8Ym,61
3zeyP0JnzXEx3uZLmpOdtP,42
17Cs4UboxdEx3uRnJagd9k,0
0jSUkwLEobi6xAyKTGWAvf,0
4IzQn9XTheOsTLaTF1OUox,0
2qYIdNaktgtpaPHxDVMXbE,51
3lqT89gv8p3PYwXtr3ODjv,59
5UZDh0iz12IiJ8LPClqweA,35
0CmXXEwul09Kf8X68lPA5l,61
21fXrzSxu2y51Yqf57QycI,56
2siv7IrEa2khUf70k7vp49,23
0eZElvtraNNWjjRnwiIM6B,0
7EIBlyjSzRXbTCFrW2wZ01,0
0ZgTez1pojM5aCxsV0hrC9,36
2vk5VPlYfltzVbUmqjaYqC,0
3lsse1FoSHnNXc6y0jHxvd,50
3tyUh8UpK0PVu00AjbP1UG,0
7C5lhJRscQR3WAaLBoqrkd,0
6xYd4zCVeSp80Un2Rl9wDs,0
2XKA576OqiY4PTKpVTA9AC,38
3seflYvRN3gmh50Iih5yMd,42
4Oek4Sft4I8s5vHZK6OJnB,32
6jzsiZRgmQtNjQDZf99Afl,23
4o1E2c0ye1RlIJJqOM0dqP,54
0QIuAbRaleUv1OHh3eqr5o,17
7mbly2D0GmkwqDGN8nTrRz,0
60NvAO9lx0KmBNAVHIlWN6,61
0OMmiWMwsCNtpQ5aP6fdp9,57
5IFJ7QvhzJxdPsM0THX87y,0
6BjqF9DTiAubeE34grUKVq,34
1bHwmGAPsDShzHi4b23TBY,35
0YneC4nNQEsKCqAGCv1tJK,42
6zmRoCPjIZA9ysAVBYiU9Z,41
70aBlCLalffIq1c1cng6zO,35
3wXhTV5ky83quzaBvYxrJZ,20
0tNuJpBgtE65diL6Q8Q7fI,71
6s4xndGKUhW0xXPYvFlwcL,62
6sIMSl1n3KDPr03Fw8mujd,64
00zTZGbF4IY6Oz39ok4EZ0,0
6oXaa9IjYnhaS0Fl9QzMp9,27
2HAVFycrhtbmLxyyxpm6JI,53
7jgZiwNyTH08evb3bDLfIy,41
2zbjlcLi1VQWqDNYdhyx1l,71
6t8JpJtI0PgVRSuMDGWZlH,66
4Xk3LRadMIQK9LcYOvqmeN,31
5FR54UnizyI8pE5E9Zb0Dt,65
54huym3Clwn8vsqDeTVETg,44
4UuTnRKGJ2fgo8u07bT4cD,46
0EX00YpFv3ivweoG7T3j2n,44
1mURjUWWe3tYtxP3WwRyS5,0
1OK4hVcucqYKMU9Ipb3dtx,45
1YCsTFttuHAzgfEWKdOb9K,0
6eozUVzr02EXMji1vuxgiP,55
3ojDU1HhKEfdExIN6QsK8q,50
4LxIGAVfcQIw0zAQRyFhU8,61
6J6RWKCPN5RFKHUKEUFjxS,61
5qYBigLezS1D4IvivEKYVX,2
2nNKXDFRz6cog1kolC3efq,36
1IJXwbwbldrL3Cb39WHEJZ,11
2hb2C7LOzkXRHbz4d1NapC,10
3u4RKvwDT3CKeYbjxqXEye,64
4buDeg67vos7KP1yHrS9wl,55
5s8CqJcvebUaExSWvZVWQm,24
4o5XYTJecL5v938MN6YUPv,28
6H2TBm4IAc9LSzad2QbP53,9
2pwXHvgUsXiGXpWOyohGA2,13
0PRgPkCr1xGzXcVbHb8njU,18
6oSvZCB4TiquW9eBfcrlAu,13
1MnJW2FEQByou49YiMdrjr,17
00S23GuTVLTLFZcorgQpZ8,13
4uiV3By2AEpmrUTbfXHRHB,30
2MYtYwqRutASW0oVTYPuEX,47
7JmPqImeW3kLoYVNBA9v11,60
680kMGV6szhTiZbHRr3vLi,42
5KG4OVGxSrFmNHGZBezJJn,56
7EsjkelQuoUlJXEw7SeVV4,74
00xNAPrC9MS0yzRXUvrixS,20
2Sf6ryueL9oJ1eDE2HfIvJ,32
1U5Y5BhGG0kO6gULUheEnY,19
2Dl4lx3LicqztcmGo6A5l5,0
69S82K7PwFBFYB0DDpJflE,36
6M3NaT67rtIuo07nTWO5ZZ,0
7HyOh5NYicEElXbpZCuNvF,0
3zZpWgeGNhuR1ClD2JDWpr,5
38bP8r9yx49g6pdQ90NH1X,47
3Ye7HMeHdQqpyCkhkGckYu,0
6cMybQhimXpkzQdgKca80j,26
5b2NgPj4WBjBW1uLbl2v9p,29
3NNRDMmQzPjaUWNyAJb3bB,35
5SXJys87rlbDEGMvCHWc8r,0
2oxcmG1trE8AKHE9b14Lvx,23
3UJwEvKPrRKdrFRFpfj8Cw,16
6tBD4yjOf9P8rWwUlXdJFm,65
1P0iAEz2vmTPfXtp2XTlcO,49
4330XmgVWlx98Y3Naswycg,48
6BxiFSFVzviEqe2eIaruLV,58
6QxuZMdsElzjC1NnXUfl8c,59
3vQQ6sNWRLfWXrnL04bIe0,0
3GxiVCUH6g83dC910cbgjK,0
1qlsnDtzryr3yLuocJ00PY,48
0IhHkW1fnUSMEcLSHmKhrJ,54
7mjTuZkE1XkJnco5bVsZCf,37
0MKZV8dQ3NxCL6dFvHWK8l,25
5aFLEMNvORv8MXpd4lR0HQ,0
2wdHKp5CBgJ8mlO7Cq84Xd,0
3gT5fIBRlvfu9G7ch5zR9z,0
2ZAQE38hLEzP4uvw91i8BS,0
1ZhO3guaTsvUtVbywBgrUg,0
5MTqczrMNkxZbFghiopgHL,1
2bpZOGUjOTYD8wPA0sqm13,0
2fnhNj2TOQzQBX6OlVvQq6,0
23L74esErcn5KvWFY0ZAqS,51
5dL5jv5GSCRoDhTtnY8maL,64
3Zrih6niOYdmge9hIVGBg6,52
4r3MJuJIArZTQfOinh1HFa,0
2kR09CPFP1E8fpg6WEVwJt,0
5pfz1tSbgYZ1HuKvu7kA7J,0
1h3BdJQz8iq2eZseQH6pt1,0
7deFhi7zKJHlR1dtuY69gv,0
6Ap8lYgDbcDOPr9TAXfcnm,0
0Ny5LbZnVS0IZKAdhbnhEx,0
68QgZ20yKM6wgX9UpFbSbL,0
6SObZyedSw2GP2bjJev1Dl,25
60h6d9KbSEqZy1OKvUMh3Z,0
1kuZSCuFZh718pUEMhgfSs,0
4QDAMBiRAZXK20zDCQiiuE,0
03yUFstSdQheHSdqQRWlmr,0
4BsX3Li27mT1QBN0eTRKEK,0
5FSoniSw26EQqheDimw3Mw,0
5wqB7S73zPUAtdcCvKZflz,0
2CeOBN9Hjh1ux8MH86VW1H,0
6c7b38jca5pwnY6Tf8W7n5,0
1wZqdAM2oLrB7UJTS4pIqf,34
1NNMoeEJCdzGJYg6VxnrGJ,21
3KyUEbeJ7N0BwkI55C2X7k,18
03GzYByXsXHcoEAxjsWv9G,25
15XOPzgWmqbnPOdeydhYLu,0
6OzCmbmKvXcamW6YhnhT5x,0
0MPegzGbqTvO2tw7BqYUU8,0
0C80KJWvQWIGjbOiIurV1W,1
1qbRBE3P3feRkXcWkO0u97,0
6RNOyiiGHFQ7lCHtFCUVQC,0
6sPYHh5eWFWtJ4DavD2VIQ,0
6gXsswvH6gtSkbrecXAeQN,0
6BCMCf3kh2VFe3fTU8Jv2R,0
4yW29zSXMvOMtj2aDiqUOI,0
7qUvIpu8le9gHunduvgOXg,0
3YFL9MGkd7UEsXsvREEoNk,0
0YHI5hydPPth6J5UOzdLDX,61
4NO3hYYJudCN6MrcToFCos,0
4MEwOkWMZ9hAuxnbcpcirF,0
6Gik13pCV7FNysMG8p3EDj,0
4nWn9o7NTpuqzHQ5hyae8U,0
1hxDtE2zgp4J4tCmn6nbyu,53
34Ai7jMLLwZdJSGadARhLK,7
695sRCJTtOHIY5ACQa7qtZ,21
7dgPaaeQSRyJzfloU8Yjpo,0
4veUi0IuVGJ6Yh8gM1N6Vb,0
3glqlA5qY3bbo8UaUDGPnw,62
3hRwcwpkOenKHjOsyIwTxf,34
3ja5IfR4SVatM0xP1Zv7NM,13
2fmkr30bTTg1Y06D0ROcHU,0
2Uu8IiLkLY0UXhCHka4Dlr,1
4s5Xxp8O5elepcn6tuFfsu,9
00chLpzhgVjxs1zKC9UScL,0
4v9LyMx5ncUQeT3KPLqPma,16
7oTyv5amzUG9siOmqAaXsO,0
1hp5TYhnsH4FBQSsR7RpJK,1
02UYYPOGSBXxGEMce927XV,45
3QHONiXGMGU3z68mQInncF,73
50Lg2uicm4djCkdvs7cAAs,0
0pCDds54QUooGedfpHUjtW,49
1QBf3Xd9MSXeFBAl5XdqkG,15
78wi1g772j8eJPEnD8rr9z,43
6I3LsZncKrJG9mwv12FCEg,53
4hXUJb211iP2iuyoh4eV44,0
4mKbb9uvBMlVvOUv8fdBt8,43
2DLfVnmabQqX3g3dnfvBe2,34
5xLDmkobOw674TLTBBmnuN,0
6Gfq4pVJVnrsHVxkmFpo09,31
1DkGOPjC2OXN7xcT31fjXN,35
1yRBHnXfl6wjCnM6dYRXq0,0
6AQMkpCxZ2Fu7CM48vDSQt,43
4h067wpWDHwQWM4a6CbqSV,36
1iwrceBRCQ0nTGmO9x7j0W,0
7Je4aDuchYqv2YWMudH5ZM,45
3mz1kmUWrrbJsoAx6rFRc7,6
2tR3FMUgtCTWheiDNnLtMP,58
0P3hAOmO9Ur39TwVXWxx9x,0
7c9OYhqeRkDQsoRYGjDrv2,39
0csUoMvvImqcIPpobc21QU,0
5DvHwMndofUgkhrzRyBMoX,22
4piae89WoVnwucdJzWrB7M,0
4l2ecMeHvDg2Y9OOkqfucN,0
6ibyC3znjMsol5XiAvmJxI,0
5IlXSlwFWcqfw2TVHzsH1e,0
6PPtwNxnMMfcWexUVZ8nYp,0
6K6aIhfjYMTfgquU7xUhZc,0
6dW75XbJ1WAMljOXWjTK46,57
1gsnWXeNlbfoHpaGRi4oQ0,57
4a945GVIx9LLKNLrcXhWV0,0
7okfrvG7Lsj4J6FiG38aKQ,20
3m5BfIDqu6Od3RU9cnWDNM,0
4l34rbUYqKWufYEWriVnB5,55
1XKchmOVVAhSlJzDuBoQa1,0
2gSyc23Hua25fqSFpgAh6W,57
31ogk4IUhStMXlkvKV5sfj,34
6FMcZqnhQD6tTzdpeNOp89,19
0PBPO8rmYjmehH4j4ymOxl,0
4Wc7CAuf2XgX44MLz2QaLg,0
5tYv99LXO4gEXU8BfWT5yn,0
2kL2hCTYMfR69sQkRbALDY,0
6zZJkvtu3N9GhbSQdVzsKT,36
2XpjmHq0CygfO5FV5d5Hu6,0
1IfUGEJiMxAf96sGEgLt31,0
2rX8226UEM7si6DiOzyDRw,44
3iFRaV1HlaGmkGXtB2ipo5,0
7rp0IP3Dy5pz2XGZ3In5HF,36
3IDzttBFq4fOccjQbhkQWF,0
6YInTAu7BhldjBFEn2SxDR,0
1iNufwx3I4wskqlCjIt2Y1,0
0XmTCQWHgf6dOXJeLjXrzr,52
7KWNTuVSFUziohGRhS3cZL,0
0xgcD5kQFrPbQQrzVYqw6h,0
1fkuv0QKrlMYNZ7BlETgj2,0
5X48562lzIHeCKKLLSIGMm,30
3MByCefcd6Y2S0VKw13e2B,12
0cEY2XrkwZAyrxMioyiAQB,37
5KUsozdWhCXBgDWtaqQWy5,13
4r5VaK6H1bq0cTGPMTN97Z,51
4NMtuxWfOPR6yNjAX0AWrR,39
3Yxmpx64AdWAzG3qAD4Dty,53
1ci5FGk5faD2gWyYl995yw,42
41gBEkVcxU4FSjVpOGWxsB,0
5MZTbx7AMI6Ezc1q1cqOAb,0
0otWaD7P1jqYsb0qSHNo6J,40
406BLwaoWwW4Hc2dzR9DfN,15
36MAwMm94K15Zrc2DrSxGE,12
7rf5YnDlD0K2TZnv81dOBq,0
7KZPj8boonCcKNplZa7UvV,0
5cLsk5E7Au4hkTvCQFWHMJ,28
2IOIU3u1iNUcvZXfeeyAll,0
04Z8OXrOr1dCPd741ucXLQ,17
4dOXBS6SoIVYSELiRy0zaW,0
1krKp0OXeCH6SI5SXl8tu5,49
6gMGhsWnTDK470WqFacyoJ,23
2RNIViZ0tr9yWqovJC5w7y,0
1UO1yyMxEAYmYYQgIQJKMm,0
3QNo5oDTOSI23CDDpDUE9Q,21
5rxKLWFvozGCBDG7angcBe,0
4XOq7frultDFgx4l3wuRPc,34
7ETvGW4DrxnocSxcrJOL90,21
6xUIYXggvw3nwo6MWYZk67,34
6BDzQttUdcszjA8Fxqo1zQ,44
1NNYZKOk91y4mnqfjK4uqW,36
78Nx4qNwmATqqcs4biKW1T,41
7623p8KZ24WTeO0NeIb4tV,38
46Q5SugsIqjxqDLvcUWhA1,29
03SrVtN1UcstvinRAjrfff,14
2hBJgz4Ye9MkkmBbaDTTKx,59
6rVDypmrk2ub86XUF402uU,33
4VE3jasMCphS1duMN6RNNB,7
42j8MUqLMWw2DkzqyDa4GP,18
2tapMRhqLCvIWSj0uc569y,9
06yHcjr58IKJnfEK7ko3sD,20
0fxU0Wr9laBGaNsrwJ07Pz,12
7mrXW08W9eOrP5jxKOzhZq,0
6RQgvscK17WsaMj3N5RTer,51
72jsKj3VkYsGTIOgEUuG6Q,11
1ZiRxgUNTUlK117LIauCaD,0
3YqH26H4kyG3usFtOc8v4P,42
6G9rDpbpGIf87oZyY9hS2O,23
2SFq0UIiBWkBgky0fkrHP0,49
1AWjS2iHs8zNq21Niy3T50,0
1vQ2MZsupEvPhtvfkdW3iI,40
6bKqSvTOPxkqv9rc1tRZSx,24
3SmPl0CGxvvkQCrTv7edEE,60
6BS4BAScltBKeP6cSi9kh1,23
5xka4Z5fOoXt0v9Qxpzh6t,0
3paAqQPnUaMPmIEz3tJCtB,14
6uebosHeOwzQT3ZBtBCbtu,25
7aJ5Hx4GXT1pTTrPRkeKv9,44
1M5Dp3cD5YPueH1EjhRTT1,37
3gbAxjT1wt0LS4BiTcwC1b,27
3eUsSFWf6Aq5oCK9lTI4Q8,33
0IBgCsG8dRnUtveiIaoFHF,46
6yTZofBlqETycKBEUdsGxp,0
60Pjyla2BNnWzWxNXxGa4u,60
7kFAwFdZcvvqOggZ2dY5jg,0
6kVWb48884mjSOSgGeC8Pm,0
6lav2xdHxN1Titi7erHURh,34
32VygCu5knUb9ZmC5acyKZ,0
2dbet87FbAhXTJPcTuJ2lK,13
0T3xmp3KqDklZ12Ze0Nm13,40
18qgd61768n3awNU4cnr9R,0
7ABJ2azouB9EwEYzL9Tljt,33
6dFSbxLsx3x13auTriZLFi,0
4ugtLWGL0Xm6rM8dARxte2,21
2fzKLDa3YlAJ1Qkkxm5ZqH,37
7jicciytVTNBXYrIXHs3Hv,51
3bceL3NJmM8sKwr5dyrKAz,60
1WtkrKWpfFx75erK1VqtQh,0
0ymLvEYKBKRlJbGwAZhOqg,57
1CrWoWuxupYY1vi1XRdpBX,54
6PyLw3l6ndolBrTPQp3Ibm,58
6LqiE1yBBf9IuTxaTpTyiF,51
5KNAsnZJ0g3hNvIJFvkHzI,46
2LrvK045zLQyt4s9n1QSBA,51
2TQaMcc3BEAF5Srn7FCipl,66
2PsHIonOTmX6bSrzIJSjyS,57
6hdsNoZWIjPSjxcOnsjIxj,46
0mt80ksFAwPHXyAlArU5Yc,56
2OWzR8QoH7KaLtiN65v32x,50
71fcC7BuScQCY40HIiMyal,51
0YL8rCxASTV9uBE9Sur0Ag,54
0hcW7qPqWWJc8189OaqQvX,58
3upCmUgdchN3u0vkedbC5S,54
18ZRmY7kNZQQHpopsSVxwJ,53
3DIe90xqHuUDtyuapTwCAR,60
5vNivpfJaXsTpYpxIHsjvm,40
3HNjLJb6VfoP0VC30TdxyE,47
1l69V1gBVRN02Hgt7a7sqt,44
3TS25nchaYIPb2Y2fw6cbb,48
4PWaeUVCHIVbXlpXEuIcvR,28
3Cn1aiqSnvaj3FF4eFT80W,47
4WUnM4KNZ0kjp0CUeoyOnS,71
2seY1Vy7jidW4bxk98n2eh,40
4EUlszQIxlPwiHJ6e6j6Gy,54
6MCoVicJXlNSLh5lETQJxe,43
5uhHKLiF6IlWs0NA7hIO2Z,0
6AEdWbrFREOUNmI1hMPbyc,63
16pfffk4jnUdgtjiJ9phro,0
07bN8cB9mNxEc8MXZTeIHz,7
275i10hY9lXdmrTTTkZeS0,0
7nX2FSz4m94R7DErMJsPJi,0
4aYOQDyN2wTOlt2mRQ6zef,39
0qilV2pyNYLPryWllKwAIL,0
38TcCQZFSZ86FeAyXR9O7P,4
3i3W6JXFIIRnrm9RKUkaaC,37
6SIVSBnYbdVUcXJQJGDe0C,33
3gyGarXAYgTgJIIp97DjTt,32
67j0ZucyzdfMGWLe2kh6Ze,52
1qy5sw8ktKkokAjaxc5UX1,25
5OPgPWsCaeZDvHudPzVftQ,7
7s2iAmlI372KGVopcqetU8,34
2V37zhzoUGd0cUbK9v4bIi,12
1rME1sbMT1519MjbLJrwc7,0
5IfAtlAk8sog58Rx4JpDVa,0
7vVIj8Tm1wCawjvwVZdeLD,61
1AKI0dqAIamOa2UamiHNF9,55
6gTWAUYQMAQV3Cw2t5kWrx,58
01TzbTwZ9Mce9mOeBpH03i,47
5bqLcGZd2rY9wBVXZdGUvT,38
4gDBc1RxPAvinJrZzZ9nYX,46
49JVirKEYzK7SE2Nxnrk4K,25
2vG1yrWSMiL6egg6w4e9ma,58
7jsTBebfjKpkMaS8Ny12Un,0
3mJ6pNcFM2CkykCYSREdKT,58
3naqVKAWQJyghdX9VzYEJA,27
2DcSehEocZhDogCJKCnXb3,0
0jz6iwj9dsnHHHP1t25h2X,22
4tYpYYoOI7WDxbCnPninwE,43
2B8sc82PFB2493l9pdyWct,23
40kJxdeSmQieEgTgShXumm,40
7mJq5UJOfh5yzyjCaiPaZH,30
0CeOseGlRvn6zFoMLDvtsa,16
0MrD47wtvAu6igsy8vqUzN,42
2yOm4lN7aTygtXanJFNFWU,61
1QObH6m6jPyOHBLW2RLEpo,22
66BlLSG6ImOYNPttwSw3Wl,0
6yK7QgE4H7dIzHa9EV4FKL,40
0QJO0Pb4yfzXIbVcidpy4m,0
2tUBqZG2AbRi7Q0BIrVrEj,82
1guNRpfQBBkporG5NujlSs,31
64M7vSptOdMCuHwYzKuplj,39
765k9tDIFOnoOfkO2cgitB,0
0QeI79sp1vS8L3JgpEO7mD,4
6fBwVe6udYdnRqwqo06if8,1
3UD1XZiA0iP29KI3FuK5Xw,38
5HAv1Ckfe50DUjv8ghwTrz,56
2H7PHVdQ3mXqEHXcvclTB0,60
0Bpi22ShKYtb49C9Bty7Ke,19
5hWdgGVcfTeLPAiHM6EZG9,65
0lmS0Wofcv7B7uFYssSKta,48
0NSSqYISjnav81CEn6EgBY,47
1VmXoVzoyD6Jr1dFLcrOTx,28
0N2qqQyAeMwXJpYRLlaKr3,0
6hazdpTPlt5W2BTCGYKBoj,36
4PUgCtazseRV9gXm8topvU,30
19wadMw1A8XejDV4p5wMt1,63
1CeGBbkJeKPojRmlo2gIwq,38
4bQGI1roeSr8Q85on2tQNU,0
3KwBXx4v79jKrITc0WBw6H,43
3IuRN5tplfZD56XYAHPvZ9,0
0Yk6Xgk1Do6fAJWydT1dI6,31
3333YXdcyths5CB8v28dZj,56
4Yenz5JZZOUiZSeyKY8bDz,53
4zAxfkmJqsaHqFu1YPMS5a,52
0C7dYeCLF6ukChtW64UNge,62
6a6DtE4sVwF1TY4YA0yiuB,46
2dPpQv8sCPeEaA4oz7ZjQC,46
2k7Z7ytdVtgf97apeel4x5,24
2kWJXkOSbEHAF2NucFv9SN,16
1J1Wz0UPt4NPp4MMwSJCcz,46
2X6okzhnNPSzh9yxDMHHe3,45
6sN4h48sAl1MKdrXAnRG1j,34
35Iy0Neh1ewQapV6n0td6X,41
7a35kVTnsXzlplOrxOIN9W,40
3rxl0BBJDqP1Y0wgd1m0qO,8
1PDwmjfeFGZw5vWHLGHC8N,20
07diX7vCl1aMtp75ebxLFA,15
5XsYwCgd9jteFDpWx57xSP,22
5JGVPSqWBcb3MuQJRFijnz,6
3kckepgeFtWk0UtZ1cFGU8,23
0KUJ1RLzab3hAB1ttlnSga,31
5hbSMXk4g4OEHjDoVdXrYl,30
2bgIU4lx8QdpOaCEaKu40b,24
4bbqwN4wm3bOHsCyXPR2XD,27
4cperyKfUBl5qwObuPvDdL,22
1pCOmSyhfCTFm6vdoeD4JD,3
14McuZa6Yi5pl1Ga8cA8gq,15
74D3tZI3Cd9PCx3BGZG1vo,44
6pMliTILbMMQJVFvru12DX,40
2CK1sr6n7aH5tWQck0aN06,1
1ds0ha8qvDdxNOSNv5NMIe,14
4eQFhnR8PNZbysZO4bzTVj,6
3HnI3m7oMAoBbiXTWEQSly,5
1miHnlTDGQSjELPZCrsmCy,27
0sSVf7esNGPkEeCQ3Dhiv0,5
22OtjOmIcTQbUe5TzACJIs,33
2lWE9q2bYGvhV9xAyUxFYy,8
2V0u2rXv1bzTiwivScz9fM,8
5YXoB0KJFppgXyxWu6G8OM,34
6op1UDHN1e7x9YzQWVxRCR,1
7ujVDENgCDD77JxBuw4Mhu,26
32Vm9SAaTKw2AHy2W1REP0,3
79qWg1ZfVYvMm85ukY2yYp,5
6G8YWJt13ZWBY8fIG4y3QR,14
3OcQkcvTcohs8vO8Rd3sKF,0
2Vr64hEbobPZRIDtnVSkSE,13
3D6xxbFiyPRduSUowHbjSP,43
5P1Zrq0GVVv5hDTRafGYWo,0
6njPVRfWswIE7oVyI6Fu3N,0
2qR3ORfI1SCHG4cl6r3ERX,4
3v9jcDkIrJtjzJyQV9LJmW,23
2RZuubseYpBLHdUZy2OiMk,1
0DpVOA3h2uSixj1TrXXfSh,7
0SFuVATbW5GFfjeXCNXNIz,12
6wYuWHJjTK6IWa1sRkhVNO,0
742hY2twqAjwNYnKkQdilj,59
22llU7nqiiVcH0UdUtB51P,5
7K6th4aUMwWWqu3WfqgCrT,0
5pvpnY3itSyRA3oZER5fJz,1
1fYDO47fgeLO85sXY8GZsO,1
1llLVlNKPKg4TWaDS9CDit,24
5OGV37gBKcEhPjcQI9xm55,2
2eOywXsZK59j4pscnrTSsF,1
3Nz6vvyWdVqjC1MD1oPAp6,0
7qAKV6euO2SCtHsECxuUMM,0
7CpM5kJcmLKH67HObfy4Kq,9
31tcr4OcLi2TXE5u4Iwhjc,23
4FpBrK6IIjQGP0VAjy4ZdM,3
21W4fTAvuY2FiceLdkUGqM,4
0FKogsG3NmepRnWu8KSLBB,31
7h723dpQ1HrLbT92wkid8U,4
6NJCgN0LdgVuSq9WQSooNM,14
6I9QoKC7TmaUBWCSfK8334,23
5iKYZAcAchghry6h8Iu5IL,0
6A7ECkB5buzJwGBnp1Lmpm,27
3fpx84UOqWm5Iy3okygo0z,10
34tWRTNnUCEUH31Cb6y4zM,12
73TrhEaqVPQZDT58Yuf4U9,0
24OzLwa2DqCSdMw2TIT6ZB,28
0mWi3EKhPDl42DL5LaHX38,0
55hCcJ8MTcCwtTVKPJdo7r,0
5SeUX3qhW3924QqcK5vYz7,0
5Sx40Omnmp2gLwUr4gU5gC,0
7ngm7sCw2N2HmSDsanrSWW,0
792tOJmf88fWGLyD7Ca1SC,0
71YRxs1q0TaGGNbsmVCkCA,0
6OkhYhe15RBubuthLKW0VA,0
4X7Nb9Ch3YogQjnxRphZni,14
5AIA8TpGhuilLpHbA6c1bq,57
2gM3JL6l1INKPh0vf0c8I7,23
1lcZPCRAuVXCHSqPsFaWlw,43
0xiuSFBOEHWaJ6rSuUbJWc,63
4eMGevfobDTaWfr3TLbkFm,45
2RXjRQ4RadpQTecRfRHa13,47
38rNt0OPkjbENjk6Z1dKBc,0
4jw4BotdO2WfbF0U1J7mXc,36
7gHtm3BUJgbET8Vmit2lu6,43
639cc3IeyJVop1Wxm57FP3,55
4nthV2eZAXnt4yiJMocLkG,2
3ixyQ0IdbbDaYOyodp6hvr,0
2dXotVqm26NHYLp5oORx50,30
6nTcn8CybBcx0t7IaXEJ6O,45
7FWuzwapuKHTEyDJIcQOw3,56
0AQqoPKwh92bCrR0Vr7gGs,29
5I0a8OADAc28ENKYTNj0YU,0
6CtTSC4APeyjYayZBZxAQj,46
1ulVKX61ePVrT81RLFqrOj,51
1SyR0qHmGNRZQ49Z0rFU4A,53
1xvXZfgG3S62hoXJAoCha4,0
2RjQ82MtgcR8sgOL2RJQAs,20
4Eap0FiMiGB2gqjk1D4cXo,0
6gk2V87atn7XaaAltdYsKd,0
3XKIUb7HzIF1Vu9usunMzc,73
1eJaG94qemD6iQ1x7E0qL4,50
3ac3lFWr03MpiqhLq7P1aQ,0
6jUyYHDikmw9WltPojSR37,0
5AE2hxwqJCaYqGDXTjLYu4,0
0tCUHZZmlErTi6LyjdS0zU,0
3Roegyp101revmrnUlnbj7,17
4Cixrf8suQVA70LrlsiBPZ,0
5bJ796cOnGBzSN5bm4mwMj,66
36tL7MtytUgnUxjDF830Qb,0
1ZP0yvaWPl8vQV9ZH9jvT7,45
0DBIL8arX0Zo6eAuxNIpik,59
3x6QCo3LClrqiJF19w8daE,44
28pCepAdwvCSfqdoVWDw67,0
1JlWJR79vYXwyaPMvlruCr,0
2rZb7Go59XDakdFCnIz9o7,0
6xGDXrZQoisoWkKWsgplcZ,0
7rrQdR4C0H1FXLM8YrNCuC,0
14mYQm3y6GMmfylkL1DsFg,36
0QbFNgjFt5kebstVXugODz,11
6YXOAYb8prNBvYHoEgAmzp,31
2o2of897dC5i2mVKl69UNZ,0
3a6YKw9xPXgqzwtOKnsPCQ,0
04xWapbcBAgNWGHGdhcxoR,0
4eboQESZB6YGrnsEgYo6eU,0
45kxlys2BuDewfI74oLTbz,28
4q2RJH99DFckparlsfCpBc,0
3tHAB8FI4rfULUHHG1d2Ct,54
1QDsm9dZ4IETeluYNER6rX,40
0UN5OvKlbg06LnZyVk48ll,60
2MflYZf6aZzOxQWX0O7Brc,55
3rYil4c9oKuTVUBquB1izZ,46
1xrdVVEWvOFyhCqOmj9phT,0
1ckU1EhAO0Nr73QYw24SWJ,68
7aON8z3MgEECzYwTSqakXZ,28
4WmCoqweV6nXrSogoAo12a,0
1U5rJXcvCZmpy3apIwoIQv,0
3WN3WpEtUVkM6MbBLJHa3N,0
5TSGkftHMr8e9jea3tbjTJ,0
4Ma0AJSqSln7urarBL8A2C,28
3jDdpx9PMlfMBS5tOBHFm9,78
1qzvHfKFORSj1KwxrVty0P,0
1DBtVHYl2lwLQswEUvkIEv,0
5LLRxnEQAbnQNzLK0mAC2R,34
1mkiNF3VroP3biGnvK0k0w,23
6gXHfD2fiEWFmCpeu2R6CO,24
1d0GYRpnCb0XNQcQdKhfKL,52
331dQ0vPDNCNLXFXo2atFe,0
76HKOVWqsEg26SECtmw7Rz,79
12co6NHVYEfsx3BgYxEsnV,0
1B75hgRqe7A4fwee3g3Wmu,74
5Z6SweXP6EyUe3Q4zaEnwZ,0
0HsTJZWuj9vY7Ns0If1ARm,0
2QzLYgjE7zTj1lb6Wi1aPx,35
4JrC58CfPm7nhlctu4MvU0,0
0Xw5EEK6BaSnb6GjIzDdXy,22
4L9VA69sfZKK5HAs5zP22I,49
30DUFFqN1JhGq8gyBjFtub,18
6xkryXuiZU360Lngd4sx13,79
5jnf5Lv2TJX9uYHsFKfrEh,27
6Bv2bQvYZDJLVlMPbmuFQm,22
70iDnqYvxCPl3mPd3ddxgD,58
4IsnUEgEcb7epezwgWCBJn,50
1xFliXOpcu7E89AsDAZ7JV,64
6MdRQ8tyrkYHvcEPZZrGe9,0
1ZNSuZeIV1StSeMaqRf412,41
2HCnOSo5WFKJXdvU8IDNZe,51
45u98kplW1TAIG3gIhPOoT,0
61sQYdFNS6sEBYCyr1q5gn,63
3pV1ySVuEVPqhrQfkZ8jcm,14
3YC6lM7N7t2deiBsXUe500,0
2ADU49RKktDsdPj0vKqJ6j,36
4uZvlqXHdzNQ5Jm14cLktQ,4
09I1TnKW1WPtD8tnQxRtkD,46
2aBxt229cbLDOvtL7Xbb9x,75
5IQzzrwxQ3tFNOf1Ixnwft,0
5PewbM9eJB1XcSEsCVOz4M,0
19Cgt2V8PbgyJ4tmTASgic,9
7vQNFiycXSGpgGgTxmaWjS,26
7uQ8L9eoeKJPXWG9kG7gFX,38
5X9NIp0eN7bH0BK5RNvqES,0
1VN5fpPqSIlJUKF8F9t2Ne,10
1SQrYjoC3yJAIuBiAhdcVp,0
2EKabowHBT6GRBK1mWJ5LT,0
6j77u0sqUdzGxOzfLpohTz,29
3WVJNKDreudOd8pBjU5nDI,0
1ONzZIqZm1F9dEOPMDjdEi,43
2f9mmR37OEceYERbXml0Nj,53
7nAL6ybHa4q4eHL4L1TTsF,0
0Gx7phIMvHVT7pXk03h0rH,53
5feRp0hymeACBAgBdBSTcp,28
5Cp7mTA2Piq65qWi8h71Q5,27
1CRhPXMXD6oz8lvJS5hu2V,20
1Y0VabpBsbn3ovrvEtjBKE,0
61mkzcrrV7CfpggUuCNMib,32
6xFubQjHKixwjyRrEJZ8En,0
1vsj9e2t6yn9IFt3XAGogB,0
0RdxqjfOtnZQfhgmC7Fa5x,0
4HgyF65tEwb4XqYYTE6grh,30
1lFBNIfZJnQQRLQ2nZHTHA,38
0FZTAm6OyJoAzAtLAsH0f9,0
3dLRPnVkjKsMJNc4GmK19K,6
2mpRcm9zF4jgE5bVzty135,0
1uDFbcZgzcoDq2KSc77YlV,19
587qpoPHuXkSRSykLM4EBp,45
3lcaOuNphj6MAnNI3ofDe4,11
2HtpC9dJ6jOLa4OMN0nnfj,44
15K87t5N8Pgi4ooqHhtG3h,7
0S5Ho90thU4mAxMW8ZItbq,36
6k4ZH5yi5mIBXiFK8xJoGJ,44
0R5CyjqjeZ8oxOFhtBb3Km,12
6cZ7aS2UC3hfUyqJhwHb4G,46
5LIwaG8Wl9LfExcmiRQm7J,66
0sZrIaNANwnhPpF0wtLAbR,0
5RSHSWavmv5Mv9CxlCNSjn,19
1PXpZXOGJMtx1u4F9t0xQy,47
7zdoYASH8iYGR1CQV3m8dY,0
1BMlDJRb0MtjhliYhlofhw,42
7vKYuqKAySUizIkcAl4Oal,48
35fEUnp7savJdgkfH6I80x,6
7LkktUSWNxyR7YGVqQKjXt,0
1RqIdqfYW3ncpR6QU7v0cf,0
7p2h4kISjw2t4AqMUs2AmA,0
0Dw7uVJBAKCm6dfCoabJV9,56
6wIBZCIbbZh6ACDkWC5TX7,50
1GoTvQP3JEeA8oh5I9b2xc,56
5AYPC1YEJdwPqnPz0Lib50,40
7g3Htzh3rezIFVWAy59vsw,45
0OZjtuIbOvPkCy6zlgyNOk,0
4yFFSucK3BVP1Wp7MQ6c7t,11
6bffRphpayegEeBZBh9TV9,0
6yj6Si5hkcs1khQyzj0stc,27
1Laz0NZ0URkQVnw3TyZcvw,0
6IuilfHQoQI1fJ2fliMhva,32
1CeizRCGEYPWooEeVfmyFL,60
3IlcFFY0W9gNomWQjnX6Rj,32
3vxpjYukjL07Vdzw7wIJtC,29
3sDeuisFRzTK7dfwlNvoNK,38
1eBWD3ra0HeWRhPYuBf317,0
4fb7LB7OOaKcahftS4k9lD,0
1jjO9DOHrnCJrpiuyiavKw,0
1gWFuF1aCfnjonAdyDfV7Y,34
1mIMTXtS7NPOD1Xq63Zxhq,0
07fqonJcksfEG2Fav9SDA2,13
2qDptLjqWLqRDD4MHgbDhp,0
24m5vklX7lGxNA75IGafuu,0
6dFs9SRuQ8FKK3WORqoa3D,23
5K80qDIi8z8nfgiSGsQap0,30
7BW60EnubNl94HnwcuB0E0,28
2QCI3bdPI8c0DBy68GE2WR,11
0wjo8DmCAqZ1q3lVLCyrRG,24
0rcuDEcrzF4Zo6ZbUEhaIn,36
1HvmjWFZpe1lrEl1ehLsvr,59
5VIUVUvwHPM2vJaQpznd5W,52
7M4CRFWgCuqYOuh5Kz1hm5,45
5YzK2kmIM7cdpRbv0iGaEs,41
79yRAE9yyOqVEyJ74heFxl,0
0wTjUM8Azk3fV46bDghbmZ,0
1O64lNU0k9bGiWJVGt8et8,0
43d3WCkXuVnN4P0HSLS29Z,30
3MyTEl8ZL0qKXFqyvbYsC5,42
1NyMdeeVDYizUcXHConsq6,44
5VPdmXGp3BR6Xst5gmbQrO,32
20khkbcFHJ63mEJ6nctzcr,0
4fZDZMgyWBxTg2Rc4OHVtB,47
1wRQqmZwiF4thdQ8N7FiNv,50
37clf85ZAJGszhC15NxskJ,0
1lQGlCQS09Q2l0iONMsTcZ,0
67ri2FYvHV64JSQTHN98iy,17
7okKZ5JfRIJBcqKhX2fTmU,40
0fgVs2FjWxf60Gk8aaoECK,48
4OXjsRE0RQsOAalWabZRY8,0
19asXa48FNoDzO8PaQm9MN,48
0KHHrBbdvuJ6knLxj7dqkw,44
3r9JScgtH2FiAQ9bwThV0U,0
1DHybjrWooObUXiqceVDcj,38
14VwBAL1qSlG4ovOSYUQF4,46
4FsDX5RRFm9F5f1ts9KWKb,31
326jVYfqtef7U87YaqOFfC,0
2FA1ckR1QDUBaHdrlTam6Q,32
4wmFfoH3y0RRkIQPhl2Qyw,16
322NiD7O6CXX7zYIKRtXV9,30
23mnIH4CZemgZgkyb0W1cC,37
4ZxH5B7JMRjNbHRm47AzUy,19
5WBGDhBBIKqnJdPFlSmCWc,25
34XO9RwPMKjbvRry54QzWn,29
2SLKMhxrgJZ8TEPwhCt1gh,0
4tnxaszwEXGQSow1888pVN,0
5KGlx7rfcjhVGtqkZpIxe2,0
6IfE60JXZtq2rHvEjsyvpR,0
2bNbnpiLHz29s0ceWIlX7T,15
65Zm64XaqNj1pXGAS6Z4hs,0
1QGO7udymj4xp6w8jbpiF8,51
3ekvPNnFzO7okhIkZ8jsGH,26
7KasuMXuWHA36uFtFKuHPw,0
7iNGGLUS7x4RA6IM0De2R9,43
1PB9jyumBYH6jbVpzr3DSs,0
1foKxpDK99pTmoEJpJbJaK,24
09iWF1Hs988cmZneyLeZ2V,30
2hGXdfWHKIxciCfHRQpUa1,14
00FR9VQ0uzF4NNxVKKiMz2,41
4mMdBN8941wKh5rAmIK3bf,19
2R4gp8sppwatyDq48Xsu9q,33
2rgUf9rK2lGJeA4crG4Tq0,38
0PWqC3xDoCWyqy1IW3RiKE,8
6giuQX8Vkn44flOhzbe1il,21
3VNIHK4Dnxyf1EY2D1kolb,0
2PKiB1i2DwG2npY2xxjLnE,0
1TlEEopIktdAi8oWRf9Qx6,45
6bYvDXrdNSbejfugnxggvp,0
2dWuF9P2H0JtmQdX87RPz3,0
1Ge8R2h7W0IlaAHl6Q2kM3,29
2GrdCnHVMh0DrkmMzFMJaN,28
6pYVNe0zSSjouxy49g8tfy,16
2PXv2AkAZkqYqc96gDKXuA,38
7MpNMARq9fDSYEIHwKNQTy,29
2b6nCD2LqFzcczjGvKIZDc,8
4cwW9clavlRQYKDjU59BEK,10
73nnFqLGSezcmpCzXSto88,37
7mvma3mO5hSyhVbJDXxtFz,59
5A3TwAmhxbQ1qZCJ8N2H8C,0
3LfHBTYZBTqmz43tvVXJBd,69
2Ay0Vr9icpICeKkUDbBExd,0
1mC0kUHfD8YzjffB8K4m5n,0
2E6S3NgbSG9NYwbdi6rWYB,49
4zI7i4nbKpLVba3JJTaszz,0
5lWHbKbyWlf0HpqLmEI01t,43
6cSBm4mtcuFtClN6yDvjQo,58
2f1lUkSEypMF1A77SIsck7,0
6tq6PWrJ8y8icAv1x45YXT,0
0rbnYyj0Zq2pNJSzWqtf4g,48
47Xo9wffi6F2BAUtvEz5kG,21
7hMSWOqitLlR938hRKG8Vw,0
6S5dMjMifQYmyTu1mX4f8P,62
4nw0S8MtvcLSpXCS9M8ciL,48
27aGlicHJKf5QY20looYlR,41
7FEwp8BavoEVE3AnxJDchc,1
5uE5KDA3GhXPqhH6tlxrZc,2
4hvDzMIyNEHd4nxRhxMnTV,12
6FmnsSVdJJojBYzecDlpPO,37
1ZU50JsFvdgThm29i4mRTU,0
7AgcqeRnfXaniwk5gJoqO4,65
3OJ4LEE50iFELaHiZ09zif,52
2q8X0AA5YHDu0GelavXvUU,0
5BxD0HxuIyvEtpAuIbY4XS,35
16aNJYinJv9AAetWD5yJen,0
3EludUFeAoJAwSixWGG5Wg,0
4CMrdHWqic0usIZfTrKoI3,69
2kt06ZsD735FYBZO8yAAQs,42
0pzWCDSuVRX7m95EFOxVa0,59
4ggwRES3D5oP9NxWd4GGwf,0
2dLWb2s1QtgpzAGOaBVa0h,0
0XUHYxHOOctkSXReILAaJV,42
20E9JE3J8dHNDj9saOeNgu,52
53BX9bScZinfUywOiZdm7z,0
0AtY4uFaYBIl6tAjONkk1Z,0
4JSEMSiKPVcIEBQIlmGuI3,47
1EGrDTfEuAiRzRdxlblpET,52
3UqLP9Cq1DNryqu9scjak0,43
5tHy30IHYjYTwln2uBD7Wq,0
4nWyekGyIurZRSo0lKhZWH,28
03mfJFcTsxfldb0DPI4ygj,59
4nX7yBASMJgtM0F9OC1zTM,39
4VlESxa0rw8w54oZDeCP1C,0
224EQMt8CpNPV98j9L4iMJ,31
7cdqv6XfTVx1vhMT8Py3Yg,21
270aLuFCbX32hhBr8MQyPM,51
3MsOBg104Lz2M9w2grNRsS,0
3JCvjoJdEpnvnY5QxLuUDE,0
2cezuRJISjaVzjEwO0Sa8f,5
6P2Big8I59CgNw5U55h4EF,18
30uQMh0OHHIg74CXSfjAMX,0
31er9IGsfFbwqy1pH4aiTP,80
4Y1YbajyBpcXbccEetJp5L,0
4Y4uQiiC5sucABEUXdVtjq,15
3Ov9feZn8zNYiY6apq8Dx3,0
5ebcOd52e1IrKx7y8vkfxp,0
01J6VdbLfin8BagXInYEIa,0
32jcXj1C5zs4IccKkFEf0B,10
1tfVIwrfYAwYS9iHuspdaE,31
4fA1ca0O5tOOYDWt1n0z2d,41
1wN6UMOnoOWqqQ6MY5R09T,0
6zl319nC7f5Xnw1tVq0UCK,32
440JHgcmlgu65MbKBg20ba,54
4s2SoSFk0djYAGEijhnBXC,0
59zN1921ag2pVv80Oz3sWz,39
1atQRDIxhLBudv23X8aWPg,0
5ITIiswssMSAdTJ9ZDEI8D,0
277yPUK7wvfkdMQZLSFSVt,0
3Ku9kSWtDQPC8bSWpHR7z0,0
3J5fFQ0PxfKQU5putEvUoM,0
6pxElwU80zhjbCC77Vn8EI,0
0PwaDQfnz4J8WF8221gv7n,0
3griMd2FSimhnvHWOveakD,0
2KOmUz4XLr5vNpgQNdJq7r,38
2WGE7LzTfdiOPDfPcxGVCN,2
2eGFixlUmSK3Yei80riTVe,0
7hiOhyoRgB7ycVsiNz2ipM,0
7FxzgizJRGTQ3fxUqfvljg,70
1nlSd6Rqq5pL7BE3yfO6QF,0
1RxUJSZWgxUBMAk26fnFfl,35
4RmpVLrhOkLMyxqg3WqRsS,0
4bdfIfhw6McKwL9W233Ptz,0
0D1mT1OcWVqqFg629clZZc,0
7fCzmX69Ksgsc6ogGRhPlp,0
51zC0cKP0zSmXgj4kgfbl0,17
2n3ufKl2OG7Ul4G5cq35aq,32
6YKb5UMzDOtfCfbPvJZ8XT,50
1UBCUQp3areFyJZjTwLz9g,27
71NeNcFTkxPPaGf1Er96Ss,35
4UZlEcQmkAeh4mYokk8TNs,48
2N0rHlYG5N4fN9HnVis9yj,0
7LNI08YZRk67lg7KaPABfg,0
31r4XPhPlpEdRo8LhubYUc,31
0PZRlp2wrQDausamlangtw,41
31htr8LdFPA4EcpIynnWgf,0
6sVSbqlpbATtUEOGC4XNLh,38
51rPRW8NjxZoWPPjnRGzHw,16
5EUPK2x1wJ5bERxjQ47lKv,0
4AweeJrnbe5I1eiyCkYhAx,28
4thnq3xsCY2KdVGWxM6y38,0
7c4iU5qYbzvhcuyKCTHyFt,0
0OE8haqI2h09QnotCfmI96,0
6mEP1cofyVXsJ9oDAeaRIt,0
4AY7tI7HF5cN8PPnv2p34G,20
6lxcWIvMQK3yezxwFfZcKZ,0
2OniwRnM4rjRGFEDGsoJWP,0
4mqKn7ewOLvVTJvGMRB5cp,0
4G4wIWnQXvJzdBifQwx749,24
0e6pxMzwePXAxNuNzkmG3R,0
2BlscWwajIvT29g6EiQaM9,0
5gTUtHVoS4wcOw2B5sg15n,20
32IWnxqoCOeDLas0p3K8Vb,16
2MLkfQ81R1jLgPT7zia03n,0
2BuJrxYKhYky20dQqTlobO,64
2l7CpLcHxJeiWibGWftnew,64
6fPBVhvCajXeRFRG6DPerb,21
4VBuw0C5WpH0PGsjIwEuE9,32
5m8pL2TqjTvujYcFC2oiNX,0
1OAhbzfIB7Akh7SP9bT6OS,0
1gWL7x24c5s7q97b3yFeyi,35
26EMh9HokZODyS5Xs0PvXK,0
6wAgZUGobl1IKDPMFV7btz,26
7xVgFMUpn9BsyviaKJt0qq,22
0w5Rwt6LQkzkp3nDmzDXUB,22
1BqSqUUGo1ilm7Pg4ghJvR,0
1D662DjiH7dAjPxLsVVEvR,0
1eG4WAXiknUV2e6i32UVmL,15
3MThD7whZTtnIzx1Vq1GZi,3
4nSO7iKiwPj4wJjylLCu0s,0
5RAGWlQoDywRjaDfEnvkgW,5
1zS4PMsHfkSXPkzrEkCkC6,54
2Q1wXfJDfBxIiyKCjTi2wq,0
7MGFg1PXrjP9BW6RYOHBau,0
4URvI9qABWSkDHvLBXJKwD,1
4kyowB76IWcxKhKMjLHzCn,16
28vHg201THBT6XchTpbbqs,0
5z2vuWBeJHd2VrocKhPqkg,28
7ajXo8yoGCutN0tSNKokU8,0
4A7DUET5H4f7dJkUhjfVFB,0
4UAPxdGgrbJjht2mwHnMUu,27
2WNdEFwUBjxBsElbt0l79o,13
6U6XwiK6mYgTKZbgR60SCJ,0
6HPy0y9HrZFRsWXSPV1HWU,0
2swwtPxChtfoTa2sTh72jm,0
3MiqKj1HQeOONdXLrpdOt8,0
02hk28MN2lUeiM3aBWe5a2,3
58dSdjfEYNSxte1aNVxuNf,61
340qvFT1A7lK4ZWHOKBM7X,0
1V8g03BMpHf3O8OlDbrBvU,8
24D87ZCX5rruNJ9pMzIWjF,15
0L1lHepiSq6BSDKdO52s6k,0
3fjrueMS6akQDczYVXigYM,8
5zhkOkaQCS21ulmwCrmqaa,0
7CBVCrFPV4VIbF2Mv5Ij99,0
4EmrbKpQotKGCH0IWCnAOP,0
3Pl1pvzSvcOXunjzwNFYZX,0
5PdPaLUmJcGB8SiHMtlKPM,0
4PnivMie16dKknnD6PMc60,8
1arQh74CO1oQLKrO7el3FV,0
0JmWPb3v8yq0JJODZbny83,0
4u7hiFNXUeTG3A4dqQrkcd,50
6BOHQeYRHWUVy0Gcgj5iBJ,50
1Rxi6eitNnS37jl4dlAscO,0
25wKvRBN0js6yQL8bcVxQ0,0
0T54ZCylSgBsGpvjWCcteB,31
3zbG5GLfMfciA4rsLKOOIW,1
418jgbEz7ltzIyR4EL00U2,0
4KuO26KOVzDiciB8Z9NHZX,0
3wH3TWKBA9NCZinuBidD21,28
1sQMwuozNCmF811OgjTWIA,42
1l5B9wkjOW9718ZfhepOCd,0
7siiYR0yj4HYCPjeF7WQLp,2
5W71o1VVmGou7pDqkyv0fI,5
5ra6wApgNsjKT4ZoshAL39,0
0VUu4aOkISfhLkdio5ZgKf,0
5cn7GZc7OLRBYzd6PMXr7A,1
2yx7XX9v7M6yhm2fBG7K3E,51
6Omdp3oLOkmhDjVqv6vYk9,1
2JTwSmlb8d7lPpvaRpCd3G,0
2HTfaqz4LcCHLWmyrEm4mZ,0
3irumzUB7UlJqoVZCqR3kI,42
7wlcweEsneQgizqNOrUqJE,42
5gJGOikGhvbDtpCME5g8sJ,0
3IP6ntAkJdWfUMCT66Wgip,2
1VxTYGCoS9OZzo8cKyowdw,0
122nU5ENr0Y3CX22FvlKi4,0
4Wa3sH0hhacqcEBDbv5RBU,0
03LhreaNy6FWQxSxTX9u9H,0
14KzU7j0dtHmGK2uswevMx,0
4ucUZ260uit7vsvQfcDqgh,0
5fTtU7f2nzmTE7fP5aCx7Z,0
0qWPhodGwXmOlok9KLOkjD,0
12v5GBM74fB8WsHJPQRTIe,0
08Ed6CXK8Ibk5XvLgm8g4q,0
6LQeFxa911ingmC1x8I1d0,2
7ro9q9n77tluI6o1DgL4Kg,0
7uF6m4dAaSOntn0MAFDXNo,24
3WeEdIRueCLTZqmOCeZ8DY,0
5JgUhk5xwSpZYjIxtTfkHi,1
0lnbtKauqe8P2TYbD7QjGP,0
04XMj0lRdOA0tROaeIgRck,5
5t4JQLYbQAuVPhaqG0pHDl,0
7s4arMVNfggItXoCBO9UGD,23
7p72uUp9qIlFP1IRbAvcox,23
6L0mGEaV0LF08xkJOt16CT,0
6u43XcVUwOWpaLQJPF8cUa,2
7Bpl8pwYiI6t3vEYE8fVoi,0
6BNCjXQkdQFCOrWzzwrAsi,1
1EfbXCeMYyLHNwAK4cRgQ2,0
5TnWjvKZylf2NSBoEklVrP,4
1mAOHPG4li3vdjE9NQQMzD,36
4rRjuNNUJKryqqTnL5wJtg,35
7ikfTIReZmOavdS6NUQMDy,0
5Wx9xfNURyR3OaMNNlEk8j,51
4HNX9g2kXZ6F9bp2Wm9CYW,20
0hMmCpvgtjF8ZUsbl2x0Cg,37
3ValvCNywz1nhnnKJnywdf,0
4c60yLpE5lXvICT0pyEaZ5,61
4PwOQxfp3bGwn1SPdkZCHI,2
2uROM73VxtppgLSE2k27nf,0
10SUWedx0zohs8M3OJpnA7,53
0msrDPXxZpts4FRnoX0bFr,67
3XAFrOZbJYdMaHGP4qutqs,0
3NWTRZ0A8xKlBP1qgNftql,60
2F4JaV4P4zajoAiUkHD36b,46
300DUx4tdtCdGEUXR032jA,61
0fScVCIlDvKJYB550Fp8rM,42
6dET51TwAJPrKV5wmA5Vhr,59
22jnEneSABg4vRCR1vow7F,1
2GRDDzw7TnGRawKSZPnKv2,0
0eujYjPqb8aZfFD17ivy2Q,0
5SDmwAmdAtDG9kyGniVBKN,0
3V9VhLOCj3ieDA0ZC9lWNh,29
7uCWAhAVOR487BVKlRf9kp,31
06WD650Zt5MQ55kFMP2f3r,0
7HnkUNPrhRurdGEm9nRYFH,0
5bPZPEsUACrQXER6FcMs7F,0
22oZYBEW53kgOKp3gVVaQm,0
1boXOL0ua7N2iCOUVI1p9F,8
2kBHv0gFA2iheTUXmPB9e1,53
6KluBT5Zthyzk6sBwqAcso,56
5ar0XZUJMUkRZrjmcOCy8O,37
0JmO3EBtl9qhnLkzr4FiP0,58
2id1xnRQloCopsF5IFRY15,57
5J409CCD03eO7CQ050fiGx,0
5wjdouk5wQxXkmTeyOC12M,38
5d1G2EevctGiuNYrDJPphT,0
4jpBAzEAWq9GVyELGtkKAx,0
3pkbfqWxPWu0jLUbVayQaG,0
2xyi5jBkaQ741tXWTiqyr0,35
2kYf8lZWXI4Ajd7ZhVhKhu,49
1AUA7JlrARv430PUJRK0Lp,44
37oeplukPtBPPewiuvp5gX,0
25zjtAivp2cKIwteEKOnxx,26
2iGTYa6uaC3yKttM2z8hty,22
7ikLp3Ehq6OcdqMYztzbpV,0
3u6A33KtGqfk2JYm0YmiYu,0
5nXT0jRAR9ChVWmh2tLQln,0
2R1Q4cxCUuOK7SJzxblk5k,0
4Pkst1hmHJ8dUdOaBqdee7,0
3JaF1fMvbbMeqg9VZXTmVn,0
6FBzhcfgGacfXF3AmtfEaX,76
3FkTxVBsQHrwMh3IyfKO81,0
4Z9npQ93MrnIkRcTBKwSa3,0
6Vmow8PuUaU7W1T2WWLZk2,62
5fQBa4wkmq28xpSLOQ202K,75
2UAMy9T8jWOjRVlQvHOmsn,0
6LrFPwUwvcCsgfJN9SgRqz,0
6m6R6O2BOZDCNymhJ45spI,61
0kbacaF66yH9McxssuJfrc,0
17Z23wxx1J0nicqNfImgUE,0
6LOZws7T3jqZz78unPgFF9,74
7N3c9CKUmRqrt3dDvGWBWG,55
5oJAaPRS2EzNIc8EWIbucE,53
5n1WeUNWJIjs9ueYD4v0Pt,53
3P4gLPPOHIRQ5j6PC1hNa5,55
1HA2V2EfAgJUBVOju4YfiB,65
7useXLqEWfoNdRveqGoQpv,0
2RGe02P8xxSF9syj0ltPjX,0
0xzvSNWTKvQGKzLRPqxx8E,38
6ttNSzoCalhgsJhXHiE7tX,0
4x17P3F67cUBat3J1YRgNh,24
1rfGO3N4DPGodJLSSY9Re5,51
54IbnYEdA3ymfxv07WgN3b,68
0y60itmpH0aPKsFiGxmtnh,81
1Z5B5x1vsgwmR6M4B8ndwU,33
0EM0yABJzbFOvZQkfvuvCy,0
68C7eNW6Mi1833mjPWlibs,7
3hqwWUExarTAm9v1Nei0uU,0
655ph5p7eDKMQwbdoQkQHk,0
3onyYH4No2rAdchHOy9KXY,1
26E5XogqhqTvmjH5nPW2Q6,2
3K8tRD2Prik7FXbD8lZ6DC,50
0ocEoJywYw7g0GKXd4qqCr,0
4wkWWZDqc7lgqOUA70pHMw,0
4yLxnsxbnXiyMwtwothlfU,0
0F12Vh1or5kJaCZmQH0acA,8
002xjHwzEx66OWFV2IP9dk,3
3TZlgEx70yynsLjKyPaCfY,0
5NrSSLgHeNpSLGWB2wLSCt,3
1zGEEP77I5C6xaJMUoWEVv,32
7JR4XCmH1f5Aq5WFsDWW0g,0
1XMgFNqrmnSHIKp2YXkPyp,0
2J0PjjzjI787k1ASre2O6e,27
3HPOsgVwY8AWsh1jsceqOI,8
6dazSbGP7uiyr9eowlBkDo,8
2ifq6nK8BTXl9gfY3dCiqO,0
6P4uWkUqr0M6eVYjmbKdAf,0
7L7KnCltNM8yXWs3ozuUY1,0
200OfxLpaRBYzIg02cBcgt,0
52yAJNEvLjD5wRMnSDa3na,44
0DPkIJha3NGgjPdC9hNyk6,0
6r6C5X5flyxMfLDXcv9oVn,16
1ohXrU5DLEfUlfo4tIYbqJ,19
0EDfF4djtCu48KZtSHx5jW,0
1OklZefA3QDQIocxzTbpRQ,0
6bS5OiM8fa9UQ2WxPT2QIl,6
57ol0VGQfdqoHfhRfG9k0i,0
08V9Lvq19LbR3IlgL2AYXv,37
3HEn14GqygLCNfroOnYiZb,57
0DWQYGNx63qrkYOLVX8FQB,0
2qVKzWL2OhghV6nLOT6pBw,0
10RvGIXsTshuoX5zfHNGb7,22
4YA0OHXqNGyNCTD4Mybpvq,0
01V5Y0jmzA90hs83nedB3z,0
0fRsAGSCbEjdSYM1U3NYx2,39
4sv8shEvVY9iDo3cmJRWwU,18
5ZbJR1AfdOsvsYNuCvgqKX,0
7yDMMrGs1qyF0DSJPQ0cze,14
7qveFKh99XSlkED6hTPAoX,39
0eWxDnXDbsR4h1kVk6rZdy,0
7aqsbyCyEGZCz94DBQvOvs,23
4P9ebbQAHTkWXonjOkND2t,12
5VhDYAIGxYBsc8gxFgpZs2,19
0eTX0DeAdYZGCUIpUNNbLw,48
68owi91PuuLlARM4BTvNHv,15
7nmNw9sUOiwIlnSwReWDFF,15
0z9PMxrUVfCLc3e7itESJL,24
7B7D4GjK8fx4XeNZRU9rDt,18
62tnsScYuep18LnQiQqHmX,53
60EBukQJSlpJVp6pEa1trC,0
5BtRfJTqNCdUiSpyapwmno,0
3Qru36Ylp86E2Q4dWB4OnQ,0
2b4SSorCTQ2VzmllaeWuuT,0
0yelbFU0gJpmEOxJVahtD7,20
2W0PgbJmayLcgbSyqGDqjq,43
7EJzriJMDG1dLsTVyPKAzF,12
2y3dqVPQraN7SfKqMbDcmB,0
1vHYWQyOTfdh6tGRLq3Twr,19
3bcVlSWtjktTZAczUbfzlG,0
4LFW2NJj1rjAYXN724MiOb,15
4CWy5RH0DiSJtOUCcqKjbX,0
43EsFRsE1oBbiVZn9Ewfem,33
7FVFloQe45NEVyt7VmntKz,0
3q7CL3dh2u23ZQEwixtAIi,0
5u7YjfqsRbUser2DXX8LN2,0
2cRm43WgDFpOX0oqr6ujbB,20
6f5TuB9WtbA1g49A4DcMQ4,0
79nopNMm3rJSUfQfMkG0Ur,0
3DdQbt1EdmUN7saVPf3JHy,30
3xy8karhdpkltgdwj9FGbQ,0
6EqzQj41ouk0ANwJXCgK6M,0
7iXVkTHMB42Mz9EtI90rzu,0
0HOq63A8H2BMIJzGFdWs79,0
6zWLmJxa1AjS9fhlDtgSKA,10
5ZnZelwYbsrBsi2QmBcTXC,31
6VkGvZnA3wNQnnp4ipzQjP,0
6KugjM6PRQO7eqLo9AfWiL,44
7zKj7SWOeFKPqDqjL7kk2B,0
3CUz9uazoEvF9kS8rloHGI,30
2Nh2cMryoXl7BrZoIeN2Pr,49
4TAob1aRbfOiNqlE8qSISX,14
1fSWxeRWN393cHwMmGMayj,0
7xsdtQsh9LsEbozDga5X8D,25
5HycJMEM8MyX4i0ErSeuC4,0
2Uvy6SkNqxvnH1W68dymxG,0
4JJIj448WHVYw2kEYfIj94,0
0t2myRMEMCi2SRyg5TEFLp,0
12GnlylbGCoHldjYsMoz0C,0
5fqt5nfPEgbOuIajbZmkBv,0
2RISD4aJrioDB54exm5WWM,44
2TD9wVSR6dKi7R0arHRFWT,0
38xhBO2AKrJnjdjVnhJES6,78
5jFiyUs5R6kHuKbAs0ZU2s,0
5V31p6JbrGE5tfKrxzQNnM,0
3qLpCWS4DBUtRG7rKRrwGZ,36
0TTEm8HHxndsd6Jqtn1DDk,39
2NuBmpSF7QrpD6s9jlobzg,0
7o2VkCW64Gs5gTvgYNwipm,0
3m4rKJVEYMJh6GpCRLJJYp,25
2W0cQltLhmrTt1Ild75DuV,19
5o9JHeY8e47bXCjSZOnD7b,0
1NurK1Rze21ZiVpXptNEeJ,8
4IU03NTBDTHjFkJeiOZ8Kh,10
2sjPJ6T2qA63OUxBm5dQfS,0
4myV8ss5IG0PtiIhmx99Bd,25
4mFjaz2VfCtwIy7wfIn4IH,4
2ZMwTK0c3nOZzvIgmtdHMf,0
6Q2K4e7Yu09yOqzSZOVmk9,3
00cqd6ZsSkLZqGMlQCR0Zo,41
3Nx6iu7XpzWL1QMPRJKzqL,0
5P5efUJoM4Ykh4xG1sZT6F,0
7ziHNBvbvVCSLeqdKDLQR4,0
6U8TcYGLSinKxjtfPcCPrh,0
4eCE7kaSrhsyTNkiZw2KKY,30
012mGdSYIBEmERuScm2iOl,0
5I2Zw1tJXoswUSnKkJSuwX,0
1U1VsioVGJkXUckkgOy7XK,0
3svlCHYt8YCtAYXjKhrpUs,51
0bYg9bo50gSsH3LtXe2SQn,95
7jER4hFurkqwYmeat3qsh5,0
69lOXkCMEPFSDwuuznGjMy,63
0s8XHbX2z7vNIbOyqKk5YB,0
2pnPe4pJtq7689i5ydzvJJ,84
3Ko8zjBg7VtcPTVnd5awJM,0
6fjsIxSPXnOjQleb11AYNU,43
1TepWoct40tUbIYdfZXKRh,4
7layOOgCgrlfSdBbOWTxzp,0
4I0aqR9G7F6oUPqQXLxSdW,0
7nsHQpH5av8kIlhDAc4gmS,0
2ftFntZ6YiBfFyPTY8fMm0,13
1ep7czKo3gvwkZ2cyuqwFc,40
4DEyCl5t6wuxLZnUBQss8N,30
7DESENONjlQosUbxToDKOy,51
1SiHljxheMagCMXepXoNhG,0
78eVUq3eoVxV0Mq1gIPipN,15
6gJb9I7KPf0g3evVOhJhAz,8
0woQXo3TjjZm4XeKLFeSYW,9
36Jr3t7sDLK82NU1aDOZRK,15
4ETDRicmWHgNvc3PwcRlbi,0
78AF5NGxtjIczE63O1EL2m,0
398PpKV6XRMR7yH3bzMZPP,0
3WP3OIYgTAnfFuiQBvgzgi,0
34jQlhS7FGfPitCHJRd2fR,23
46pF1zFimM582ss1PrMy68,80
0m3FlmzEj0TffSexx6rWHh,12
7DBIvPoaC3Wv69Qe5II7b3,41
2ePuLA5lrmT9U8D0VxTgWz,26
4GHG80QW7qKZZTjfMw1QTy,46
3avPBX2mPC3crXA4PP3ALw,0
0D7DRqVU5h31xtEUccV4s7,55
2a3oa2Z4QhB61uueut9ww9,0
2XUwZ5CObNFeMfU4PHkWEB,0
6MPpnJDLk37GEIM0iGGITd,0
41U86awdgg7CKQUA4twR68,38
3G7ginVlwmsKqX8upymtWt,0
4Ck4Qah5oq4a8hyVROESHj,44
3E1DLz9jCFpvtQp9u9kKnH,47
1haofRgjpVfOyTVWnjJRND,0
7by9QasewukzoIVcRoE4ss,33
0KhSyTLxO3JsWHCA1zmgXh,36
5LsRUYp8S5nR2RP8sdNFMq,0
4pHRyFLUtG3zt4J7sNqnuB,0
4sdIuwRDXVZEKhs8ZY897a,0
5rXdcKlk0GXKw3Purh6VTP,16
2WBVGEIg5pWC15Pylp7K6v,33
0jgVkOMLMRZTgx06ddo4DQ,48
77sDjYMDyBAOpjpRXljrbI,39
0Cwh7FylYMq0hGgEK4TMVu,32
2axYLm6zrpDHJoY5ioeJI3,0
7x5fLfjbgCFUxsfCUqBuy0,0
30eM8EUY1RvHSAzWoIegml,42
5ewa79Xg31HDefmPUpZX0Y,0
5uRXRlOFJl8kRBuv7WPvhc,10
6mZI2vbLv1UvlclwDQ4uvc,52
7e0j6jReCfN5KJkDNLHyHQ,57
6y7JGli1CNRmvERJitUern,41
3tH16kQXSDJpawV0HvCj2E,0
2pmdhh3dLu4ZjPu7vUUGk2,31
2f98imn7H9PuCLIHurtKDb,34
2oMSXWFg1YuwFmJ4vjK57Q,35
2f0aFeBIxAGWtYKSoSIa6k,0
3jEBoIiTgxffp0ilDu7CpI,40
2TSpFwuz4E4xs1DZn2rmrQ,35
1KHLzYL1noQJJy6JY7txx2,6
5TbX5Af7orkoGJkY43ly1B,44
3ekAN7Ijl9vIemCaDbh29K,53
1AAbYwMYq0JE37F06XUeXA,39
1eetzMDPNpYSZOreBw7SSk,54
1DTRyqSQ6CfDs46Ft9vUpR,52
3Fw7pl6UpksTfmYcXLbvx3,42
4geR2biU0ogmJgtIhzqUA8,0
58wz6SXvLA7JjKtX5Ydq06,48
4emn95gx9O3BIGelWdv5tC,26
3IyvKXZZwgqU4tPxE2LZ0p,41
0g42s0K0OuiUzzRM1qyVRt,19
0sxEHZ8WEPPTWGFXYBdB3O,46
7AjfklMN4WpQYz5FkT4E66,69
2m6knc5tEfzVYwGY6GlCPm,50
6TBF7XZ9qaurpEaNyQkYf5,15
6Ej4cQotdCJ5Gt9xKkPd1X,0
4FWmE1B9LaE0qta4mHikD1,30
3evLDlldkPh1TO9XDrNFv1,14
7vBxSZNdN8gYFqCaNQ808v,0
5Anh8jULgeUgciLHCR25Mk,66
2nGFzvICaeEWjIrBrL2RAx,80
4Eq60oypgAxlX6Kp7MFQl6,53
4ZFOYsaQRauihXEY6yF58t,0
5qR3pYQIC10S7aD2YBjgui,54
2dCD8qq7yHZPZduA8FJazs,50
6W7NpqBIiecNPyKOOFNcuL,53
549NLPvel0Hq2PcBZdGsUJ,46
2m4AKjV0OBfSft7YYh8y5x,43
3afeZ81GDy59tATovKyH6Z,56
2gTIfTr9XOv7Brek0785J9,34
2CS0RcwxuawBHEs8n7gS3i,47
2UXEwIOtNGUUgGdXnds8V7,63
6SkGfPa77E4giShVbk9N6R,60
0KhXVmAN4sqeEgsqRd39f2,54
17SLKNcZHfggqIkVHD08e5,50
7ANroj1yWw0YEGcLf7HO3Q,53
58CrldAc1Z5WIBozT1NMJH,0
0YHBvFhfCJHyP5qfgtiX1o,59
1rMJ3zgDnnokj3yCsCPLHx,28
0MXNzVX7zTva4U569d5oOq,42
3Nseorafz0uxtBrzFMKEsy,0
4xBGYIZndfEI1puWGcyfo9,43
1jD3Cb99wZ68V0obSEKFw8,37
4oTpOReBnndvbEZzjApK6j,0
6mqEYpayC5TQFUYTwx7qPo,41
44q2DhInsQYJ8X1q2H1RNj,54
3n6skGIXpXYK3UVcRAkXzy,25
5NkCxPZOHGCsP2UGDyNLRV,16
56MbtP05s9Qt0NPG3S1QIT,40
3oXNIpoUMdk8qGkwCeXqGv,65
3HoyAX58MUIBFCNmhMliHy,59
0QmLbWOTGnaMgUCL8xfWiw,0
0atAqF01mqwYOOfXVHu51F,37
5QiTs0egWAq0k2O8HWKoEP,48
3VZMAx8GdrO73kvTZDD8rU,46
5My5YI9oqE9MZcHIrm38BJ,52
2mbBbq3QzcgkOEaBLs5e4t,32
3LgHF4Fe2TOCtnfPU9PObU,37
6byWJy1kjx2pZJfmXCCEST,11
0uQvkNc6W696ngO80869ZK,7
4GPRlPD1x0rwTmARsGvt0a,18
6JkES1jmcqmUOWCJTFXu0D,10
1TwVcKR6JojvPwBGbWZT36,62
0wC3htGCqRNJkk26zJG4vF,46
7pv80uUHfocFqfTytu1MVi,72
5dlfvkyZOuBCFP1KbzRHUx,61
5NaM1Pvh51i5Ja5EMb7D31,44
56IszkEOG5lFShWevvEH3R,46
1sQBPGypjSgEgJZvD8u8ty,54
24Rz7seIzZoUYVlLWIAk0v,0
6NblUCwJXYkQlQ6LhcmSlQ,62
0DQQRJ4sR3pxwom9L7D7QR,51
3uSSjnDMmoyERaAK9KvpJR,0
4LkLfPYc3yjOta7Gk8FDRB,0
4L1eqdFY10yO7tMzvRp0sx,0
6AIte2Iej1QKlaofpjCzW1,0
19woxaSpjOefa2JnAOoqW5,69
3SwhPTNNU5hpF33bbCsji6,30
1cPBPL1FlwRM7mYXixVmJB,29
1otG6j1WHNvl9WgXLWkHTo,81
4Uxb6ZyCz6YnB0Rr85IsS8,39
39xVzbZDVYROIkoI0wJU7k,43
5tqZJUHEuqdN12RZVq2l9p,66
564oa00vY05d1uYnTEAAmE,55
6IAgarq2wDeYzpsY2Kx0Hw,61
7dQeS4ErW1iWvnKdrtKwKr,54
1MVpa4w2TsjgUoJxMRAP0Z,37
3myKrRi0ZXU9pRfGgpUCTj,37
1Mza2sr6tPhy6jjI3HB9fW,8
7Ffgp7DIow5wECYQyzEiTq,49
5BOBHIBuzvQuIYL1E1nDzl,63
0Dcv1cRaS8sEUYzjHNhHBr,34
5Q5GYJHW2pAZc5bZKjBjNC,18
5Tp4UJvnsF4Zd05k0zXUte,64
6D53lwtCp4kY6B7aZGkOxB,40
2YnZA9UJFJoHM3BAUAmTHR,0
5dCbF799lzdTCc0eHLKS12,14
6ASmDSPVQ5eAPyuqvkFJsA,0
3J8dsSohvCX0jgG2TVDN2A,0
0yomhqoETEC3360pML8nEx,0
7jjzb6VsR3MTk7dIb7C8ma,0
6STQUG57CklxDvBmrV3l0T,0
6ZvMDPJEXMgxZcYLGvf6ts,0
1QLRsTQdtz5KTXHndX1sLd,0
5vqxTtkfBU3dtUgGoPEsiv,0
4ipa411bzP39RfrNdUcckN,0
6N7ahLwkE8p1e9v6GIrp7z,0
25BZ97EjMp42XIu7DzbdVT,0
2gpEHrWOXBpeAIGORiBWw5,0
6kv6xwlwm1fodXIKYNTvac,0
1K6Rg7qwAsMAD0AwLJTvvT,0
26xoZDVceioM6QJwb3zbVN,0
7I5U5k63Oa8ayMpWRCMgI7,19
2mGWmvIIvs7jKEXxyh7Wfb,35
0RJf03zcEmSCv1PL48n777,2
6sdX6dI2bxMoBSFOR85VAn,0
2GHJIrkfdGtr8CReJrISw2,17
7BnJoLoOxYrNxzo6Hs0J7k,0
6ItLASP9h9ZvU1J9iXEVXS,38
0NXaHNdHP9uA9IXM54y4rC,20
12tomJynzttjC14htb6SBE,0
0jwDEhz1rzyyYYyWfF8Pgr,0
0gT00heO9IfOUFwdkcIOVH,0
1emxi7e5EWFsJmwSKTuUDH,48
7ckO5VCuSYBQGceDzJMd6S,0
0NXQ8VCPViY9CbIT2w5t5N,0
2cCbcR7odUks48dXGgKgEA,0
3tZm76otWH20xzJC7icHCk,67
2oX46s90nkZtTbCowHiWVs,0
2UrAeVF1jqprpG9mWisUH1,0
0S8szpYAYYZJGHAzLPF7kZ,0
5GWV1AwlBbiwbMu6KdUnr0,0
0aN6WpOVcTE8fmmZybZzc7,0
1PuaKKWGYgscPXNnqdBi37,10
33zaP9mzOPm76Zf7HPGkaw,23
1cIbogH3UKRqDO2tasfPTg,0
1aiEUezEsSeZhXprf4bX5e,0
0Kd4v0hGujcMGQKy5LvJo8,12
1O8cqTQ6FYScUEAr6RTmQE,0
4VaautwnWDkePRnzcDhAYY,36
21YIQ4I5xNK3GY7jorq2tO,0
0yKXxMgfRpYzVeIbPZss5B,0
6YA4J5rBfkWZFawehom0fm,0
7Mr2ikCnz0wRaYpqkwnSzh,24
6GXe7h7e3VTbRp8sQ7GLv6,42
4d0dY3ZeMdoYrD5YmdFvWZ,64
7LINJ2qN2WlTuL7Ij9JnyE,0
3mXpK8NQbRujdaIoKZzn5M,23
79VUYSlW3L7vPNLbQCjBoM,0
5LIJvRvIT5aEb0Dclhgy6c,0
7ykTRGiYoTPGYZCajeEghK,0
4U9uKCsD9hqmOFVlraX41a,0
5C25hyezPUXfOktnlSBAQ0,0
6wZRGjTX4Hsq3RcO1t8S61,0
0KQx6HOpJueiSkztcS0r7D,80
7MdWy6ICKc3jmWL9fFAvoo,17
4UzOda57o7ByOBubmhmBrW,6
3AnvtpQlmzUpu1Z0x8UT4D,17
34vq540jPfrXKt2aogxib9,28
0Ryp6HXZv4fdC7wfLJTdS7,12
5B4rfvTKKv3sjnRghgivH1,35
3l3PntoToWjVsXDLTWaFSB,0
2lNys5rfeHsRPwWeCq60qz,0
51cMgiP4rh7RU58hsLJjDR,0
1eOCyaSRBdFGofbLYjgGM2,56
0nNxFQDvrQdYZhqSpEwzlY,0
2b0Db9h4Z7F2ha36YbhTtr,46
1kKLWkqyZEnrOd5tBYYCUn,42
5GDLIsTRZpB1lYUWCaq6ph,12
4kACIeHCApBCrFPpIRbeeB,4
7oCT27uC8YRpj73jJsggAJ,0
1RFM9jKidX2AgZAuV85ZDx,1
3aNxoS85gPgXzaVMQ6N5ui,44
4kQ6ePhvkPxFgiMnxKWfpm,0
1PJ2g623XGObGyUZGK913C,30
5KcZcZOfq0Kwpa6fhiaGZu,27
0qYAgbjY0oONzeO9gVkek0,0
5YjxMnQx0pEdgkzwDyeXGQ,0
7lWv5nVZoX3Dkk2KnZS2jV,0
5rjPINVemhJJL3JUiXLeV1,0
4XibrJJHS3DJO13t3hF6SW,21
3g9nxeJPQM4CxhHt1iNlB4,56
4cFykOhUKQ5dnwLYf59s00,0
1sZOwk7oLpsVH6R65wyktS,0
1Ep0pA7Ld9WoMVWC3zkhOu,10
5GSPbwdtRrHJII2T8AOckK,5
5723PAa2SedzxwifGHy7pd,29
3Gmt6Ki1tySCY6sXvmnR1Z,0
3cJ1OmQXzZFd6vPxILAEbZ,0
1EIvMRhClzMkbJHZAd1Aqa,40
5jIwg6dzwp8I6G2x4joQ5R,0
3QShCUNhvDo21w3XeUE2qb,0
68Zg9JQGWw17f6W59UxXYJ,0
5nOhowIlTe0mAw1i0RQUgn,13
4Q1grs5HY4n8uDIdoqYHCl,38
4QoQgNqZRWs9euigbbYP1A,42
6pTOqW9WKaSSFBLzp2FVIb,17
3ELDXXIcNI3HZ6LoKK580V,31
4lyjlRP5xoJKsMqwiz7558,43
5jgEJXjECdlhzNgfITSTVm,66
0fqKsU4Hsnb0oKlyjat9da,39
10sYl1hGa1krqt5gfslCZ0,0
4lz8RL6TkJ3XlZm0wFfjpR,35
48wtJb8w1yNSLBVy5q9Wos,29
4dA9s3ai98THG4nQlStPes,28
4C8bbFSl37YUCoVeyr3Fl3,52
66QhdvUCKKgvNJVBjIHKGv,48
7IASPK6EZGNTHTxT6yTp0G,29
74HYrIbnpc2xKCTenv5qKM,64
0QQDaKW7eRRoqvbLCylzrn,52
5dd8tOJwLqEvasVqvvrJzV,44
18LavD1R3IO5UCtkXrRVzm,29
4jsPXSR5zZoOHv8uWX0PGG,24
4QD2lJZA427KI59ywRAmyL,0
7BgUcOjSOlKJXASLgJ6bx1,59
0dbuo1Rl0r5ba9HCoaSPL9,0
61AsTu6vfuLieRBzhjskSy,0
1j1uJHqOWownbmqkCbcgCQ,0
74F3s25Zo99d3Ze4qztSPu,34
601ZisFeoajSaCjatZlYGl,0
2bZfoRmADhlF5gMCSZ4pDS,0
5sZAwvRpnoOWrQY93LofKp,0
5q0kCefoIXTSyPdG3ftcec,0
7GxyTvjHH1rH96TYJnBceA,0
21xVx0n3qonzK2PXah9M1S,49
04b5l1WOlEonBLK2qTZrUV,38
72by3Re4C3eVEBXvsUo0zV,59
0FsqhyyHNZJfK29IpHihMK,43
78W3OjLt8Ugxaar3h9mY2j,34
2yndyCjYuUzJyBOQfAIjII,0
1zYNxblaA2j7QrxOqaqyEc,0
1h2LOOg8VaNIZoXxc2J9rk,0
25YxmLweh3btfo18wxp7tU,0
615LO9eHlx6xolbrdQMI7c,0
4Aa6cwl4QQMo61ej9Ucxeu,0
5QFLWPwiMqc6QReNkmAWWY,0
6WvaM9yVAKXKxuD6EdHPIu,0
72EpZIUOksNX1nI28s7tDi,22
6pbhtrRxS6xt0GnEKtLxXb,0
6aWwvl4NxwBC7Sa5kjTD0s,0
5a6cGfEIJ9nmgBuXRdb57w,0
5Ll0VO5jrM6rN9cv2bPLl3,0
6EqT8NTv64FId3JvxBe7mP,30
5tUXQvc0yMQD42799A1mec,44
5M1tzhbcYFY8DwPFDLSJXG,20
18LxLNSgnkXRpijvMTdVtK,7
0HkcFsicQMIumVpNNde204,1
1mD6ztiiAXEF2YhqsfFCDa,0
3c3yFXZw7ECjgyTzqiAVyM,2
2REGtB7mzeH3GmzpCUPJRj,0
7aK3qffwZNat7UlDFn28X2,2
3BIGSNjb2Ao1v7rOiHRPdq,6
2nT90agaRPagnai5AusA8l,4
3o9PU86yJAeojzW69KdLh6,6
3V5mBc8Qhc9eQnqGnjKsuB,0
5B26qgkQqc9F6OnlJGjzFb,2
2v9QddUdHVKOu7lNpCaXa6,0
3ywXd57iSPA37YT0BtmP3u,0
7x6ev0H9OAmvuDnyuItBZS,51
4y4ilhWm4BcoWs7o5VsI3R,52
72V3zdMD3x7CxNhtN7xYX5,39
78mehkHd1WUDxhcLXkbrLb,48
4yzXvKrnhzV39vbI9fT0ff,35
0jET2Wl3JrzW2XCsFZza6i,14
4q3t9aqaNe79qtLb8mYxzz,12
678xbt4SczRRWLa5GJFe6J,6
4xeCIrsyuB845UFCQsOxAV,13
5I9EBA8KTXOFhwjwWgrNIP,23
15EFDhVPZN6UCBv2FEuwie,38
6ivEZ3UsWccxvqqqNXwmFB,32
4J9f4lTe7j03M7j8rdqVOF,30
0bHs3ly4Bv5BlzE3KrePfX,59
6A7A9t2syLOYlpWowYYhKm,29
3egFyD0Pe21jXAMAnEuLDl,33
5Kjf7kWia6Ey8nRM4Mgj5l,48
7AitCDHecfsGYIb9nhrB5q,11
7km1tntASwmtyzGr8vaT0e,43
5dAyTPhOd3pL5O7LBoRRbS,41
7MFYcmfPkJ095X0Y5FF6ny,36
68MX3Id3tWB9CKV9LqvYQy,18
6yQ4NYT5DRVBNfSksqgynG,27
3nOj4aPgG5KOMh4HBJYMMo,0
2womkqclvLGSEyJ2YpwwrT,31
28luqgS4NCuFKP6YSOtia5,55
5dvpipXxOIH96gcGEKR1Iu,60
4brX8MJs5hxErgq48f9REO,64
4mbOTHs6heygME9uDHg0mf,48
5pCRjB4ODnrZQOKkeck7BU,18
7ckK9JSAnCWy0m1fm1JBud,0
5iUQMwxUPdJBFeGkePtM66,69
22sTSq5hrpBe4OiWgylpAC,0
7uJvH1U5rhQBEwJILAyA3D,0
3XbjOJKGFh3ASjJtzmq50J,23
5Jc3DzT6kfUQE5rZ076fpR,25
3OmGcFaCHyCFLZUw4KzqA1,27
6P1SNP4w09zcvdt4oytb5d,43
4BGfM7Faj0dyEnSuaOw67j,0
0HvrW09sl0aoAEmlIcZ9s6,0
4BVPMFwf6Xn3y6L1J6RTQt,0
6hlLKByDfmpoQQrfag0LzV,0
5dlGBAAl2LSIh0ZoxTeKlH,0
1MvH3FdvO17S2eQ4IeNRCo,56
32sBVB5HmrwJ6e9g0S2BRL,63
61OMCRdMORzZKZ5ury05iG,0
6gAJcOuegRlexpvS9HN8TB,24
2UyGnc6Hw8lj1MFXH3xGQ1,3
27x2tIcwJswikH4dOgUg5x,33
6NIc9aJLGBJG2HcVPx8kE9,7
5hqQwloNLjoiMxf1cOJLOV,23
127tGTzs76FtJSi0OL8iWb,0
7E3gF8d9EEXRqLzsNKFK3A,0
4ipLV4JnYWihKOW8MPoF5K,0
6R8YNdqZntFupGut94mauB,24
6zSe7ZKNjb6Zl5AP78y5QN,47
1lCutqtm2c3N8BNuYMCTCQ,11
3DlgDXIYtnWtJKiB8bZQMv,0
47euMdzPz6bdj7EKPy369S,47
6yIjZliWeKDstbA70wYwm0,0
39NDBdU5Xkm5pCFGa5kZtI,72
6frS5yt1VZWpjrsJDNbzN3,0
5uOXJ6ohLn2V3FRxoFrkgs,44
0X8bb1DGPPvrek9OnLJ4Cv,0
4UW4I0a056lfIaghMSvaf4,0
2RfT1lgI87TDqWFM10dBVa,0
0uPA6fX70cCdfG172jdcKO,54
2vImBrdMibzlohnN0bffPd,24
1pynf76l80VPFR8pEQRLOu,0
1xCkZYGKDv7ELjSlIKedOy,45
6ujl2ZS1tFebJK2owCHWW4,6
6eQ5PZ0nOj4vKAX63dIQSJ,44
5vhwne4NXUgFdtbnTMz37m,27
2jAn0rAOyLW6hIEuIDNcoT,63
7A4DelrsueDxATfANucgZ9,43
7rt0kEDWRg3pgTZJKuszoE,68
4zQuwW24dweWcaX0fEJkP2,66
50oMV9ChVZchW4zAcsKigA,41
0CPnwugq0UbmaT19wAbhk8,0
3oNn2Qg40BPekTa4zxpSp2,41
1WArHcLGOyA5YIkcEBsg4L,20
3GyvdyLEZ71aW0U1VgHHLF,19
1Xu47hsEbyKfdmlV2DgQw9,0
58MeeOMk6PMQxXWY9YCNPD,64
3feSwo9dMR0sbvdPU02xbh,0
07DzlYy8cePxVKpTFC3zvg,0
6gifrVamdnrYxkXPV6ul0k,43
5yCVIHTWd5HiCO4TbActOu,5
2y1EJOmGEgpUISuXmW8KOU,41
3FReeuzSopfaMzL1QXbqEa,0
5YNthZljl3VVkWKWzL0gQv,1
4aA9Zj6nzrdBjjuY8lQDxL,39
5TUfKOVdzg2jZmFd7HpVi4,0
4IiI9lpobMyEbhV5VstNs7,40
5rIq9qIH2NERKuolO6CNEz,0
3dqDRmye4pQMEHBFvJxhsA,33
1eDS8ii1utvj0PjfQLrDb4,63
1cBNzkPsAdI7XJaKIsjKUk,35
4bqTcIQAj0aqqyS5LzMVPx,40
26RcjBcThMrZ8KvsqApOvN,0
4ZDmwD9RakgRLiSyL6oaKa,20
2ik5YFBdGUmPdT5Qxx1Mwf,0
0VughFCmfCAbSPwfAUNWeU,34
1345xOev1kyaeqRdeTxiLi,38
0DJBgfyaAlT7T0i0YAuzrS,35
1Q7vga2QfgMUTmAWXWb3CI,29
7thr8kzCpwu5ps4feugpkj,0
3a1jDMHy0W7598Mu3jkLBh,39
0FMMLKHb74VB0H5u2fP6xo,53
2x5Frs6ts14U4MSLrQQlXg,11
1x1BKrrpq7CfOZPBeUsx16,47
2cw5oXKN9cVz353K6JFAbc,0
0n4bhnGYIoVlEGGbuogyOF,0
04Uz6OywoKTsVETCQ9vAP9,0
4RzhIVXS4ID3UkARntYICJ,0
0YHTIIZalPKM9WkQUDQ9Oj,0
2EWg5vyWthxFUFRtcwpnpo,0
2KpCVL6gtwaKAbyCcwvADp,0
4zFDDTSInTkLg0d0KzxqJj,0
1mfcYIaZ2xiXv9q75sxdnP,33
5itV76hYlBdBeUIMZlkRwE,37
4MmO631CdxuFOm18UVbhkp,50
5BZlA4HSV36XZqnfOQOzyz,32
6U1J1IBf0WrwKnUqoSuABj,30
7G1sVwrOMDULbm28gLHKbs,26
2YP9BF2Y9NUMJqgmx50FLH,45
3YqoVQblEPKohgRhvjrj3t,16
4ho1IGIXGpUAdjnIxm6y4J,30
6zft2zhROoyqxbNuG5piOv,12
1LhJHk9KH5HZsxIfpTHRm4,12
7jrmV2k23QbZ3ms08qhG97,18
5ffsJmXSU71JveX1hC4IFG,15
2dtRDOAIVi1RhZ1LZpiXn0,12
1Ljc8eYYwzg9lMzk5QvYrW,14
7iWxKANfS7XgfKPZW9whfR,11
4ty7xlPcY95PFwOR9c3qRT,7
2zh9VJU5HyzDBJIfdTpeOC,20
5ZJSYBtS2P2NmFpYqJnDNU,17
63hpwQ6bWNxQ0YWTUaGtha,14
0zMBgwM8IX7tC0oVSM8hT9,23
5FYQ27w9dCOPtAOLIgWdVF,15
4y173YPGEEH32niIS4Anb0,17
4668NzBeVEmBV175TwDRiL,12
5J3Vufapnr5ThbwpcbxDoi,0
4EBHtWDWT3rXDzfRh1CIMR,0
5X0FDRaiN7aBScXyJwEPMG,0
0Pty8SVxAew9j7eBOD8Kaa,0
5ao8tEjVqtn9zx0YHvtNRU,0
74UH2neux1IsLGhW0IOG4j,0
6ZkCW6AT0fPg6Oi6f5hS8L,0
4Kt9ktbH1rLPGSfc8YXpfr,0
2nMjfJtl5Tj5F9vzuHhqOl,0
64F0vO85TOINI2wItykfU0,0
7ISDHzm0wwyyYTA6oBahNC,0
6OuFH2f6Oq0QddSmwZJu6T,0
36x7aTWJLabT8s5pazV66a,16
6AKoio5a5qRiIK6QvYJJrr,37
62XLlA4Rf4m406v8vprzSD,22
2aZ7e1oWOjztKYRBJiAXHS,0
4VaoEK74pHlhf72js5Kbwy,0
7KhafSGST0BDThAmBrUSgr,0
0AN7buveJEF1x9YwnAbumB,0
3pr5K78tjjl9lpgm6CDzwD,0
2RJXoqhihn42mmQ2ZLiEO3,0
0pE0iF1LmCtqUWoLMZWR6r,0
5aJg8WWDh4Jfr8wIJhE1vl,0
7ppgB5qYI5nhpWg7e1tvM8,0
37k5Fz1L65ypPdLOnO2EWr,26
6AzSMF56Bce1YCaizQpzWH,35
7gdgzCgsTgmYil11lt7BUw,34
2FavFnagG4fHny2f6GSyhr,24
1hQZiYDGr6bbLc3ZxsT1CM,31
6meIeOX3DHdaCnaNw67abE,44
3QOJdBuXIxpfZ0UfUyErpJ,0
7jZN1zPbCfujEntIWp0UuU,0
1GbISZGgBfYuiM48ows4PU,0
1a6dXyCu3izFQuW5VUzoYc,0
1RPlzicSrdBWXLCBu8ZnO8,0
5WTCHYg9G27e9e5HFKGdd1,0
40uwNPMXHFJlZmxjzjody3,41
5RSpR665UGsu1FFEq1pG8R,53
0JUWF44gfMszGNhjCF7Ufs,64
38NUJ71SZ6h0RhWCTCt2wi,35
1DWfjSM4lKBjg7hQLwYkr2,53
3M7p6WJoq4ErrxVmga2sov,32
69rYBfpfc1RXKW8W08BPhC,0
6WQ6SSZtvdLmmXkmliTasP,0
5PNbUaIYAbm7clBZeU7oeQ,0
50RKxAH1u49WI5BI8AlRaw,0
5tAINIC5mrsL4yu3Pi8Krb,0
4TgkPULl2POFQoGOGZ2KgX,0
0kiVSrhKLaeij026mcoqXE,0
2bL76Bf8nqqy9dj7tgNVV3,27
6Nq5N6GC5Ik5mteYWlpgKp,40
6w9Ob2zjMx1o614BI9wZsI,0
62pLjWF5RRPQg3mPCLDwf7,0
29KB0fBhoo7o9QvGkG8iHQ,0
7EWiAH42N0RMovbIzah6hs,0
59ec82BVYaafQKsam7SYId,33
4xyoLXrUb0cpROQwZe1ggb,36
5IFBJX7Wf4EzhECoiCjCch,40
0R3OnUm6RgIpRFcckCoi0x,38
1h2LHhmyAXi8tPNLi806JA,0
1jQfgl9WRle7D8a3GXLwaD,3
7gxJ4A7XuV9ZHw6ZrTpfp7,14
32vbyo69yJq5WXyvHCF0Yp,37
0JwfrZk5keNp3SYhZn6Wi1,71
1OepcuP3TLFht8sgCYS5l3,0
27snqdLCPt0CshtieduKID,0
7EMlE67VdDAYUcSYXO1BEY,0
7lkA5h8ejsPjZcLHdGiHdr,0
042wd4CrF4WTAwiKs0F7Ve,58
7c8kmH1pdl1ZLsFxaMxlUl,0
513Tla7AksgNgCDZwOT2LU,0
0tBePnYDUyacbXvTIvTGAi,0
5Jjuv7uNuTbgzj8dl6DeXG,0
4UOSM66BYQRD4YbOIkcTO8,42
3jP3coGrROR7kjiDlpoRph,0
2XCTU3DJ9W6glWSkM2uQTS,0
1x0OUPKa4Rcj1jCoLI66bZ,41
0Y0JVqSlj8J512B5kjKekP,41
5NbdN6rPwkntsk9rdHO4vl,48
7JJuFG4gELSwccbMXsvTVS,0
7MiWY7OrnN05ZhLmJl1PUl,0
7DpWrUnIr2vWAXztBGcoWM,0
1xV2fxgmXaVJ0mJDgFuG3J,0
7wnC64YPj2YH2oHYBmCzHt,0
74RFiTUWHQwWbqhVrBfKuW,9
02SUyCzxfqllXeEUqVNMVv,41
7j8k8M9korrPWTERMyD7mM,0
5RWOMIPSzfdf9IO6KnFefu,0
0To77mmBsRqtWIZHcnpMvT,0
6kgLcuTv6qe1I3xAKaII8S,0
1JA1CkP5hFEarsErazLeIe,0
2kGTsnVVoDsQuFD3WrbH6b,0
62uuztuThFtrMuigPgbGuR,0
2c5fBBdKPfYSSjqQR8r0yj,0
63PJEtaDQNx3BfJTqEY39c,0
6LRRTTt97J9LnK1D3YcNGB,0
6fbjdXZNtoAJbJZUeT87Ii,0
4qRjfovbhI4EwP7VQNfxVW,0
5XN9jwDlXAZ8j5nMcK7S1d,39
3jo3NCp02lsym2Pm4l8hld,22
2NjYeefGWvg8ErbDg1zSnz,30
5sZ49nuYd2lMeiYCI7UfN0,31
4D7o2dM2OeEFXB1omK5aTF,0
1wmQEa5wqsnhBaNNYVwet5,40
1OLeA7zpNAHkHOzBwjYfy7,0
0PEXp5yk0sx9dJ8JzwvjJb,0
2YXYKrW2HtvLIVCMD3eXXj,0
2HytB9M0U9L8fmrDFvDgXD,35
2VsKJODsXzU1NtoFYIh9FM,42
4M4IQlPTL8arij7jFFetWR,0
5GUYJTQap5F3RDQiCOJhrS,77
4L7jMAP8UcIe309yQmkdcO,2
0SsL24tWTdMshmTBhK95HV,23
0UPy6jay9WQ2HSOiYq7nJy,23
4NHanbCsMTqUxOpPDrAPuM,0
05xA64s3UzOOmAnh9SIIjn,0
3bPlMzfHJMYqdAC80NLPTb,46
4Sqkfwcm0HsUMlmmmZYTim,31
4lfNMly5kJ10aXlq0DhnOp,0
0GOVA2bOtFTAONKhbknj2W,36
6OCFXXVmoPFtidXA7ey1SI,0
73e0LixjWj3e8prfptVeGD,47
5EM3xViVNKGC6QgbhdDwHW,33
50qLAF3XgfhtaCGDKT4Kks,0
7sofbCzttnuYzcYKVJkbjg,0
5JdNrqdRbwYoZeuErHRf1J,0
31c86U35gJEV813lIaQzZe,0
3xlN0Fe1oEOEiE3yWLYcSD,0
0LbK1bodGLc9xmV1cS9jvL,64
3xhXKRGahWzcXF8rD5gUvd,0
46T4UTffeX2GrfqAU1hGjZ,39
6wGXez0O9oWzHJA5RKvhnn,0
5AUl8hyukPfxgVxniZFXAV,0
1l5AqNHJ3foihftOJ1R7Sh,0
66p59VAALXRlp777aP1Wom,48
0avSZqODpo898TKYgxxFvZ,25
6UQDIIEPzeduwXlZE86SOF,37
5RcuACCOhgoc4ZH57AVCLA,51
2MXnOfWDP2wDO34WFqP5JF,3
7zL1R4SiaifOwieMmxsG7i,11
204PMLBFTDVUHjy44ODWjv,0
2lTL3S3KG0b728s6FuJNLf,5
0U0TACyVlSf1gqFXqnBeA2,0
6BgRXHZK7xJYbazlQvKYJV,0
2MFB0iJptgZtQGUz0PezFa,0
0TFjehto0sBULg4bCiTNb6,0
41h0zUSDUFrIMq4jf9CGM5,7
1oxL7DwEwi0L3LpOrYh8xn,9
7eGra2ciOiLDjn1XXOJs2s,3
4Z83zDzjQyNCQgItGn9h1j,4
1co5vl3ZGNEtkbH8xDrAV9,1
0unTGcjFrPA4UzC7Ro9lBl,2
0QcDlb3cYvbVt3LvZE63Kx,24
61CXA6nMgxRc9oQDmVwNX1,15
3KF7V0e0kVU9W8h8LgJ3JY,25
0HDTxa1k2In5hGS1GrbE4I,24
3Os5bJt8sa607te5xqyNYP,13
6c6VecqqoYOCHul8QvfWBT,7
6WMqWv1edtt1OL1jre38pL,0
3RyKJg21cecLa7DqlzmMz8,0
0olvHwDoIER4aPIrCVeHXc,0
3hbizHj0zEkZvam9mVk8if,6
35HI0iuuROMGCjg2KKgHfc,4
1hIBofedbfeZS8V3RN1By3,2
3yeBgHJfWqR7i1wIRw4Oeb,0
6t4UID7Lgxv3SQExFo7DIm,0
6s961AorFHwuX9KSdEcJfy,0
25p9LHKSXVRT5DsH9iNqQn,0
067rttIeRuLeNHM2dAPb4Q,3
2Vup0lX1VWmjjyRIYRZi5k,0
4ezxMulRZWUWA875Ckxf3p,0
4MFlw0Rqj02GpUv1wuY2Dx,0
4efrXQJaksEgulEO1gicbI,4
7KXUDNOq0MdrZ7zuTVWCIj,1
0HBSsQSsYYDDVf7vGvUeGu,2
6oxTmdk5xBuOTgUMKEqBKu,3
5VWN8bcEVUqwTNbeu7NLJB,13
5ciOELC8e3GeHoER1o5SSg,0
74VtWJjaDMnRIhIF7C3kmP,0
3YUFtdyOT4bZlaJ2YzjGDy,0
1grjXpi93m70kLPHNqwbXl,13
4kyXwepLWWn17KXd6kld97,20
2Y9pYS0xxZB6a1xduvl885,4
3rDvnBhpYg0pwViWJnNvNb,5
32c5K5MRBljaSZ7A7ba7Ia,0
26NvNFPx4A2ODz2ph9hTqA,0
6tUuAUCUdl2yrhjRQDftMi,5
5v6ZfHOBglPvDu12EJlC6h,0
0249LlM4KecGcHlSc5zFAW,0
0bgVegYLX4hvM025wkxmqc,2
5UEhF4kl56BRQGBm2gyciD,0
7MxfhFROuI3vSutVyz6lRB,0
2T3jxtnKXLobkJNLQfbCcf,0
2IFsKfIyb9haLY109j3z41,1
1TPVFKsYJqlY3eN6wdDWFR,18
02jRaYitEwEyi4VLjn8lVh,0
0TEGzVIGosKI7M5m2unDjq,0
2k5SlRwPcIla0W22nC43Nk,0
1W5Z5qzqGVqfVLfgo2JdHi,16
1VHszDbet9D1SfmPKkWyqw,3
0q7yWiUCIuoWnDWL295iFb,11
7dqidLW8nhtTA4sfJl3naQ,4
6Bf3yLzTAoUAGCKDocLlNN,4
03qLoMUX19sxaOwvLcKhJG,3
1zwvZLb6YWNDWBm7oCOtDq,5
2sRMb87QD0OkybA5M6NsTW,1
4Za5hZBGX6z9a7X95PEFI2,12
57o5LnB6WH9SAbb7eOmigl,13
6rcbiLefmmfIR6Gz2GQPrf,2
1hSwnYZzE7j0c8S1ziMTzA,5
5XJHPtlkia5JnccXFBSGbg,2
7bMq2CLnoU1qVbwmfXB8Ab,2
6N5iZk1MiuTZXUaGCwYe6u,0
7H1PgQhT9nVen9WY51Uk8w,0
7n5fIejIU8XJ8BZMLK1UTl,0
1QUoLBpquFd6S6Kuicd58b,0
730CXr8MWOcpKmv6SdQX3F,0
494gu8wMGboUduX4l7OTC8,9
0PFtu2WxSsK9vgNNeI1Gra,0
2oqiI9kX6Suny3beYxBlzi,0
10GibFPOgO6mD6qMQeeVoU,0
2lXWzWUVCwM9F3oBqeQdMK,4
7E9ZE2oITVBddSN8pmBsDS,7
3THsOfKONpYiUX3dZ07JFx,2
5mrBYl7laD552kxVsSXy2j,2
3mIanzjhThM2MCNfoI4hGF,7
5wezdyzeY706PFC6pW0WvP,1
4L2ZMFzOIkDAuD1A9BwJQj,0
3upRz1ufZCxMcGj0esFRBb,0
5cgzqS5qrCkc8ORkBywsPx,0
4CuwGrquqpJYOqbBkYtIY0,0
7FFO3zwgKEmmH4L5KngfKP,0
2gRovAgSAleWJy7e8m7tCd,0
0Ov8gsuiq17EPY3uKMGx4t,0
4VtYY8IfgqIWZhJCz7eXYG,0
4SWUAEniXOiGiwXYPAEiLV,0
5dnvWWkwwFJoDDc0QoSbvf,0
1AlcpxsgzYwAJ1SfMPPWU4,0
6CQaVuICm1WVXyy3SZ5jEI,0
5Ru9OjtEw5htfnVKpYsIcv,55
2jJulR1CTEuHsXpS6bGDou,48
4dtfrnZWZ4Qttt1xJDT9BY,46
1vrMGV0cxKxujjkhKiFMUe,33
13CLufSzf72lwWXJrEvzF7,0
7lVxWMH0C3Bj8b8JLkh9EN,46
14MRu7f8L7mmHjmAdxVu5I,0
2TTINcGQL5UhbHbpsQjYRr,0
3Edhk6hCyZ08Z9f9O8XpLh,13
7tBZa65xUKMMan9tIMPqbi,59
3Kdo8Zkp16NQBnJU0QRPhy,6
4eX7melvFT67ywDZB7kw0V,0
5IXV375WDokSNjZfR4GgnU,0
4oiAlcisfimXQc1wyAtX9a,60
0ZmQwyyJNR4nLPwhotSopI,0
79UjqYt9MCLlBpzAvaKVJj,57
0kVebH9mitbhW6nuiInDuM,0
0Q0IVlqMV64kNLlwjPj0Hl,80
7p6IXGLt5Z6XYthXFlNywB,0
668ZoYvHRo8mMKmgLlBVXk,0
17zF2ISrDrQdaULA8cxReK,65
3TkNsftUBh8dwwLUHpmYNC,50
6h85a4Hgx0FAxJQtCKuYO9,23
6pkttXoVimxUSMFbQb52e2,0
3EoW3WFVterpG1cTPUvoQC,48
5MjAFPcmrR1DYCgZrXCN4d,53
5LC7nItIEFp4nzdFdEGbf9,70
77tviKIXH9uuErKOHoSiMO,0
1Gn9E97yfDAORWpqxbfGUX,0
2xw83SYMla3pwGna8llGWi,0
2Qmkg3JVW6e0w55HQudjSW,52
1qiTvDvaUqfpTKopOfby8h,31
5LuXEmya3JlX3ZfdudPAbO,42
2pygzLN7fwCgeW5FNaugEm,37
1L5tZi0izXsi5Kk5OJf4W0,64
5CDrDzan4wRW3Dj4LD6meH,0
7rWLRWfPsUzU6h7r71vlOM,0
4tOmFSoQA9ji8lTxAbbvq1,33
4XaMrEDm6mrjBwGnQ8Dy4y,36
74sfJjVq74bYkxMQoOhH3r,38
3U3J5v3rkx89WnFEQvAJD5,64
68dd9CEzAUc4zeukKzMJP5,49
7or26qS3BfpTtWO3BFw5GE,44
1sjE9VTx9Glb1Znahf2xbd,25
0nruobjhKItGHfkH3VbTXy,48
0exKMPo2iind68yWTaHCrr,45
4jBPWUAtvIbj7trXEg9QPJ,38
6Zu27PkzMSe2oL9kgCXyk3,36
24NcYbEauj5ZYpq6Rp13q1,36
1yLbnUcF6VkwYx4vNcM8se,0
66wkCYWlXzSTQAfnsPBptt,71
3xxmjMvJsSR3L7mUOxP9QA,64
6OpU3cvY19M2hFxTbLKy5L,47
44YAJYlDg4EECrecze8BU2,43
5TAf4lnZCZTLlZHNZMLFLi,74
0BhvzFxq3FHiMdGcLiTphr,0
4PFnROqBlAVnizUrhF1x7C,53
3sS5NkiQMcSZJHxYN8rpOf,0
58Yv6iSIVoOsrP5QGhZEu1,7
0g6NSuyHTmz4DLwoGt5Fil,0
2IU9XtrbGviQfWAjg4x9kc,30
5VWVS4c9oLaCFsFJ2yGkSn,39
3dq91g5o0wcFKQPdpaUSlr,15
4ThTvhGNae80mrLsMzs4Hb,0
5yfwJb6E2vlnWqxicBY2yj,24
1DLhyRZQq8YRh4waqHMfet,35
6xpEVwTvW5KNqPQ7yFpq12,0
3DkaXDmC0qaFNAxgLMuwX4,54
2jplimH0b7Abf5LQSPx27A,0
2mRu5u0omy8xHggBBW7fG9,13
2EeDqZf3Kh8i7wkPgDprkG,11
59tg0OPhiHlbsVZ9GFqUk5,0
2PzYqACbv12FNhrlHPfJEH,56
22NLm3IIR9NLG0cUYtmHMW,61
2bmVKEPgeNj7qh7QsCQq7O,0
2o0QvvMoiq2zIQ1wWhqio9,0
6uSa5iCMwPr10Ftpz8w09b,61
4Bs9NcSkWJ1uuV7lHnTXxd,43
4yorDWFzW0orW36OMr9WSS,36
69TENP7mK0C1Qxgi4dpsDp,0
0qIRdfBMfAfLTMQuVNMCeI,10
2pjhbhe7wLELjw5PiEHgU1,45
0q3q720x1nLY7QqRdeY5CW,0
0yonyImAyAHooQ12SxdHaU,20
5IdPVawDl9lz84nPj832is,0
2semWw1jR12F5g2X3Iz7Qq,0
5O6yk6U8L3rTbFsIwuqe8H,0
6viJumjXFeskzT8HBjhMe9,0
4YtsQv4fham2xoPIQ8Ho9Q,42
01M4Wng6jF5uoNEHLl2OIn,45
6VFsANQUaZhXIGbaqP2Yhf,11
5dSiEfe2Q5RLXXrsmjsMed,0
2L82XvyoCvUgePuljcA00o,42
60f9lgHK7keGA3b84L0d4l,40
4Msk8J3ymLJNpxTQ9y4nfR,20
3YfovjrAI1m5Y5kprgEXcm,42
5l43cvpvx3zpInfzD6j2UL,0
2k9Mr779AIfm1as7TXEh0g,27
3Noa5kppo2crIEMpwOmsHf,0
6LMeLQ9e8T5YVNFnwbliOI,0
6Cl90cl4efMaG05Xm4LjDN,46
2MsDhTOfSW6XC5eAYibdlo,32
19KlLuxA7AxvQpoQYx7zhG,0
4GhbRPmkVfAZmSQZqdifrn,44
4Pzzu5xpOc3e41d2M4MWxi,0
59vcfBSy2Qa9Ytg1NdG9uo,0
14A9yQxz4hjMUeBSYCUOLP,0
5jo1j0yX8cHIgNkSOO1bqW,11
4HujwzHGxXQ9BkrqW3lIfJ,0
28YLWwEB6xnJQYN7e062rH,0
7e2lRhdJQ6vH4EwOrIMb4g,0
44tDqFYrK86OVaxzLhUbVv,40
6DLF8OUu5NOyEXKbM1NWDc,0
6DbLVUlvJckJcVnxNW2xak,1
5u8yoJzasvOhdNDhsBtoje,18
3qE2w43yCbFDwkeXQsDAu6,36
2sXnHk6Bvw3RByVMpbcc5A,0
6RToez2WyNjAr8DJl4DIqV,23
1cl98qoQjjIy7YxeIplAKZ,16
1JkhKUXAoNivi87ipmV3rp,60
4H5ihvXmN3NpxTiDs1wJKZ,0
2dk5HQv2V6hEVeGGlPvCFA,53
3xwV2jOTY12scSiz4eEWD9,30
6JaSEE70ylKNF9ogke82RJ,11
432mbeOr4lto82WpCsT5GT,30
2hE5Lm5XOHR4t3xlhIFauP,62
1ZnphXcGuAlLpw2lkRB9It,1
3d4z8zsN0zlYHPb8EeADxZ,0
6dxOG7bXlN9wK9LXw59KWF,41
4objxuNfJlJHomkRIPa2Y2,49
3g9rfVxgLrcHEAjnbnulQi,42
0f2zcrhhHT59aIGQvRlTZ1,68
6Kt4ZcgT2vCUq7QezTTcES,53
5Za40sgB0MiepRMcV36FhK,31
31usEzDUXeGWAheRaCeEaD,0
73qkrdCXAncDggNZqWKTo7,39
5V6dktq2UGRgs3iGAeCVYH,16
2fSIF8CJhoc9CJhF9vJDXp,1
4cjDtDwdsi5ZOBOX4g1tX8,0
1rs1Ne4fPePTvpEmb7xtjk,12
2QG7VdagyaOCbfWn39xzAm,0
2wSJEsk3c0E1ZXYRwgNQoR,0
2VjXGuPVVxyhMgER3Uz2Fe,75
3LcrBMmEejUO09Lrmyixzb,38
5DODqUKPEEVIS2TslOjz0K,22
3xCSmBYkXp6msX9z9MrFRc,0
4rWpq9CWQIE43wRAV3psEr,8
5Pshy0bOUQfOaHaz7KwPse,20
0IBUFi55OCMR5HrDHB1lEo,0
1nd9moIZkGvWoHtReFqkRY,0
1EoQsWMhGojPMVnGx0JySy,35
51FpzuGkRYXFgsE2zXt9av,69
6s79kBwD44fMpRl2F7o9pE,0
5kuq6ihuKzWvA2ZADsVp3a,0
5skLVBXJf3VbnauZUI29pK,38
4lOSYfq20gkKbIy40FL4CQ,29
1comODdI862K7ei34XZRa4,43
4liHM874gKPYnsqmdOYBZA,0
6CAG3rBGPTAinoqgVD7fBJ,0
4hKGICUB890arImAdWRaHQ,48
4m4PeMnGpkdM2ohko5dgKN,25
7KX65PC1UZuImsUInThbav,74
22koI34FpNt6irOht3N8nJ,37
6AIB4vBOGWM4FJ65yNWaXu,0
4y0c7gHwdlTRc6swtlkwg5,0
54VSZyIh7YdLujfihY0m5Y,0
5EA06TsQmqmQXZiEhr1AaM,0
6P2qQ78prHbv52NM8rA9P4,26
54K7o2yNOMZYCtEDnfD6wI,46
43AOxjjpyDvPE6JGWDv0Eh,0
5xfRRvZe2OqiU4sXcUUUZ9,45
4qjqO5m5e5vebk9upd7xUU,42
1hES47PrbU8GPTI5A9lsr0,59
6hlRJGUMJZTNbZmHr0qb69,23
2gWQa5iZr3gHkJy8BOuQJW,0
3i85UIF4nR7qZXTnEwqdPr,0
1i3QDZbA9jVI7Lg1DA122c,45
7GsLrzsAash4bp75SltRaN,55
1R1yheuqbn1J0u5bFRHdHU,0
17b1GpKUrevAQuhmS9koTh,0
20Oak3FvTZ8dUiQPvBgDk5,0
3BZGsEhiqkZRfFxJBRtWAg,0
1xLqgaP1cHcZzQRM0ycRUE,29
5GVQ5CPjpObWCbWnxtxzdV,15
5j4hSQH0KaAc8f6cimnXIT,75
3NFMM7IW7Mpk8t3ykUC8nQ,0
1yi8EOTpKeVK4cj5HS8DRp,43
1EKfW3pjgfLpnsYMZR9xVe,18
1mW7XU6ws7O7OVBnQ64E8y,5
0BN9Ray5nJxg1hWhPTY3ka,0
16VvTsMS2Uj0f4vnIILYu8,0
1k2ybm1oz7rVPchTKCgMMz,40
46EAuZqF6rpOfwcmEj8Z4b,14
4b3LJNZXuKRvPQsvC9y7Xr,0
69dDr3w8IIcOGKwlW5XntT,52
2R1YVHhJV6c1Vw4pdLW3oF,42
4Q6wWm1GyMweUtoz6PNvrr,15
7vjrRo9zu1pvrqLe6A5Yex,28
7zye9v6B785eFWEFYs13C2,45
4DTLlMqz8grnPEQZL0DzfE,0
1jwFU6N6giBRr2NON3fGiM,42
2kAwRhYlFuUTqhdeeWdzyO,0
4HXmYG1IR5xduvxTnr7fAp,55
7vl6ANTdLHg94AvCYXiSIw,54
54JpZ7kVvW7VsMFj8FqY95,0
0PpJ2bSqADglJ2oRwfW3Jn,2
54ehARSrqIeFWZ1q1JWmNw,0
6i7ZCerJICjhpbisBz1Lw4,44
4bXo5s1XC6w9tLyOKykxSz,44
59iKev4jKYQ4suxJPO8Pk6,0
2c6icYi7BTM2x1Wy2f7vrK,0
5WyXvvsfowvKUtPI4biVlM,0
11je301F3XSDfB9cGriUWa,35
1dPUQhlNGEaDm9Qi1vcL7I,45
1Ovg7mt95a6ICyiWBj2o1n,31
52FMlC7YZz0i45n185CzCg,0
3U7fJ0VfFR1Msntjgd3DPB,0
366S9c0rQtvrkclcCSRNmB,35
0nEeyKLtk5vTlbcdvgrCOH,0
4gxukDJiwApNEgVIh4pHgT,4
3mLLlN1ZdHmlJHkvNON7ou,52
17NCISfYJl0GITXs8G75Ae,23
0qqgd6DGBRaI8oI0opqW0S,13
229MM2St7SnW43nT8ADlG8,39
72qHiPkoZdxpkhyBPvehRB,0
1ctoZDhYkpKa0o9B9Wjen3,18
4WlBtGJRZgJjWikusfISrj,0
3A0X0wsZIvlsMdb7ZA57pM,1
7G2Ax4k5WN0fGlQZQKWXwr,31
6SG6Tf9em9kbueirgail0n,34
3J2gbESlzrz86jonlkE2Qg,0
4bOWUh4oWJC3R5n6jDBLh7,0
5IR4eSVnuXPu8pJtQuzC5I,35
1IiXinz5S6xFKsPj7OW6Em,12
0QRRQ4HfvekI1U8TEdVYJe,1
1KWrQXjHUvVUwjTypwDD2S,22
2b5quz1xqBnmUeYYPdPkuS,22
5OgXcMDZUPp6Lf3IH3HRvM,0
2Ceq5Ty6rJqazoZIWyS0Vc,45
3T7ZHIgO30bKeASQppPtM6,25
5e9lzDRWdQR6gGHjiTcg4M,39
5plG80hc7j4siXDhcUamjU,0
3edfAZPM28vwbPjLD2iGBc,0
7MYX0Vu0uMjVLCiy804sdX,56
6jpjYncRJR54VB1xH8ZKnj,0
0HdgslFKTE3hi2lCdOf2GJ,46
6JSCyK7eMY4ye0EmuK2Q7g,1
4wGqPjTb7TFzC1kpTJOVXU,0
713tpVMmKAaeJwuRFIZ1KT,1
5PX4uS1LqlWEPL69phPVQQ,74
0REinjAZvoW0PrhDS2aHAg,19
5Z5OCdMKuwtOX1z1076TNZ,0
4Ja9nYFkfPS7D9qiZFMUrH,43
3LcL0BRnO3EgoAn9Y1ljNL,10
18YRKiIZO4qDEc5Ik0Cry6,4
1irGtQgn5giYnadMiD6gfT,12
17nwt89Pq3pSwJMesCSqsv,21
4Jv7lweGIUOFQ7Oq2AtAh9,72
7vCfRri9TQ2k71GyVgGdre,10
5UhQJc1gY9I667PZt90WEw,31
1Cfws8y490Zpsqsyeme6V1,36
6qQVJNUPbgIdoQR4pqtQKv,10
3z180uQXJRohgpkze58UEN,1
3abKAw6reL2U3vhAe98ZsY,58
4QIzuPwXBsznrd3THZMEJs,0
0XFZjhpSKttg8UIA1LEge3,0
4hOh9Q2A9a8ZPDmTqd5pNn,4
5jziVuI3ZVihBecguWelsg,7
45xDw2nkvBaBvdoXRl0Sl8,8
4LbqL11mb75PKwfQvbVVUJ,3
18P6dphVW7uRZLfhKZa9Pr,0
5nrsM9j5oNy2SWDY7hsyaP,1
6YqUmoIeLNLG1YNcriOufg,2
5RTrBe1HfkQD3CtLJ8a2y7,17
04g1aQFzaegB7ovWaMMIzz,32
22zxLxXlXrBIm7XaazHNrg,47
1ICPREUY4yMNeFEgbNh7D5,46
6siDDghVE7fxel5o7fE4OF,54
0xYqWfml0Wh2OWPCJ9qLKb,29
1IdnTCh4GlzkjoceN6LVpQ,14
4RdZfdkgW1OmkajhvcOxA1,0
4PclDQ2lYPmIuhj4G3swK1,27
38PZRw7TuspVpgr6kyZh0d,0
2V2omxQCbMUcCW1qht8N7x,33
1wMjnwqop6alJrCML0odYa,10
5rmkdWaxZb2jp5KNATEWXq,4
1dVbC0XoM4VxpDkrv1tcjf,0
2N7Qm7YdgvWlg8ZoxLkOND,0
7rRMmhC027ixjjXzuZYoMv,39
7ENBXir2EaAuMnCZUQIDoL,0
2Vig1N0eNlrkY2XyYJdH6H,10
3m0BCyPaS5BN5iQgtdPr0u,41
6k7bhsnDWywB3wbTKtqem9,1
0Kvb0cKIssQg1t7c5KCw0k,15
0ylEU11YZmznWtvCJAQm2G,0
73xVeCpXubWTt4okmGRZQ6,21
0V3hcG44S4Qg5QgJfQgrEq,8
0KwlzQaySxzPkt0nELecnx,36
0rQI0E2VujvJ2bwcNNvHOi,6
4LJe8VkIe2j6CQl1iCp9v5,0
1Mwkihf9RgewFpE15q3Xsa,0
1WQywsPBSyvw4QC4ZvmSbj,20
0lzLnZvdNTQATH88ySWAsV,0
6xmCl1MwMH2CSJtQy9p4xa,19
1hUmqRBZpseNjByPAEW6AJ,42
176U6EwkFsWpSo1h9rTUuC,0
2J7SwOy4hDMM13bckv87GD,18
4cQD7ykxaVNIWml3GvNZwA,0
1d6rs8xeNToMutVoEwdWxm,25
3wSrPtJpnGaUC2hOmJy0BV,55
2vfiK6HFMl34UzBxq4NNSK,27
1RES1p3VXofj02iOJ65ZaA,0
6BwN05qKw4Q8bNoq3rYuz7,54
0zBMCG1H2ym5ogC3Pfyc5s,0
3McFoGzAMw63UDlS79C2RU,1
5UA6rAsMTn0okgp95isGrl,40
2SRBUah0IJcE8hiVxvuAUX,21
0AGpftxgPuEUhFfWDE8zil,15
19POCZOP1ACwQ1MLsaVocG,22
0mV5JWhyUFANd9qpwLkM8d,47
4tbL8AtrM4hIYATf1kKp18,26
3iXyfeiN1mpVCvkK8fROru,5
1fOO0aEPYnwIikMudNP2e2,29
2UM5jlU2iLXDEAtzIfa1m0,43
1nHUtoQvTfba4auvwHvWw3,19
3DYLacJ3pnQXzogxRbIE0K,0
03m9WRVBzoxyTeKblvLvpR,29
4IgPfckJ6ItpFS7obnLRaD,0
0mOUCPwinFXFJrX5Kw2CsA,17
1RXzKs0tQcn7CeI6w34REK,39
5v1fID9mfbRvyYVM63rj3l,25
5dS2dvXVPe7AR6UwBpnomW,51
7r2VuLH3NqOu0bXF976eFY,41
5lNRxj20YUieZmOz0JuK0m,22
7bRYtWzbXkyixU0Cjb142M,0
0P94g0h1E8mKLygUyW1zFA,0
7Llqq3e3Hf4ICVJNBi2muE,31
2CRz2pMU6A46P1cK30HQIT,0
5Ztlpo0tihmvazlFYTL3fQ,0
5bbE0DwaHoAZDapGXmWIcw,27
1wAIjMwxC3KjRqHpaMkFvC,0
4rntZMI526VCgIA76HEoew,0
1vTDaihmFxX2vIoraUYwkT,0
6MJaRAIaYhE1LFRhuF9a3O,34
5iXnDpczRvMLg8FYDQtc1B,23
1SYNgyiVRZEBhV0P4YFBk8,0
0t5eevrq8rZOIvXDkVwN2i,26
6U6nzpSvKxju6WA0Kojcxn,36
3Bo1APAEDcahmyiUPyPVuO,0
2SLEZrKKVNpOXQJN8UKSxC,0
60RKznRv8gEAJCyUxfKuYF,18
6aEhYkBiLvZhMlRDpt2PTh,15
0tVv9FxhUjHrhF1DLsDUNH,46
64UWzgxsySsNSu4LUqpJA3,40
2TJuOoxOboVx3aqedQ3MjV,0
0ICSJKAcCQ9dhKXrJ1kRnv,20
3MckdkpumOZiX2efM3B266,28
0h1JeQYLocnVXdexyRuxGH,0
2RDrdDHsfstznPKBv0JmiS,26
6PuYSZYjpmkn7ArLHhcGv9,32
694l2zv6a2jjUgjz5eyX6g,0
12avIub7BD2xuMOhyvIr08,13
6tX2IID6sgoBSBHaIi7wwd,12
6fIMWdcH6sZth7HAdAKXzg,20
0g32rSrm5u6VqiPni686Pm,0
1PLHnhmfEfvo77sxPuVwwv,13
606LnHssjBNoQIrxa9KTYK,23
46YgxHQSY7n35YcF64rKrD,0
0lxXCZQFTrnreFFTWF01Gy,25
3DKKhdNzpFbRlo0XaaZBLk,16
1SFRc2v38EyJ4PN1hJo8bC,0
7klWiY16LcWQiJdrGD94Rs,0
5JrXxEZniILplCdUaRSeTE,0
60S0MHNzjWWE0pvfP31ffY,24
5prP1NvIHkdUD2GumKKJDF,16
09XSuuguGGVoUirsD67SWZ,0
2quJfGTjAe7KtJ7o57U9UT,23
7HqoRcDRp7zNjbXAlt3r8b,0
6uBkcZ5xhb6mmakqu4afOV,24
0ASr58kMkkfRcZr8Ghu8qj,30
1w3Q0fhdINUxWbmQX0mg1x,26
3lvYern0XwXErOq5G6vLIT,11
6b9SBw4AxSJUYEetOS5Sc8,0
1ZBiG4hLShMXqFv3FCv1y7,0
35V6qXUDCvwZdmbKe5PlPG,47
43xLZrLexkuHTUzc2ug3R6,17
07AIGejOb0kM3S7mMHi7pm,15
0zp6Jw3BSnV1kJMVcJY6As,0
6LwlxrRkPPt0AgX9NPTK0U,22
3SSzqNGH8gRHBXohGx7BcV,40
24DQClJOxaAMl1ETu2sqgT,27
4hs8PWdQnM4d0Byz3YdfSg,0
4AIkfXZEwpKaWDDyt5m0n7,18
6jMt2iRuhyiKiudHbDwUNL,0
3qgtGhoCutbBX73cd6ArCW,39
4dY3ZMq5PSGT2Q7zgrpTmm,0
0qkC5nUg2M4EDHCGxP9rfH,0
1mIywsWR43SWCQmYnyibek,0
0cGaJCy15wAA1rnExE03Ll,0
0DJybp0uX5IIX03pCW7M5F,16
1NreUwzSaz2WkFh5uZz0d3,0
5C6lmgHIG9wTfVkKl41EI7,22
28X0E21uKdA7S1HvgMJjP8,14
5t85W1qxN3skaaomSUdUbN,0
2yVdrLHCzjIm2IliQRCCU6,1
0tnFKjEEsjD3AVShRgtIun,32
6yNOH2DqwOazQURwP5NZbq,0
3nBaiVtvhNu1VZq9q4kT2o,0
6xuJuA7F6ey3aULMRY4QWQ,0
0zfhHm2oiLfXlfJP8srfL0,0
0ymgsfrjrE4jEjbbWxgmem,0
32XYHtzekod7JJtc5ITjiu,0
69MTVxcNVLtS8GAdNucPXy,3
0ye0596VIK35sp52bA3zpZ,0
0VqaYqxwDoT9jZYCb4tGcI,17
296Gigd8C1sX7RgfCK4YgV,0
3ZrahU0946KWyRBII23QOO,0
5vMJwEHl4Q8gmQjEfuEh18,14
3fbzKcWaLyY4ZNhnyhuBDP,0
1fRadkuwHEqwMuiY5ns15C,47
4M1VwqUf8Qh8lYy9EgRPrB,2
3Iy6cv2ptS8yAfEahSJsSH,0
4mZa930xFQaDTTcwwHx03o,0
3YpjlpaIHYBDXll0XCwrif,13
3T1DGtJP0kEshTKUkUt3V0,25
3yTR8aMxpwaPLEsjHmowEw,14
20kzc1LiAgnFbeFUA2VA0F,0
0EDyoVqPdg9AMt8PuDeu9c,23
0TEDW3maHntHKBOkkdfPHx,0
0VMipILpCmHIaKhzUIY8FW,10
0mxjKriHsdi8zKiBTWIOrT,0
15avYgGiZCIT8PYtcRH7VU,0
0DlNw2L3yCsV69g8qa1J4t,15
6DHMWFchF9eAEFEM6euZto,11
1ZjvIaEJRjamDwcypUGbpr,31
0tYvvimIV3439bw4G2TuSs,40
3NxjPAciuwddPmhuvR2xjO,38
32yIvEockCgR8B0sMGRnQZ,25
6eWJkyAJvwvxYBQ9Vd0HtP,0
4igAu9QaF0KdGuTBK2yuKE,0
6jHeunClv5nFVXQ6jtnaWm,0
4aAAphlKds7AxRJaCOh7Qn,14
1UMiKyIToDY9F3mIgvAMsz,37
4NpPKFIQXU3ZrlcG7T6PTT,0
5m7nNrNPOwpxT15ksFIGSE,0
3B3El69ZXyan2w7wt14Z6c,0
1TbdsY9g7uwrpGQQC5pG0T,1
0Sl8C9oeS3b5Kv9bSvTPDr,0
21mimz3pv3JD4r8wEJJfNg,44
04UhmoQBsMmFjQ6nORSipG,23
6kckNpuM5oXZrObLExRg6d,63
45SxMJzWaPMXdNNC4EUr0Z,0
6CDIz5IRDVXEzkN0ZxTD0t,14
19ISEtEat3oefNy4yVFLFK,0
3yYk5jhpqHF6lpIyvjhTRZ,33
1mF0eXeNiMvn01cnkRH3WS,31
0VETcdLJtf6qpkj7aKPBJ9,0
6OpOMtO57sRuaHq2RZO1U1,16
3tjyno4KTm8KDRVwYZxpiC,0
2aICaLTkejrkgsLeCsbQY6,0
7spuHnkwHxd4ZMxRSFbdkL,38
2jqRSOgKXcCiNIfNzBpHih,4
4gx9edHLyQtb69ibMUyTxJ,0
1WO7skj3yz61YIaOEADHeC,50
4nTNpwVBusQjj7bAMnbX24,19
2xiwvo9SaTHdLhRhIsVZ9c,0
7LihoPgTF9hnxMh9lRTNkA,58
6mc2ATpo0M1MKZD1Q4IBsI,20
6mQMZtvy4cGi5UVH3LmZte,28
3EA4HwrlLdDJ3b4cX7JfqC,51
3Kx1knJo8tXN16wK8vJndj,0
474TEoMGE3C9KBNAkTb9Rk,6
49lIyn2aJjHLNuDHsxZQkc,55
2qC1sUo8xxRRqYsaYEdDuZ,0
7oKw3kidzKqhrKsNWNakkl,0
51lP7nEIFmpz4uE3HNCTlb,36
352Flav5txZvqUOqow0iQI,21
3VrVbWJunv57wqT8mTepmg,0
4zIZhqEa7CZh7fp4uNGouq,10
4p1NHiFP4PfV7eW1183Ej9,58
0Nc1rZEB2tZLgpxw5nkpEu,1
75R1jcwcAdBfYMf2hCoSs9,29
72vclXWvJtkFgALSfuX44I,23
2j2zJVcwS5xr60vp8tmuE0,0
3fCc4VdaIxVkwZrQ3UeCfc,27
1MXmtk0zJhEhi4bqiPkq3D,0
6sSTXvWZk1K6t2SZvderqT,0
7gDP9SnWdoQLAr0LmElQcL,12
2WpJ3GXB4t5wXJDzb5MW8O,35
2aggrCqfoAlat2XWag4TrI,0
51Wao8QZ4Fv4zamKbRnKQd,54
3jbm6LQn2wgRPBAEFqU8Hu,0
38sUd0bwNkqDOAam8O6bzT,0
5GUoGksjq0q2qKVwAgVbsy,27
2i4wd4R5eHokpAxFdVnJCw,0
09wrW4mdaoBrOFY6KSR94h,59
71G5ky5TV4PGCu3j1BnJsh,2
1XXOLEun0Duy8720pFpQ8Y,31
63vm66GqF7TimVEKdPaRxO,22
6VXY6JrOYxbswEaWqaZNgl,15
525juAhVEJ3uIF2E49yNBn,0
7kL9y3NAY3Fc7oRz6w1KDF,0
3VDhZWcY0JjOf8RmxdbYNp,21
41u2DXpWr06sRGtvrgtyhH,39
4pEEaVhg7B1JJks7HmBNQI,51
6TJlN5PKWo1sN5MUmk5T4b,0
2HbIfGXrg2cyy8yVOoCJhB,33
6rW6FUhOATT7dBnup6UVHx,33
2dpQ5MOgkbZOC7JZdguPrq,30
6DvIcP9qGvYqNAVIdQNj7k,25
0WyVG698gXiHEdtiX9u25H,23
71CRvX5TW0CsiCxGZ00IfA,21
2p462diG7BBRwlp61kuvNf,17
2AfXarK4dUVFqGnDEawi04,0
74zddYeCEHW8ORcr4t1O8K,54
6Ad5TdlevXBRsOsYhCbgb2,44
5rJ0Gko12iELLm4GjfMjex,7
2lxz1P0ECfkjVMb5uOAYSN,16
4Xw7NOsndYH2owNLNvep8U,17
4wzIQMBMRszw5KOzEPUDRF,31
7iA8BlFVOityG3DGPExJtx,0
62MDahqjuuD2BcZ0QZErzX,15
3jrKt2k3i29zdYkreFDPuQ,20
0jJLwPDpyuZRpd800yScN0,54
1tUWvv0HotBCDNtQsSoLtP,36
0SAV72Lmm9Q4vkcMwgCJR6,0
7dZJrIhvv8dkM6O7Xb8Lww,0
5B0gYfKD10F24kzbAEhgEs,40
3qDTfBuKrM54QbY32Z5uCE,41
5Cx83giTGPVs1UDDSSesj7,44
3RTqz2n2IF9QFmL8vFdshr,32
2GH5YPmXOoA9nWRnuhnLro,23
1uqcwvZ8COoq85XOksYyhK,2
4eGkjMOIYNR5ExarfRa9zy,19
3iZnPOK2zPkSrwZrkOpr3F,1
2n84hx6obm9bv4aTHJeOIp,0
1rcVvrYY7hURnWl1ZVq6v8,0
0qrFfUaAxs0LEodNCuY6r8,32
7uE4Ie7tNB5XVn3Z8FYdHh,3
4Gt53ktThfaImqOOdyDC3V,0
3sMvUBpqvGUsVbaTdPnR8b,0
1TbmbDmwUDz2QwTWfzH9bR,0
04pz3qYWoSlLashhSzHuxS,0
7wSnY5MbGOumpXSwk0CGvw,5
0iAEgZR7aIIziiCHyEIDjP,11
0J0busYTWpcKAcryFukUuk,0
1xHTjdSnCexJodWcWZr0bk,6
5izvA4JF3EStlWOPwljKHT,0
3gau3Jf9sY9B1wREgvcsfD,0
4JUdfJv4oDHQTfPYVn0AAj,0
6lcNs5v4yVyKIBEm4WnTLI,1
0VH48pgQmDr34g3KNp8J89,32
0F2DgukSZwmJ0R5PIl5KN9,0
1EEz1YaG8o3mHbLyMTsv3n,4
0nsG0DmswNIw4MXKVOeplj,18
7mvRBXq6hV0PpBZeyjjDPy,0
0ZykKpfjw56pAQnkvRIFZS,0
708OP8CSrX8gVgIXIBcMOc,12
5wQ5swlftYnGTEVJEDwUvn,19
7Lt8lhPwf9u1jepXKsbocG,1
1tRLXy4R5YDnwATpNIkz1R,0
6rWDuBEVXDWrSNS47sONNQ,0
6HD523FPLEolYCPUqUQeEs,0
11cqTrula69VJITiZOi8fv,0
2l23LAy30QmkVaRgHVobtt,3
4IwPa26Sc7TmmWeyEkzOKj,0
6Co6uqttrXPdPlyV3YW1fU,0
1xI2JdhG9F318QvibkfZym,0
3vm3BWDZaoFwvDWRnGTaZB,3
2PRf2fOVbsTgzQQl7bEzYV,1
0HlxLEj9zXgIGMYNlKSlXf,0
7MNg4rINGaCs3JEgHMterz,0
72D85I4UmpMrADR961tXc0,3
1pRHr9MgzOtBItiobdyXAS,0
0TQqvGpj23b4rUVCxMuBZX,0
6hIzBgQvJDG1qp6WHU7gRI,0
2n8UFyBNBiGfZqLTSrXwBD,1
4cHC4V9ayBDGtQULBJTWcY,0
0bzYxcZv8NUmIYUu5JSQ1j,1
3N8jLiE6bwjj0z65XL4GVL,13
7plNxAMx3m8o2et2UEeCFm,9
7zQe325f5BShZv7uuStrH1,6
1NKbKnr2LmyMmRciPk7VSF,0
7eRJlwG9XYXWX4aeBn871R,1
1U9aZEIymTbw1xqLbcL0Kr,1
74Ag9d1bpK4zr5d7eVHXRn,0
4d02u5rTUFCOdrbhIyxkcz,0
26tjsspbM2bZCVW78qzzdH,0
3orspzb27SCSXJvtfg52I6,0
4jw4Jw2xFxGfgetPVHrwzK,0
5NkI8inKaxZqQIzgbSgezV,0
7IT5ejCSseE0gylca5NQrd,3
4pIUaycp4FfoAN9X7fB487,6
69CYU8SngANHwGa10dWPJ7,3
1XEWa6B8QT9hLEWviXnIGb,3
3pkAXVKxK1ctM2xyI11lwF,0
4tEC9OF9Dpom0NhDTdbyUI,3
3Pj3VNBiTul7IWE4TSkIqu,4
3fhIcgC43tVEJUVWunEK8z,8
07Y1gaU5oQfWm0WTyaQR4D,1
6QVpd3pb1Tq9gqZ8g3Zm3q,0
0zeoeHdThN0z9V8AAaQ2ML,24
5oy5ilENOJEPYMUSJy8mCy,0
0ZNULDYfk5zZ0XHNGSWOZb,4
0DjBIx0EIjHd8aQFt4Krgo,0
3H0ur5M43dIYkwjwlGc88i,1
2J2xb5PQDrWpH6XmP08Qgz,2
2y6B3sGYAiHzZYqs1AmQ1e,8
3fj1n4HME7WJZSbJUBoC7b,0
1J7tWscDLyZmaKu4TYr069,0
76GXOX2b5MASAaRSdPfJck,0
1tcopkXao8UXreKCxzC4vu,0
6oRvENNqrApixVobU92sb2,0
5jpe3La1qz7jKxTRv85JE9,0
3MzjsbSLrWi2RdGGRN5OVt,0
1VEGK2gd6XLCAelmxrCQYK,0
7AbKYW44T87KRuHGQeD1U3,0
3lr5gr3qhiLoEgy66c9PVH,0
5T4M2lKzdHml7MUwQYrvkb,0
0X2tXCkLUBUjkFrP9RfOpG,0
3HyMV2yCaI35Vy5Zddfe9H,1
3jE5fTV7ntTAVqxTU9G69T,0
14srO7F6k4mePDXHihdJIl,1
4qYOklNXYrprSeR5kAFoOo,18
0H0fVT71MjSGlJB0jeL9l7,0
6Cl6xuMCZ05WD8IKrA1YcZ,0
4mZGiWz2bqaenimlUZ59T5,3
6fYRgMy5JyRtCCupQK5j0E,0
2shD8wlebq8fDg6ChqOPkC,29
2r4mpuIYFgKsjeykJTQMqX,38
7GvzyeeBMoDlC9OziuPMQQ,52
3VSNFbj9mhR5DXy7UXRkDZ,0
382fuVEZi9acM1bYGp2Zbx,15
2ONRkpOJ6X91GMXMthtT0M,58
79zshLLUoqncCBkd9YfVUE,56
0VDazr5nn6zpfjyXR7ZWXd,25
78WUUxoUBoLKn2hgfPupWQ,0
6iW38RGqdDGOofmz2HeXLW,71
16QlvcrfQPyRLfbxcXu0VG,40
0P5lXk4fg0682IgDyK7GFM,61
0LtKw37CYqXqsRF9pyDGGx,29
0lXQJKX1wPjFOwyLXAHj9z,3
0Qp1IH1EkRCNabfgzxNMUT,50
5dwkH86siu5ssq03GzXZnw,20
5TR2ewQtnmctoiwBoPTCuM,15
4kyrRm0GmJbg16CEGEHXUK,22
0lz4rVOk2ovGAS5aWjaPTA,34
1UYeBP5nafTM5uKcoKkNTN,25
2Y3P9IFAeNGH9qTZDp9N6W,43
7AHBjnDdrzVS1GcND9SrTq,12
6Cx2GmS5FEWsQru5jQGr40,5
5V6LQGcEwh65pULxet2v9u,36
7qwQ2UGJnixDow4kyz9PDe,44
3IkLIde5nKEm06EklU9qzX,11
3HNs1UAn7OZQiby7DXTIYl,45
04wllvXvWOkZS5NugzeS8O,0
3z2wLXSa03K4UD6ytjraOJ,0
7MMV0p9GGiOaQaTvvjELC7,19
5XBgLpobYbg7odqJz2bmvl,0
2cFK03sObtI6AK3QKeOT5g,51
3mruwwpKfG5NYmnEr6O5Dw,54
2lhoNTM4ZkRuheQm4hNH2E,0
15zRvbhG0iYq5XS8rGcObO,31
4tknhO5RmXIxnpoipMKBmG,60
0kAqaILyqLeIYotgWr4FJz,0
41RSRxdVqnSWlL9Glx95fG,36
6QMAf9jRnc0w61og2W4Qzu,39
78XfOXpUShe7mFwhjBEd94,56
0s6kLU7LZehOlr5M9fSOPC,0
1Gx4ufVcxcGxMTBVGYoRpy,0
2btv6lUxX646loJFglJXRw,0
2BtyeeUTc02ezMagpJ3QOp,0
7Dcxeks6WbS6jAtz1kYtKQ,0
4PXIif48Cz4SUIQ0JBV8Wz,1
3aLLpM2o1zvvlNXmjhXp62,0
0FGdaZ3XAL4Jw6v1rqUcmk,0
1A9x4TnQrYulOQq6eeqWAH,0
3W3fBjnoJHdOOSpB7irZa7,0
36G7pOjovsyzvASQUuvonN,0
29T5wjKGRJ2JAgWodMQGyf,10
6CSwyKLhiDtp0Jue3J8tCA,0
1cDheV7FoerwJAFtwYG9z0,0
6O3me92QRsml7rAWIylnGL,2
4N4PSn6qVzE6O9yAqICo2K,0
0Ri3VNPcfe3UddOnfvyCgC,0
63VfSf4fqrknzR7H5sb2AS,19
1s3DmLaz2fIukAwMwUWTQb,0
3PeLjjqRmSSKmF20mshkwb,2
7DgZYNDiiOcbXUC7xOy3kb,5
7FQyzz3MRRyIHB2xuPjQhL,0
7lOCuVqblMUwmBrRWLhquh,15
7MCiuYq3qomfpThrReHpJt,0
4qGH2sCkmVt8nJuKaUXucl,36
237SYSC33Z7jhBlyAMjgEt,0
6Dkq076c5757KhhNAHGZ7D,13
6WHVTTKagFkDVVprdFAW0Y,0
3vUyckIq0bDuGRYZdF1hby,47
3kpbLXeL4vSyLB4wYUKP45,0
2lzI43HVBQHznsFFJ3RKpU,0
2DIKqQGSPFxCYIuovX2FYQ,28
6XSKfR48lYGFOaaBWEMWOb,28
4SbANbfXNOvfwp4Yt7u5UO,14
1fbZDbnXkNXN4wbzme7Kk0,0
0RhxIDb2s9UgXeEBMmKdQ5,0
5y1OClzGRMXQYZ2OP6zvos,31
3U548qE3Pb8R1jdjWotoBz,0
1MxCashpyOjvXfnJ2yiLVW,32
31lJaMTg5i3mrO7U3OyVkq,0
2nvhlJ4ilhKVSy2Hn5b7ij,4
6D57CkE8xH0lagjxG9NjA7,0
4EJbzh663RrFkRepNyU2iX,26
3ySsJYEX1UEh5M5gR30vVZ,0
6ekZ73XINCNJ3ppPaHfViM,0
3DkPj7YqFLpQx0vLkSdatH,2
0mstBWuKrc5Yq89IZXDMYn,0
0aUP7s7O3m8xFnQ1Ju0xbZ,38
1DN4zkW3QZjeXAmMJgZJ01,19
4uHMfLdd3IbY3UgZ8jct43,0
6ftZKIYKzEZBBGCKK1SCGX,0
3dgGYPMFF7hMUxwwQ4kfuG,0
5NwWGVjLvbxJZrJLhcRqm1,0
717lZxxn53x2B0eucGiD1Z,60
5nAJ9W0RqCDzG9IgOfhqKx,0
0FilMYb2ATvOOmJPtEH0t3,21
5xqVBEdPfunVN9WYJTJmve,10
75P61qDL1jMCHW13Su8bee,45
36kaImsnzRzsU6L4cvWP6s,47
1ZFkhOsw9Eim8dCgI2SDvX,39
6fczHcaWu4h7UYLQTXL6w8,37
6wPnh3MpYkt8cxlZf2Bszf,15
5ObZjs0xpRyatTzb8TlbTt,0
33VUftZBMcYOqQgKyd2N00,0
7aATFcH1ZVz8bMdosllVSv,0
1XKqzVLhioMoFoThIR9mxj,24
3oWfGgTFdIT05HOEXfW9gu,0
0OuWBW2Q299zvZCdLUPlLx,38
6LbVnwPp8tL1TVX82dXhEv,0
2vLsAbYRoun4zg4wqJCPpl,37
27FnDAhPtmDJkY1GAbYv6B,37
5fAPaNJs8HQzFi3hVXi2iQ,44
3uLySGqoTzZBCyzjVvJ2np,5
6pa4eJcF1Nb40Erov5Cb2I,13
76zNdWG1x77G6y0D0G1ZDr,31
27Ny94WTtwbbjN4gY3X0rc,38
1HDApabtZoWpGEcWAMMyNM,0
6ZcdAII7aNBWqq7ZIjzoQe,30
4gO2T4o9jtWn26zyZuB0Td,20
4cuEaWyqrKxPaYq0570x4A,4
26EQeaVitjiudwfLiLpo3D,0
3wunO1P6bAt0FC2rCQwvy9,6
1CmGzrH5UKJZROPnaMWTaQ,39
30gdgd5rpm2YYNK88DH2G4,0
0U0I5P78T1kAW3H6aAKb8h,13
1oOW0rWXdkhUeIqOkl2dkw,9
4prKnlKzzw1O8KoxjqExdR,47
4dMnt9B6xYOzpdjoxC9YJC,0
77RFXda1NeUkBIor8iZYJG,48
7eQ7hNCOavwfLl0vrmXjZO,32
2mP0c7el8oXRpMOFEix7SJ,0
64mmB4Jx8eI4tCSDhypE41,47
2FOPJIJvirxmqIVeAqeTx2,0
3VerYSeA9fDRLDCpb9JzSW,28
38LHpxLutK4xQZMB2Hngh5,37
4zCxvn6qHK3CosaM3Azaii,27
6WjIuiDbLuCvEQPiKBog8m,0
7iQ1TjOoYi33BupikScqAa,48
1yUC3N6bGNcojpxPS3COYD,0
6FTOdb1za7uQV5R929LFwe,0
2wAfJqzEXakJyDJeR8hYnW,0
0JANCc1DhGuwOBnfaZNzaK,47
2wZJLu2kZfZW05Surb58Fs,7
0gcawCt9KlflhyWkqhyS7t,0
6BPCpox5FMswnClsJhxaws,8
3sMleqdCDalZ6xsAQe8xuY,62
3bLjQbzmoi3VuvKY54oijG,0
0BgWPeWF61a6HMpdIG3wUp,33
7unnkEMBqth617Q8DyhsFd,28
39M5ZT6RCX4EM6tspj3hEJ,13
4Cr3846tRMwCqk8Qw181aC,5
35nsl8YiBIYw1YdNmkmhnk,54
0CMRCkUdmiHGt7EzEUIskU,0
5BwMDJ3qtKURnpkBRSoifK,8
1cXEPHFzgFTuqGeLZGd7Sk,0
5lid9Mve2u56sk6BvAavUf,14
4JCXjfuLxoQF88CONYTVdg,38
0EkF3BiQdvlzQW7VSq9NyF,34
5e60CEqPnkrex3BI9tWnpU,26
2fuKdZhBAH6sU0dPPTalDr,30
7zGeoy0A1F7NU0wgI4mqoY,35
1r6c5dGV2MQmRmSyDpE5lG,24
3IJRPnVHSO7G20e2BGZbCN,0
55KhvVzqoaNEgaRTDmu6Zg,34
7uyBkmyIS07Sp3lcEAZAsS,15
42l9bIPPT5555p3KeY83y2,0
3vKqNw4TfDPY2UcWosAscs,0
6kK2YbF8boQl32Lqkai3Ca,59
3AgEOAo3dvkjtsBmeTGRjg,45
122VojpyCCBN3SGQQo77Ra,0
1DxJG8xDWh8T83w6IR8YRx,0
2AljeKmM4Moi21lYEzOHU8,12
0Et6FzUqC5JJbxwmACdTlt,36
0aH8X88VkmMpDK6tGcwRd1,33
2peYxS4wKuwbOxcw8frdHb,0
4eQKQ5ZO4UlSUzskVqFU0d,0
6vQwuQSRhj9ZCQHEb7qet2,37
0yFu8XNnKr0ium4NrmWCtB,13
14RrzxMs07EhE8bUso5Pso,39
5l1deuLMR3ZqRAdq5SpVeE,0
6oFrnNtYCU1oswN3sz5cP4,22
02uRToy7bttYcKCO3vIStA,0
3ONkyC5CusvkPcxYXZJy0d,0
5IK9dSUSzioE9lilLi4AEi,0
5Ps6yt0FmXilnOeq1Djg9O,41
0HKfe28JBiCJChmtcYrgmO,0
0qwvMH35Y5pm5U5xXqYauT,27
5OeflTgTzyBrdLxJQtcn0c,0
0CT0EoTIp9E1B5JQ0Uq2An,29
75HOjGeq8N5q7lFoB4oUoE,23
6voOIfO1GsbLI5pRh9qwrY,0
5Pjg9XU50SLeDrMUpDjTk0,16
5QQrPVZv6mlJ7rB3UEoZck,20
6vY2FbKVYwrBjCIf3j8gZU,19
15tFVhuNMklFTudioIzRF5,0
3VpLkugcSbYuDSOBKNxFaQ,0
0gcOlRU3P9yu3Jhqd3ZYUZ,0
00cWy7HXgoJlXWR718s70W,15
6jGYrW5pzaqyAHJAifMGjl,32
3K6KxAXRUmvP5qYG5oCpwt,0
2Ag6FZjxfu3raD2EgmPfYq,0
4lMME61VxiWD189Hs2oRTM,41
7BilkHwC8zy0Mv67wsGiUM,0
6oomEes8hP95cWb8S898xF,0
2erfXuZOAQ8T6FjJPDFpBC,0
38y2r6F9E3VutUPgBlcnpc,0
0u7gdux7Ft6P69Uyj0pa4a,0
41g72L4deG6iIwBJbFdJyB,12
03ERbwKRWWdgPz60LOwrKy,0
04KsMCb9PZE2S0AtUU8Jhb,0
4Vjc2hFx7GT7YtyfRmomgR,28
4DLuLxAJGlx7eXzq1P6bIU,0
5kAbhPC9z3sJEfQQxaoMfu,0
2X4Nz5BFIcrwP9JmSfsY1Q,23
72wlXAEF2A1dPfhGzNZSFA,0
0b0zGvHMcVmMgy8ZIBVh5g,19
6mF2SMWAGcw9rE0TuJv1uu,28
1f0qGy6HlMMLJX0ZNpZRa3,14
3OCotzyyYbf3vNBQ0tZqMR,34
1Oaq4rq7EBVUiXGh7yxuYL,0
6ptpOr9mCnqingjjObKd12,0
7wTmnOSpVJcIzj5FIz2I04,0
1mMFvnyJ3kjfq0PvUklgoM,0
68j2rXimsXQYezvQn2Ot4c,8
34aycmeaxuuxipebrdkLUP,0
4CKlQsRoWRQHK78FyxY9CJ,0
2bBRrsQMO0yVhVX0mWG7G9,0
7GOXkO5vEGyZWGgja0qXSb,0
1MAIJFzQFIQ2Hkm3X5YtCW,52
18xxpzXiD3wKmJUibqqPxl,0
46jrqGkZ9TPqP9u06RMfYq,33
7aNTFhSXwUtXWP063Y46rV,7
0IkBsej5dNXm8NXwcenZYO,0
0Mft55GDMuD2rFnrSeFn3U,35
15gUb7QKP6PlbXxxTJm2T4,31
7dnSxJbkmOWI1v8W3loMcR,36
6kWxGDy6M6IBoUphdmYTSq,0
3y4QmC8lSWMwsTpR3jYjju,24
1CKbPI8AygxJl1HUlmXL5x,30
5w00Xed2Okc8qZ9s5zOhbe,33
2Q7kTdM2rHHJiP8ikFw12o,35
7f2d3p6nzGFR6874f0E7E7,17
7nQgBpoTzmbEPw9EpZwCNN,28
2xda9V4jTo8AifNVxuJ4lQ,27
29Ddz0FZ4c3ICEs1CNQ9nX,35
6Pkqfsx6tipFO4qpwkuRYz,30
3J1HvoU2tJvAsKaUNJYpEY,17
7eJ8kuzJ2KyA6ahMhNnNCZ,16
6awLXIvXP7QzU4iTmhIQMD,27
5SNPmUTS4RibXP9drVv7Gn,23
7bSk8hmkP54p1Rma8TOssO,19
4VOEvTnMKGmyL4HKCervmR,16
0luSqbBJsI4IvPeDsa51Tg,10
42TdB3f6f1cQS9B2UeT6zK,20
6rQYJeJ7taRNMeXQVP3U5d,14
72LFgoXC3a1sOKZM7jUeTJ,15
2C8sg3Ae0bhfY9XtLlfUYj,17
1unvk9w2ikBIxcluIwPEvT,16
37RqXKYpYnCLXJolKH8uuE,21
7pOSphiQrRDVnoiXtFbRmH,20
5sCVvW7CrJjZrJ5rgg8lMF,17
7qxs2lsb3jRLlqFBrnl6bC,21
7a5OUYOGtWSHKlsZz4n3QL,16
305E1K08sGnszjSEWHU0cM,9
5dMq8Gjcp66z5lnlTSpydh,19
7MBUdJlpkl7Ij5ux9S2xUV,12
20b4zPkae70HGw1Dv1qrIY,16
4bOGHIpDd2fYcbyNxZOWou,14
3l3VfjJSzLBFdnN6lljP0R,18
2pPYl7Gif7MNAHd706ClhW,7
7fE2sOBX7OqEe41QsyFUtw,12
3g4VIMFXEJ0mZ7N4Nic6wE,17
0bwYqc07M1jtLVpyALQzZp,9
1Vbi3VW07BwaMruQiUIQpL,18
3cx6mhzKNKpRtZ1X0SX8lT,12
0fgLB3x4AqMd3Pgdm0j6vD,18
7DKMQ12cuqXs63ZnELU7OL,9
5qvGIVwLPiqAyJuohXwvSM,17
2QsXx7k1no8naCHWPx1DGi,13
2tJKB04v9nN6AtnlBmnp9N,9
2yPNn7KSfUMMu2jSRwYjae,14
6u1C53AsY5G8tQz0jBuhWt,11
0YGnAumcRaFQQDlu3z6737,8
7waUDw3NoJq2iIzgsTQ7h5,2
26AIHH0JMIP8sd7YBM5uWb,42
0E3L4BNuUlZyvcZyySTfKr,45
7nGVAzJ4S7WLCe21qqWlN6,0
4wBct5p2OehSJiPIr9KGJX,0
4mxor2HYZQFXTBg4cE1Hnr,0
7GLAZesgD4Uo91YpTiDUQ7,0
6QwwDh0NSF8Qn0BDpZVEc9,10
7pAC4ebO3MVIMAROkUrEyN,9
3MhHtVleD0oI1NjWv7Ce3m,2
4kbaxfwAF2FaquuDiWSkDT,13
0C3Y9kst8c4UmLzomWeTTw,30
6I417WvjdX90AJXqEXbYzG,0
3JLSv9wA8Y7e27yDVDWj3t,0
5LkvdwyjkqI5A6YIyT7h1O,0
1KVrHVbZrD2aE8PS8lmOB7,0
5ReD0EFOt4pty5Ql8QlnUj,20
19lSYFEPBJOoUaHCAtJLZv,0
10HvNBMPsYz6Yc2l0Dw594,6
3mdyi1i0w7bfe72a2GX4JX,21
1ALrTfSEogKhyzcgs8spWN,0
0LF3laZt24GkVkd6ZyJlw8,0
1bhO8HWJwHgBIxk488Oj8y,18
7ByrszLK5P7yrLXQwxCmSj,1
1yCHawhY9WibtJ1XOJ16ET,20
66JKkmeHO1W9F1NtsiKtFo,5
7zkhXNN6zIevhWwGZzIz2O,17
1sF3XjvUGeDFV7ntzOkPEs,15
4QUA94c3ycZm8dnpPih4sf,51
4qQnE12IwOkgPUOtvPJW3Q,25
2UdCIrsZR9bw96kcLAyAyh,38
5wM4n7Y50JPMOwdJPZFL5G,0
14aYMRpH5GUIrAGHwTBX6E,19
0aKNU0pxAon4dXwjY4GreO,25
2MAkRdJohGSnQJXNcRZPIs,34
6bERyJwcB3qHDZMnT6Wy9p,26
3m2Bsp7otjIddiGoTaiSKO,15
2IQpgTBCsRuOtGNu9iRzaH,2
6kTsWBU0JLeFYQ9f0bGEYN,8
1sI9LpIHEEzQwSVnp8oyfD,0
1tWQK2NoRsWj6JECrLhotv,35
2V9Jtmhr0wPZ5fNwHaZM3t,5
7MpYTQdxdkrXv2jgXNViBj,12
35Z5CNt0GVIAACouXzDwpO,20
23aLHpZkjMoczfmYeUZyto,3
3tGhzuFRXJdHEge0MN0sC2,9
2zenXe3zo8bO6AvN3pYGRH,38
2pEJjOaIpVvp1gC0N40ehs,53
1bZCA8kaaYYIMpU3Mh7R7U,18
4jEJEJHmbR7WyZF6mz9Uvr,16
58ctD8HaEUXJkdv7TTsmG8,33
4yfIBuEnkdmZNUpMICBlsv,19
3nVJ4tGeLFR6HUiz3e7qAe,35
4DXjfzDxkhD5eYGk03LoA6,42
10LsIFdrT9iJrFelDP1EYW,0
0tp6mwUt99QnfY95T30Lqj,1
57OOUUm8evWsioEolcEbOb,12
2YBQa1P6da0Xy8UuayPyGm,10
0bPzjRMx3BXMiQPIhvWCVE,7
2cTGafydY9vdnqJQ2Gw6t8,0
0dowxVQPIR50MS1lqLE0om,10
5gyAm7BgB0d0I4RPK1zcn2,48
3pX3ku3Dep3Z5jQEYDR7PK,26
0Pu2P5Jp0kSA95eqZ3jkb8,14
6a01n8nFLsXXYb5lxXJIBw,2
36TYb3C2kMVeyy32ooHMse,16
63x2ylSiGxGU7dG54upqI4,28
0irKU6Iir7gBMelIXPnXtF,7
1GFeOy4vXXMX7a2a63D46u,26
4t4amM7zhbmiUrBfuIl0sK,41
2ezQ7Qe2itIl6HvCbyqZXX,28
5yFSF6qQA1rcLsQRnBsZgb,62
6JRJbyOIVV70SFzNCvH9xX,23
185KiwRpwjqe52jyaRUBFn,34
5Xt5iEbljmwJW51LMTQ6Nx,47
3AUW7mAGx1BICBWqsuFgh4,45
5oAgI7Pzg6vxuKrfapg3Pi,51
5K3NDUPkLe46b5DRMt2RNJ,37
0rE7P5d3R1q1rdmi4busL1,24
2Yp9RZD8reu2mQ2mgFGfOZ,21
45TbnoJF2Swax0zEEsUOcb,8
6LIe9o2p1xfj72rx4NDY8k,45
3CP5U0Eg3dtpWsexPYemOq,0
3mgFOCbfQKowaSRg4rBTDb,0
711Tr5BNM38pqJ71Ajt0nR,0
4JvgDvUxtG3qwbzbCgucwq,0
7e7hic6gtPVhOrVVIZMIWr,0
4PTnMiPAfGFV1tqmeAxXGB,0
2UPXQ1UumX1qBh8COMbo6K,36
5XUNFwRuBVEwL3ilsNSIfT,22
1mRiOkXyGl8aHw9TqMYN0U,13
4lharVQjYNhByFR8dSHkMA,37
2zlq3jyBgKbiBMfmqU0x9F,0
0OMds9VuIlMusNnBt4vgMQ,0
0GBm0i9OlIlxQGx8fCNzoN,0
2Ubw4Bs0yzYm4vtPTvtFwQ,0
1fG3qsNKRnbBji58Rb5SW8,0
6eE5LWw0DpIbTOdKwDUoE8,2
3BC5s3KuoL1lhtllHkY4lV,0
10BTymGGrWHokwzbHlkDl2,0
5ZnzVZrSja6miEOxZIV8Q6,0
6Wrn8vD4z8kHBQpTDQOkUS,0
0lFIavLLfzibbswy9L0XqC,0
05YVJezG8p4RtNir63600R,0
3m3OwRXheUtBRKmcVNUsFo,0
0HSHOXIDMwhFbXHnaxpvxE,0
7nAO8p9s39A3lYXhRezK98,0
7ipioDTtamvmdNHwQDsOKc,0
1VdIDMigQggDtUwjdt8Xvt,0
4dA9hCQDGz9eloCRNacWfO,0
25Jkn7pfe0wQkWLxRkgW6i,0
6oheWhUHTYSegLGV9x3BMd,0
4kcsjzzTSW263lhs5VOhVa,0
2BF1X5nkYYSb0AUTRaGkDm,0
0hBMYG9UPV8QVZQFzaw2FI,0
7gyPFudYabcAR760rKv5rl,0
1mEUuGPU7gCcIkwt5QDobg,0
0kTC7L9V1nEGk58UjA5uqr,0
0By6lqHxAy8aKnbcmRqkBU,0
4ZkVOb0mNnm3MFY2LeyqHY,0
73vEP9D6XDrPnPdsMIoN0Z,0
64zUNPNYxusLnW21zSZ6ZR,0
1DZ9n7K1LZW8bWBZqGJUfN,0
1V8Lm8AMbCVik73Ixqp05d,0
3KHwhq1ZsfBwRYtacrXqVP,28
0MyfJah9XRKoF68chrxVmZ,0
5rE7rJwrAiCypgcYfvFnE9,0
1ZuE6xOcK90eKdQ0EVC9gv,33
6PQ68UVfFSjsPWFfXkDfmI,0
7wZorJD5loL9ceLJ67sg6S,0
4XgTgTG9FF7llF5waA0KSE,0
30HYyVfAcWGvYfTMK2bmK0,0
1IBKePjbIXAkXiSvT2E4LQ,3
7Ktv8bQUjZt0rr16qgB4h2,0
4jvJPG5YNwenlOmyLWSqaq,0
6TUwKZZTGqEDYQb9W3dPf4,0
0Nh1u8Gd6lVz3BE0Odg4sV,6
79IZKAygtVmTcVnJ2mlaIS,0
3XuNYjoieXvbj1ivyZCUjF,0
49NEh2ZXUwm6RjBW7gf2mW,0
5yrucjkvhw5RaNZHCA3rf1,0
1Rkrl4kdVsHaFd4G5yRVx0,0
4I1zD6WvoJoLDFWsqcCpMJ,0
5BHQgdYNXLHFSZaoSGXQh5,0
4XgxEyG8fgFKo05p3T4m1O,1
2OLBFXBmMc43M7H0YrHcL5,0
2uH5qYSbyF263EdwQiwRFc,0
4raBRzwLKKRLRZF62nisLq,0
6Uui5N4PGEWkVdiVY26pqU,0
397gYrJRNvdMnQdPQtSeG3,26
6uCsQ6JlUCEKTRhC2kQjPK,36
1NKCqXjcYZ81Budit2CQMh,47
3lBoISh2FvtpdQt1lsU9nN,43
4KX39APEOO2EgiZFkcJOfR,51
40AGMddDK2qtxY41J0dpjK,0
6TaqE6fbzfOGTSnNqmsAMO,0
3yzJxgqXvOQv77bsRe6aLu,0
25hwApAUAwTmsJgVFzwuy0,0
14epucTZd8dLIYipdByNZS,44
0xr8RB4uOrqbmpndeoC7rO,0
6UPTcXvKGGMg5NsGcUS6if,27
7DASvReTFBrIsqFU2FY3Ds,0
7Jwe4iWB1G6c7TE7fRedrm,0
5ZvAZJEH4R4YEbZegv1VDK,27
2MyJqg3BXc0vAD8KUtKHkS,0
70czmnAcu0CqMzqvkUHOIm,0
4jzJLbxEBpa83bd9e8qlCk,0
389MC596K4IN35zaHAyuYz,45
7v3OjlUZX85C3qz68BTtoj,0
7H99bn1pnm4OuyNBpX4UTd,0
590BSKBR5povyuY6GPq1T3,19
20hsdn8oITBsuWNLhzr5eh,48
2APDhs1KxcfythNgqq97OE,0
6YTkHZitFBGR67F9A5RCa6,0
6RH49kOurGNl02pT2iKOOp,40
1gqv45EWm4hL4CRdVq0dmu,0
3lW5U8Ls8JKhhjmY88Nxeb,0
7f2wpvZQvDQZI4jOmvPzRU,0
3WfbatB3F7XTkJehO49DVE,0
5Su8uGrktYXM9inlzmL99W,0
5tB05uMCDMwIfZ81siwX6t,0
6RzqKbsF86Im2F2gJJwNYe,4
4vxnGjIxtdeWvLSmG2ED3P,0
5W2TFCEwO40Qi2U99Khvgz,0
79B7naQYN34s6lITPdToMQ,0
2gfToY9trgUdYIgPkc8zwR,0
7qDV8EUMjj5sJdholWKUqk,28
6AdD7ReUe1mk5ixLfGnSwO,0
1RxJ7DH5j6WdaOzWiYu5MO,39
4s2rzq6ZpCfg5ODq0z79QG,51
44O59bdcfD8ukbIbvFeHne,0
4Sp0jLZN8MgPnoGDufJS7N,51
1ReI4ZlpCqZA8AyeWf418b,18
79Uq59YH1T7EJ16uWxK8Oc,11
4iLEvbFCaxYzBIkO5ZlxRq,32
3VHCuPFZ9JA1kopIlNLDdz,11
6PsThaFJEeaKMokhSPINnY,16
2dQzfKRaMKUCQgMpOtpLTh,63
02q7qbOYbE89NMFEtOklcc,51
665AK0ovB11McZRwfa852G,56
6Sf2YqGzNmVfSNpLFWuYbz,57
61veBHF4sj0pKNpXeHF1ah,32
5MgBUUjbkQ27Kd9CbeZFLo,51
3mqvUmsGVshZSf5INiebzO,38
40WECPl4ve5Vc5LWwK01k1,0
55y30bh2ZUtzOXjWLxn7XT,50
662vtOAyenh4uGaEP8buDu,21
1vu8zEpTfoxLtpRFyRMEFn,48
27YP211Rr8RezhiFVDLFI8,40
7ix1nGNRBkJiKjJNCWjDTp,8
5eAGda6EwIwCJp2i2S3UeS,30
3d1pq5YK7a79vV2SYwCAqG,33
5xpScO7frkFncHij08H2C8,30
1EYe8QORnVJey5MQT5H35S,27
3arojvuLeaH8MBlNLSQ6sk,27
5ZaGbMqMDU70Tg5fVzq8hA,50
1feebjQLo4D91KPWCYrU3z,39
5LLj8FOkOpBm1zSEchjVlS,19
7HsBPZz9DNjSoknVFsOwAh,42
2tmoma6St8qZqkkxNJl6SB,18
5KaXfDGZLSX4GQqrVbP9BS,19
4XzdxE1HXwogDM3MJMR3xr,23
7J7D2Ezp32LxlYuNTZX48n,29
0USJ702LWc6LJW5Od4euwP,17
1PYsy4cGp3egbeaQDjIGIa,39
6cui4tNWQlw7ydqyrk89pc,0
6x7r0lpyqxBKGq8J7LFMeu,38
2X4ZUK44laGmfq6XTTe2dm,31
4UaVU6yAkMxqXZ6Ikj1Cxb,9
7AyumpcX24H7KYJxeCFOlC,0
5Zpe48RJ5Vs1YuFRodYdeS,44
0UBgJMgfxiIsuL9zfiEuKn,37
1XqmGsszezEWzARNFEYdV3,0
0kdVIAjTAkAFo7dYdciDU1,44
6LUOMjoORvAkdhBYvESO46,63
0MjeQ5T5E50q0d3i72854N,54
6ftVlFJnGZVq2DM18ipV3s,14
6zWIAnsWUkqLHh98QCvaY6,21
3dqGLyXoP2Bo32eU6Rd8SQ,26
3Ej9gFp9x29QEpU0TDUueh,39
4v7kKFlEDmpVToHOICsXaM,66
7aLyzHkkuI4QoLum35sB38,6
0elrWXwFQNxpmehJIH9kfO,2
7d2RpBy2qTpFnzXd5jwX5F,43
4oq3le9UdPBzw21wYKrKJL,0
5VZSIseZuR0WoAwieGD4Ff,41
0NcUK4fUU0d7QLdtFwZ7Ky,1
1xf12QFZ5fajR9zUs20f1f,1
4AF6IcOMAQpAZc4XombycW,22
5KN5M5tZlqJJdXzvfVhKwS,8
60rXUfCB6dAErFNNzfUs0J,11
6RQzJrr4BrsO44IAwaicvu,13
2yhSkooN0l5CDVKhyx6OL2,14
0HeTpk89fOwfTBVL5d2acE,11
1qo1dnwguBAbiqRNd3oTEi,41
7oSCKN8YAn1NpWrwnvXFpn,1
6ziw4ahDZIs42ZG5rvyZkO,8
0eTAHhhlveyA0nJpW06EZ7,7
0R4edaEAa4jfhQc4LXe9Qc,3
6y8SWSks7t2ANvmwunke0m,17
6KHlIvwh0yQQzte6NyTg3E,46
5Jk7T3Y4SNdsrC8uaWnHp9,7
2CVEASRFkXIaa9xAM2vPTw,6
69CKIXoZ73OtJt590mlFEe,15
3LwDf7oOoTK9bLjvpmJRsr,4
4xNRAFyADjMPrBHl4NiqmC,16
5kHMg5sSH7SeDfGl5TEptb,0
51REYQuyjvjEKrUj9rISbQ,6
0tXiNzZeQnv3NtRcdYSKy8,24
2reQzXiT6nMipfc0zpkh3B,0
3ZcSlaUgJpKxKzeqT9wqVb,11
6Kayke6XzdFL4aSWNQ3TuZ,13
4tJuE3DkooytN4I05YzyTr,31
3vj7ZCPLdgM9T6obaVl2HK,40
1kHxfbiZ6HOagkTTrWbICH,27
3YIcx96kZEpWDUrgVQPOkH,15
0z17vAOwcPHO1f7KLr77im,4
4N1r70StM4WeymDNajIJQ6,6
2JPKFAcyJpctNbdJk43lJ3,3
3wsQDA7nv5PiUrrYN9TMVw,9
6gJ4DuCPozEuN9myUxvRMt,51
72juIoy6SX8K5g1VKpVGZy,33
4qXD6QHP4g9Abt8dW955Mi,17
3t0HLqGFR1xl4pVQn6VXJL,10
1yebmGMfzmYUt31SmpamGx,14
7eV9ueaDltzZ9TVAeFRoVZ,10
4Lmr9a3iJZcFpTDQxIORWw,16
44DZiCy3IulocxFXdU1cE7,23
4po8blw2QTCBBjgpoBN76V,15
0I3wlS5dlpw0hv5zhxN0pz,28
7uKXny4bHfpLhFOgYCMsQC,0
0C4nF89474iqlF4HBVhfEI,5
4tTRm872gHJtA6WaPmMyut,5
4U0wNvX09APPfe8TGIYHoO,19
0NBG8XHD1xri39FtzwVelX,18
3ZXFLQ4fX0uTWX45BDBLi8,0
5k7c38j8T7JMWqtLtKt83T,16
0QNlZgXWDIMdqv6Gjgq0K3,27
6R9MD6OD2EGOTnblzvi3mw,0
6DJQpwghSFDWCAelPckZe8,1
36LQYp5FNsuT5voIO9bdfZ,43
7mtHQxn7gie9dFH1bs21hE,43
6rO7Ljvkmj4ESCIcGEsVdT,44
0k4A0wcdZLY0OSQ1ugfi3J,47
6TR0FGw4zhlGbQALN065AI,62
0rMm7NslRihkjiGq7e8Tpp,0
0XwqQVQa5FtszANrM2Oyeo,0
2HvMyC2NoRJceu6Lgbn4lS,0
5sfDRsJPr76mjdjrMnB2k6,20
6GvLs37NcHbKpB03cS874a,8
4XwLxC47UNg3EByUt5RTIG,31
1CCEmbH6GvcvdxDNSfpQYM,39
1rlNpTZ4vEU69lBnC4z7Kt,37
2gGDfz0betX6x1BAvky2rX,35
2M1VM5ODWp948GjPLPS5d9,29
6pTDjJzSJaciuxfx9lW8hg,0
64L7BSxBzDkZZSWO7YdgPd,0
3y5GQLGbxrGQtBeOHDIviy,0
2Tax5xK7RwwpnZOss6HmvD,0
5wkHc9kBoV1jcoCE95ucjg,0
4820bgsYIUEXXz0z3NfdiB,0
3fDgxdcf0jeJgGiZJGUmyK,1
4qetR2UUyBeUrJ9DbYrpVQ,3
2xcbiKAv7KQZhQpAFJmucE,0
1liwCzSX7DqdmqS4nJBl5R,36
1bvHNgnKpKu27knGxVom2V,0
69yzJe7xXyaTnhAP77Z5sd,0
7ruylcpwEbeCl3HfB9SSyM,1
5DD4tInALhytdTzTjnJYEj,13
0owVMbILBt0p8IaE23yUVx,28
05LvE6ySn6hEcHdAJ7N19z,1
3NFvJh1TLTGnefNSNtydg2,23
4KmVFTtbs2SddeQF5BMe67,0
7GL2SOvJXs8QVLX0cUADeq,27
0xAV02GbfG3Ud1T7BkkGAz,6
5675X0BCpyxAum29jueMUC,0
38SjWjddl4A7tU718iR6qs,0
5EtzneN56QiNY15QxZY3vo,0
0WMGutPnFFHAsLekvKa9vd,0
08d1uFAAtQgLbuvyP2AkoH,56
4qayCwK3S5cfbbteeeV9Aq,14
1CRUD0H8bhgvXoA7e6vP3b,0
4gVAUsZAzft2g9Ef5CYvSE,0
6w3DXodg9feLoRbyrUhT9x,33
3xN4zbuUZvGev7c9D0BbTM,0
4k9ej5Gmf6O2G66giJN7sM,0
5A9Dncxt8d8la69RB1gYSH,0
3uflqf2yN68tM08Jdbc4w9,0
3GxbXFWlq6Qseg4wHJ13qF,0
4wM51SUZfjpOs6attmHbYi,0
6zig6VAzxkSV6MUs0kehw3,41
5XrQLG0F2A5BsF6KfzGpL6,35
682gIKe9M4YJeDbw0Uqimn,15
1hUkAK5CQljuDbu5U8c0Cc,23
3OzdPSE6oqobXdKqNADWQ5,0
1iA0R5MfYHfEG6bfaY1rqu,0
1YDFdfd0ozvJKa2KG94vHg,0
1qTdVus86G3MhMFx6IPdx0,33
1QA0NEHAHPN3XCv4H5CDmE,6
1DJ0I0XNq2j0NRJyQgqtXt,0
5cWtZM21FH4YL0aWq3Syfv,41
2iQOfVX0N8aDmqQnS1cwCV,0
6jMNEGB4wjPH2CTZYZpktJ,0
5QEOyTOieflmYwkkFoDTRm,0
2byHMGpQTPrmUwZ4Lz0eV6,0
47ioykvTZqjTNbXSzTijAM,13
40r195KtIfLn4GMLvHKpJH,26
6yIzFA5XvwY9ksUklpvX7h,2
4MSXFGbZtafocmOJSl4QKN,3
5T5KSlHqsArMUX3c40jvr6,0
5fFEgmLAbNG75zKPn3hXOO,46
57T6tikkGJVT2RAJSFt1c4,0
011n8lBopxh6VVTxXnyKu0,24
65o7c4CUnLpgpD8wj8RojZ,17
5VS7aJFWhrm5U4gO7wHbVB,42
2b1CFo1MDf6FHL8MC6IX0T,22
3RXpeuxTgxqMzqGXVLRiCy,0
7jwWgLyrVPuXuoKOJeTQVo,0
4ukLAzXMLNzr9yxjlH7mJF,0
3DmTvxgaOYdKS9dQ1z1mSd,37
4cWafPsRizm6woL5j4HNTD,3
2Nl1RhZ7BP2gP8l7SlUyI3,0
2CkhQBlp5X4LUthvEdkuFi,19
6RzQwBJyxBzQHXthbbjGu7,27
4cTIFTmacy3vyi5A5F3YeD,0
0nWUjxj2Fma8Cvyhiw0urs,2
7B8YM25inFu31c5nTiLFgD,0
7a4FQLmzBdwyq4f0ws9tVv,0
65N7IAvQkiGMnMcUCue3Ug,0
33FIqQgI9ARTSsMj2Vyvxq,0
21mCpc8m5SB22t8lgRXobR,0
1UPTBEmUF8M2AtzTiqZOT8,13
54ztfXZugJVUu6BMmavJgX,0
2Lv7vYpPx68ttqspWdMnvw,0
7qcoZzfJ7HGOuR6fwTbZND,0
6w2A10HCO5nhBCaNLk4aS2,43
11xsm79HwpWV1C1lMXoVo9,27
6PtXobrqImYfnpIxNsJApa,65
5MBhTcvskTrgb6OmLLrOqE,6
766RKRQ1ZJjmdBQ9y54HKj,0
6oFd2c2UiVfFBTIJiFVfz6,0
6eDw3SaYkrJQdU4OTUWNOf,0
5QKPi7unCLHGLv6gJ0c6Vi,0
4oJlQHvcgGMcnPdEsDVqNq,26
6bCabEQbWmxuyZQLHn8iiZ,0
4TUuAXGt8SFNcl7ves2nPe,0
4sKxpfxfS5AdVczPBtv4QX,39
037yW9RzsLze4OmBYmcH4G,9
4J82lONPEFQ0P9rnkUahI3,0
2x6hopxvQkOzZTBdEMyUO2,37
4GNCf7mGb5NmZPx4NbHO9h,0
0WeF2Avp91o78EiEfxHPrw,0
6q7HUVZZ5BDt2YBPM0s6Qn,0
5VHkkdAWbO8QKMKHnFNotP,0
5nKnfKcH9r2Wt33RhRWXhr,0
5GbOxaenurzwIml9abdh7Y,6
3rBDty01BRxfQ0C3LjLN3X,0
2717O30PeUJbOVX7N0AaDJ,0
48G3g0cNjZZLwRTTcBbc1u,0
7lxunsaDjpbHFvVs9Db0O7,20
60ujaCxju6Qndk01pIQ2Pk,0
4pWfWlnxmtUHVnzuqTTyP7,0
23gEWg886oyEWphJOhplT1,0
1oX0fJip3Pg8n38740vcKs,0
4oJnPMMBftqQRjWFqwvblo,31
3ietiUYcpAjD0burVmHBri,0
1NZMIqv8Rxp66PGFV6i2fb,0
4y8XhpQ7YqFLyz2o7c7r7X,24
2tBtdRjNw2YYIEzj6VtQhq,0
3ZGqWjcy9D1ZqxBOdOhH7x,0
6e7Xpk8Ot6EECTUNkPgxkN,0
22isxqWRKLhywRJYM6B0Wr,0
2wMW456QogoilDyApEEAky,0
0LgXyRIho1cJ8dfbWNIEtx,0
6FqH28raIkXVlcHDUvlEzA,0
2hWIE3vQu8Zc63zWaFiWRG,0
6qCyotuZh3DSf1IraRIECq,0
5H4SOkZ3ELKnBKY1XMzVst,0
0LN4wlhICj5qBXKaM960jQ,0
56I2Mg0Q0O7L5EUmYBGCW6,0
1gOxFgeDG2xUKFfCnHnl37,0
2Y3eAKHXWZy5r88VEhIkL5,0
5KPMBOvLbP4eMRPHKv3pP0,0
1RhK8kEjB5lUYARdK7truS,0
1LBUjhIG1SN6Jssf2HgxME,0
7GVSFPQOFTvj9x96Vnq8Yu,5
5RCQsNJYVvCZRt5ggzkjkY,19
3EBe4cSkKqjkv3AEAmjyaF,0
5LIx8Ml1BggykfpwwkOgbC,0
4GqvWKAq6uKAcivJGnNAhR,39
0twZvYPeZTFTEaCopQoqId,0
5Nm5zhah5fEFJ5FatphfP5,0
1QC7vpmKZW0Nb3I16f9jND,35
0vJ9I27nDA6PofOm83NH3s,7
7dhkH0CecrXlGgoNHagTvV,0
0GaBMjNGzWVARb3fReN6dx,0
0BDH10wUP5k1Pwzw8GjbvB,0
4655ITqZ6CKFqnLI9d5iyS,0
4MX33MuK1h15xjfSpXU4tj,0
6nlCPdygwRryI79rUbWx4m,36
06qKEP3ITnVPmH2ZW1zYvn,0
2zgy1SnyfzoyyG7De9zT19,12
4GWfs4aOX9NG4msG9OA5er,0
13ihPYxYfIt4Oe3crs4jqu,14
2cECvldC3qtMue7yH9BxGO,0
7Go01FM0sfNRmNs7uJka4b,0
2thYAVfPCmf4QxN7R69rPu,33
7qBj3Uyq1viGgNVHMwY00D,0
1Xcww2gldd5hN6WvGBsbFT,0
14KtEyr1OCJnaYzWIpRHSA,0
0qDOSuKfzm8dKrXAMVKe0J,0
6KUyWWP7El9TZqzrDwdO9s,12
0gEZssZrAI2zNLcg3u8i5Q,0
6Omn4mz6wbBlz66hNdK3gz,0
2zouWv67gStVJqRzXxaYcZ,0
6rimoR5kuMbnJBYQZyoEeY,0
18g2NMnK8Eb8PUIRUWtltU,2
1yDgazw4dqONK0SdaRmCea,0
2N2Mp4HjnYcmrZ2YqrKedy,48
2r4ryc4r1Y6pMgdBJmG2Wk,36
5zBfEZ36QRKjkU0eqNuM8d,0
5wQeCrJTJxGZnILnyCBHjI,49
280ZN1ZklTE91imtyQwMBa,0
5fp6j7TdmXpmKM6QEDL6ZA,0
1CuBioSnK1CMLeKDmNpoix,0
6b8e5tGBey54C4epKvIfOr,33
1Bud9ynlPCjkqgzyEaZWPD,0
5nYi9SNQHQMfErb1p74Mpz,0
6Jg3d40jtWFJkBCvxngaNp,20
1ZPc5wZ3riWjtKVRCgHPOK,29
2wFH2lZdh8GN36N86VvnYL,0
3BSHZ5JKFIAy2ii4ToTVLn,0
6ane3gfoE6QFtOWSvQGAIH,0
4EWCmQQyVljLJyEdefKQgG,0
0PJ4RVL5wCeHDO8wHpk3YG,30
1fA60VsNlPkER8Hr5SN0rs,29
1ucQ5LXllUXtvnIw7gtIpz,0
3uyo6qwUm4ctMFA2rjcp9J,15
56hZJqMpRwxzRMNQGhdBzH,0
2fQYA6cFN4ClfI4OmtpC98,42
0luZBaTxijfM8Dy1ETNetX,11
03TXYSSiqqXMF5EoGHxUta,17
4qvGgS0IU78kJZQPNfqDEm,0
0TEoDxZlyKLtQTIEih9HIT,0
3EDbqYLrCNBP7J2CqcMPZO,44
5bZJ1pbxDnjaXr45jTYTNd,16
1rkrZxfScVaKmHdwo92Hr7,34
36C0Gw2RmYWy5aEpMPaQ0e,40
5EuVplVa6I5vbAUBuCRnvS,52
5E00xRhYsooyC3MBA2H848,53
6qLkMLUIkdtX34gHF9sPFL,45
5E9owC5qaJcsc22B0N4PYn,23
3ocZqgu4jExP3HJetO1I8f,25
7Cv2Jm8ca9n7aMO0zRfJB6,3
0HJ7K7uauPS05UqWUkIxGM,44
7t2SQT5dDOqRkLBJF2KHLR,13
49jQjsgh1bqjLW1UXGPIj2,0
7yK4DriG89VSF0BwatqZzY,0
59jHH3RyODRyVPCgpM106o,40
75fJUcJxgToihvGv92Gacl,21
4czC9q1QVwRqQ0BijFSmYh,36
1pMrW8jZyC18RNQfb00AoG,0
5AVDsyUbuVpVTflSxAB73C,0
0kDIirlQCy6YnmsK5pZ6PZ,38
2wj8ZDkP8uzZRY6Uh5W2HM,0
0ZRz0GAbbBuUQbY0KI8ALl,41
3HLBDDqBJsUuX7epJBWY2L,5
1SG6r7daFfpzPcU15luVqB,43
1d8UxGwY3mNwT8JJwjEwza,0
66isKwQejW39JXw62gmu8T,0
1cdxASY14bpbX32PV8KR2a,0
0yHOGjSWf4hDd9qV2WxNa1,0
3tNCC3x3rSivkbYszwQym9,0
4R9BnU4RNkGDgjUorQKJ2k,0
6cd4bYMKUYH6DL8BcykSau,0
0BtHsciM5qkTGyJ2cGszRk,0
0vtCy4K3CE3oPbINsA25Qa,0
2MlUcu4cRAyjCvuBrGdcKd,0
7bEr7VneqXklKMUEP0P7X6,0
03MFnTJVWIB5e0uCTnGnr7,0
62fMFW5ApAj4B8lXoRoXZU,0
7LEehgGg64Jc59WA6T8oaK,0
1YVh7CgPXqGNg9lDD9Wg1P,0
7cCvP9uiW1Wu3Z4V2VQGlg,0
2zvNrOXk8letDuim2sJpJj,0
73fCqopbRksj4hWtrMzqty,0
1yvQSQvFZCH3Lbnvw4bkJB,0
2nrNWYUZlBAeaBQk8AEzxz,0
6qcNdqGPi6Qi9Sgb74W05g,0
1oyn7JHy07z6OppTi3kOkk,0
59k81hcQtyMEnRMlnlAgHR,0
3MErTQxXAFbchpgdQIByJ9,0
658CdDgzlC3vMYyuho3Thl,0
324hSNQ1kybDOJIpCtmgki,0
7f26Y1idWh9huJkDhoglZW,0
53WkNeHhYcflvfQFZRpjT9,0
2p3N38THGUdXNWP6JGByX1,0
6IM8aVuZ7mEdHmE2Xtfi6A,0
4piY5IUWIkGgM0HxyIcUzq,0
5G44KuviE2G7vZVj1PxpkH,0
4U42DevZ5dP4oBPswypZ53,0
4ceZt0ptwiflIu7x6TBeLx,0
5CMX4V07TkkwupB4SNd3Ph,0
047RjxM3Q8zpZIQblbvRxc,0
7qzz3nKEBYarix1J5CdjZ0,0
2B9lf92JWH4LWmkFufhVu6,0
4ecbiEfPKhsWXYKrGhZ18H,0
2YLuyxNRfTNbvkNfihrtpv,0
5cPzd5Zptyi8rMEDzSwFLz,0
3cJ2rADG1IyiRyAUvxj5Aq,0
4U8w7ROx4ZBQ5E30qq5tlE,0
29JcbvLwr0FdyHyRme8nRt,0
5NMF5emWxHxUcivFDagVhE,0
4O58jN51aRkuHYWqoJDs1s,0
4ULVqqz1ENoK1JtrbcRoOm,0
4gRpmZ5dO3q08seSb4t5w2,0
2qigEhmxPsUt91eHT8KCTh,0
68vqsqbmDjcAjbING1Bhqp,0
6vZqCRNT1Xe8l1D95qlPzt,0
5wnMZz3N68SwPRNkcxKDFA,0
19o6a2c3nFc19WWmwzKLQg,0
02T6CSYiN1BwFVFGebLmkd,0
6gT6ZGqtaFWnFnuWTVx5us,0
2TOPwNUxyvF0xV1KSoma7A,0
6urF1gW7trLnj4JkxM8FbU,0
5Yq7Nx5q7kL5i2ScG45x60,0
72NBT91ol5GPRxaXDPBJiB,0
3CmHSDblX5AQ1Li9QeHkvp,0
31odRcgnwvGaIOiqTERaHQ,0
2h4QMolhE2puX7CYZyYOmn,0
5t1d0i6Mg3WJntVNbfIClG,0
01wj0VPdbwqic7Uzd89aPa,0
5HBV5AtynDJ2ou9yh058kn,0
6qQHdUx0lvtP4GTJsZvQ9f,0
6uUVmnIFtHZMNusIPNtOkw,0
3J06oZ2TNJUGuBF7q8YaDV,0
1CtW4q1G7gZbFdwi8IrOWz,0
1DLBjSdWXnX2ZQHP6zDWuC,0
15DBBKEzADEOn2Dld1HKO0,0
2Xes5wXwDOjm9DxZUmD6hu,0
2zgdBHyyjJXmFwQyCRgBlJ,0
7GdMttMgpx9jt3H4tm8vFF,0
3yynRpQewCVIoPQpyBEPq6,0
1QGYLOMM613eUMDcPOlRuG,0
7DqLoORz720BmBmXJazucJ,0
6V0z6kSiT9rL4xwPF7HD8k,0
406ls9i5Ygp6YZlBCTWZAn,0
1vN3OWX4SJTSJhyJH2Wx3l,0
7yYldN4ySGzCDo4cd62Qiz,0
2Xn9RATH8iAAbfipxhMMFK,0
4yf6wQc4ZV0SqqJLjWqmf8,0
6yyvJNrpOP4bZHRdMqK423,0
7mpZHc2sy9RAFYImUj2T2B,0
5H8khEjS7xs1YRQEmjLQWy,0
1sCFWpd0s45YlB3WLDX0D4,0
0cJ6ETTJTmuvgzE2ii2qgt,0
6AzpLrMw9YSwLpuKCuDyCZ,0
09TCc7C0viVPz8CisbSveR,0
3hxOnhD25gQj3giyWCMTEb,0
4gaiIr0XfXOqOBUrxxBlfH,0
5xLjBClF5iw43qwQMzBiXV,0
1QMAfFKLQKGAU5nnOhcmaX,0
3xqpBtEcrYE3jASb5hkoGV,0
1WUQptIPkfY3Yjf98jxigP,0
0K5O0AJkUN3sQlSCjgbFMO,0
3BQ4wO9bbGApuOp0LBwaIB,0
5bKWZghpJlqbGMPaVg7x8q,0
375ggZRMehD0WkBnvILLEe,0
1R6Agjr8NdXHLE6NhWGdYI,0
2hvRHQKgsj1NlxX1GyJBXN,0
7LUdqlJLUzbAIq9eXPbR3T,0
68PDydciw4W2e16wCbr9tv,41
38ec90xq2fKFMRJJahgnYX,0
32DZaPI86o57TZUZbh6587,0
414l3kk56P1gtMqrIG0zMf,0
20WcuVfTh0QFkIsJUncdON,2
0u5coU84PCSN4t8jZwYUAp,0
2Hi2PhbY6mrhxU1LIjhxxf,0
1q2yJEPlzwaJmDrXeof7z0,0
29hVeHD64920MFf2oO6TFB,0
7gZr2WnSA2tX1dKcilDhg7,0
6awRSUAy12aMn9C8Ll2uCr,0
353Zbiq1nYrsuYdUQ7RrxU,0
4GI5TTxNW5w0SYOEpOQWTG,0
0qF7Piw3F3mLJ1ni5Iw0bb,36
076jREnPu9sinABTfdw9Xi,0
5QIKZWOHDPbGh5EpSqCXMG,0
3fvShxEPxOEV9E2XYwgnYy,0
4VvTumh88DI240WO9ej6OV,0
6wsCLvtcXGQZu38RluW2v6,0
4Ptzp31UszO8vPqoSKtr8U,0
0XvhJ9pxAXvV2B47JIZlEd,0
4c5rHzLbUDJZ2mOdr01ciM,0
1lQ8xan0c2tqtTmhjdvyqQ,0
3dhPpCQvw3kn7so6mkTbJ3,46
5gqxWPRRmKROZBniym54st,0
5HYgR8PZzcEozyYhdmJaWz,0
1YQUiAm3O4zbnbN4PtBJoo,0
1hcJnBEipKvSyL9QE4bcQ7,34
36Tmp9I5AArqBB179f0u3o,0
1MOGJQsVeaRcXY6heJz5UZ,55
6oxGueIQWk8hmYpStfgGww,48
0zG6VemmYlMhAK5MNvBeP7,0
4Q6ZUid2qqoxX3GTlBLCCP,38
5IvK9CQrbBUq9e3IuoKsZw,0
00kxmCrREn08uWfQnIx7Lv,0
57ZeEWgI2hKqb5jUgGRC6e,0
544hF1tZrLyqpKp7Y6tZdl,0
0hNf6AeBtoQKTyCdEMj4In,0
4gxBd6G8swrRoOeWPnNFie,0
7lKUzdh4CWWqMFxSLGT6FO,0
0J0xxPULus4YA9M4jRFFzz,0
1q5ADxdfJrpy8TfB8lfCxx,0
6AmhAYwQMKrZMZ5qTqxhli,0
61s7mTUEWMi9ReuqaUa3rW,0
38m1ijkLYvO1iqMLPx9gt7,34
3HPocb6fNCUSS0mmXpGGXn,0
047K8eroXGA9dAwk5ptLL6,30
5MISpOLjlHo6BO6sZD54hp,0
75gfBydZsjzwSAeMqvl0fH,9
3IVNVCvG7ZBo30FsSy75Pf,0
5ohL55vbPhN999ETafibnk,52
4DfF4g9549dBiqpk63lEO8,42
2qz03EgrjBdB5NQkEGYECN,15
5b3ZqLTbr10qHKD0n39Q3J,0
7JDt8I8Jkn5OuDq04BOSjm,0
7F9I648NBMfaTz1ChUXEls,0
0hR6TuU1AnS1BuJPOG406P,0
0QCvWS264OiKsBtq41KBWb,0
7zObdVhUdn1YIcSDchiSxD,0
2rzGN2eI7TsJe5xzx9sOb2,0
0l0bCXStLpDNSDkvCh3b0j,43
26IAeyelSfHJSS0COxyFDv,28
0GWXL34z59oY4HGH2tQiqN,0
3sjNC7nogOlUlMuD7MwMrs,0
7pCQiqR7jKiTNRIuwqglB1,0
4E18v8nVzQCeZBAGMZOtCI,39
3SP2QmuKxP0UcWkoHej04w,0
5WfJIIeRKbfaIUI5YUfRL0,51
0BrbtiNIvyPXhCmkHNnpHd,0
5fk4RgzDGqXlT03bGSyHGQ,36
0LZcjVJ2JYGn5HgU6YxmZf,0
18pFjD6zwF9OculQkB9YCW,0
1Hll48YIXfOmEpgK0uHyeU,0
5htHsZZUwj2XYPoCkQnIGh,0
0wv2GvOHnz1hov5LxHhFsT,0
2vIlgaERMLTF3UZcEyuOPg,27
3bmbNLqSJjGDRbbqlJUt4y,0
2QCgVpYBIenafMODBXlyy4,0
1OpGouXm5BlktosCVZNqOy,32
1nFHoftXiDCKaXCLzelFYv,27
1QdG3nKKTrNWlN9x9t1cH6,0
0pg0vTfzdsscT3agn1cvYE,34
23xGpqAFo0FniuBhdrSiZ2,0
1jK076EC22MATCnGVuyYm1,0
6PVSQQNEAZP0bHSiMAH2bB,32
5xSGWKadCR6lZu68cVkrLI,52
7HH0zeWX30ubH8IoqJVyFX,0
1ftEENXFLqdOT65iQbECup,0
3B9xcYBh5jiPDb4gwHwx6O,19
3GoYTwEBcxkJatB0Z9Gi4V,0
1uwAzLSe1a9KrtrMJOyE26,34
37FfCz1YODL6NAuWfxUzJh,0
29C3wkt3HoxHtEalb0mUWP,0
1ov2kWVkqFTFEcpgRXnphS,0
14BmGOdWFMkxiyQ7f4s03L,0
2fxnEwR9xa48aknKlcpKyZ,0
6JXrAJ1u6R20f2k6TnNlQs,0
2Zrb6QwRYBF7EQmY44mbnl,0
5GZX9ZUelthrP6ONs88jLd,0
5b61rcrjF6JG7yq0RRaOLh,0
4IyVra117kbefOwCEkKPb2,0
1b2V38zCkmm4ll7H1yDXN0,0
5AL3fjjh3Xb3mqW5jsbIwK,0
4CaXP6LI8yatFKRQONlVvX,0
3esL1FN6WGU16h9hZDH56M,0
6eMLm0Wya7iditEYwlsnXB,0
5mNsNuFKenXbCHHD0oLdQJ,16
4yIuLOXO8QKDbcvsFsOOHR,0
71MCTBfrjWOUJ23EkIf2fp,0
2qok2YhVi0CIQ8IGEMKrTt,0
1geovaCdfs5fSa4NNgFPVe,5
0hur9YKoUq3uwte8K30zlC,0
7hhALyPapWKKdgucZdtmFf,23
28KFGe308V6EglgtvWbRxp,0
5RsHNGJRuEpWPPt32d6Ewp,0
3gM00KjzFqb375IGk7FyWL,0
1diVtcOeyxDx0qufv3NviT,0
2cLVRFjk0uK31POTBwd4Fj,0
0uFuCtXx1RsSMQAudhXKMO,0
27ojforK8mWPN4hu0Rl73a,0
4C50zboUL8ogLyitIgosxZ,0
2fXtvX2qWh6CsUdKtaqddt,0
6RKLBRaj995vx8kf6CCLr5,0
6psI811W9U9nIPDPXIbBiD,0
4MHCyNkp7uXRu0jeRXom2g,1
7F6NUXWXERbJliGqcAxLIf,0
79XW8ctYhU4Wq0iOx3NGjG,0
6lQii0sW6wpLsCbfUWT7h0,0
1lr9t3lyJpUGqh2dDc9tHs,0
3HlB3FeLdjTfLW2T1Czaba,0
7sV8l9oBVkyNlHXgZQZg6a,0
4mwgVzuCQd203cx0JH8BYF,22
6Wmi08VTuMIAivClvxXyRK,17
7ANnnmkj7NgmfZbO2hbPAB,0
2JZ2yIiivk4kflVTaQyvWk,0
1akwEUtTqaHgv1fAc8lstd,0
0RIxqtWatl9vSYPO1igyS7,0
4cjYV0POMDpgX9m2nWcRUh,0
123wJHKSDK9wLRCB98xPgc,0
0SPaFhukfHJYlfUpAuILUN,10
6yxa2fz2J8cwCRcwqFPSjC,5
4cnlRbo7nxmpJOE43qPFFr,6
5xFzd0LdphrSIH0UIuWzdH,0
0bqz8PQRyKw8Uwi02NsV3q,0
1BBSTCSwN9HcMkdsAgIhyy,19
1ZF65jRYkGZhnfrRzjug4g,0
2CL7upMIx1IDagobGRGMPo,8
6h7MPC2hBJHJQuobsRXqwF,49
2kFbLL7YVjrxdy8lLKj4xA,0
3Wd2jkT8nPKeFXpMS5OegI,0
7jEA8VTB93amXoLpvoc8YT,0
7F5fy8py8jbzCLxPfIt7dF,0
2Hmxhwfyh0AzIGBjM7cynK,0
1rFud0KtBnZ1FqhumD3HMy,0
0CSD00WpFz5Q8XlYowNHwK,0
32TsyZP1DU5UxjfzGv1gkN,0
7k3jB9U5OwFtQvLTSP9Tak,0
76g4jzkpvb0uT03GVeM4lC,0
0Bk4P8WODpjxTzu4ry5PGQ,0
7DmhyegXAiu0yTy7nRI0yg,0
2DAc5uXMAUopuqqijk10z1,0
1N9fmqCVlPbJAVWStT00VE,0
6GtxQ89N2gGwzDNuLiWa8I,0
3HPCDaW6nSBunUKiTDNw4Q,0
2xoVdRTViE0knGXzOXCqlg,0
6x4uyBoYIimjL27Mc63spc,0
5bjSmlf4rwtGDFNOtjFhcy,0
0OuGYhQcaASbBYJzzXq1qb,0
0jEvKRshdkKMBbvgUcyv9b,0
6z7LM4N54IRNJfH9n2dmla,0
0IU79guOo0dUEwCCU0JjJz,0
18gYoEH84N0Bf72F47l1CO,0
7CmZyVcq6tZ12uDy2MTMCf,0
6LkDiOGD5ghHPFMx8V59Wk,0
4wi4qyWrgH4E4Z6hKrCrrw,0
3e5jM4j3eru6pCdme26ELa,0
1nig8uUMAEkefkthGHdMYD,0
1bIxusFu7lqrmi1UI71sBy,0
3i0kc7JRQjU25HP1CybBYU,0
5tnE17qEZgk3kpxesiUt22,0
6VFwpHDz0CSyFQxV3jsHra,0
5pyO2UF2kx1QDgtUianDzN,0
2Pqzf2KbYm8dpFNaDqJCsj,0
3QjCmtOcE0GoiExw1XXcjw,0
1qm9MfTAoEixNPSqshHqfV,51
5x8m2FqsKVAhzFZiP4n35y,0
5aYI1JeYCpsZI5pfpoDaD9,31
1dC342UiUrvyKBUsubsXQY,0
2ItO4ZVCtwEHuLL6ygajGM,47
0Qv5qTV99tE5tRo5Kqde4D,41
1IKkETDWIYawx8zgRaQwPL,0
0lTIMAG4gTMux3zh5RvMKZ,0
1Q4jb2UjtWUDUojHsB8mLY,59
2JvUCeIrFWwe5klofjrTEU,0
7y11mfzYWqqcccZlIuLig8,0
2IW3SoNag2bH2SPb7exCDz,0
53ctqsJg0nAwVTuH2jHVZu,0
5AVHiCMW1E7ww3dLIFucRZ,0
34MwNe3VRFUVobPYJdHbtb,40
3Y4XaiFXlCYBj16qf2fUn3,6
