track_id,track_popularity
3WXfQDsASfXrSojk9WB3aR,63
5o0WVQVV5bxs13WnWa3mVo,8
13PqqV8pIb6XpdZ85CACxF,42
6B9r2hH46YbSEvnivmeF5C,54
4P0EVqfv3bAlghLra4ueOv,0
0n7NOq4PbMute1OWyAJ2hV,0
3bleyyGEiQNGsvbbFK8u9f,27
0z1jqSzPEiblIxozrI9Tto,0
2e3fohSwZ9nU6Q2tks0fFz,0
1Ql6nNEgjJbVo52HeDUV2Q,34
6VZ9ABcY9QeQSxOjZwLrVv,25
2gYCWZ8uaR3X0QCiRaAujn,0
5AQ5u6zEpcHqwnTuYFesR9,0
3syBpDXkA7BCbOhbWLwEFx,0
41QntlFUOHpf51ctSJHMNZ,21
2comgM8wcrT3UbA2DFk5UX,0
11WuRl9efXTiWYtvB2y8X3,23
5VUR4MhJWAbp2ZHtSDvwJ7,8
3cd2IMv32gIoFO1aexTCh0,0
0iZzWrpdwwFrynCW0bmyVe,0
26T9IOS6Bi9iOUjKkcZsZo,56
6hwmqR7uQhytLnJzt1RVPF,49
3dgMqErrCJWOmSsSBETEiD,0
2yvjjJrWzVzA2zg4VsoEmo,78
03r8a51GORTXZSBCaiGILV,30
6poj56vC9JUu1yHTsv92WA,0
3esLMWVvotR95tEwAKkU6j,27
3uz2tyLRgSzSlhOIXCz0DB,52
0VQr4Bv3aRRK2ybbN2n5xG,0
4KGzk03tmRmFmujHBtvtzH,32
23AlECRNyoiDwmx9o9E0tD,16
6EF2wGmHfnKSVjR3t6Ufwd,42
7wzsI1Gca3y33WE2FhN45m,36
2gGGapSjwJUMTFZ3TUBZ1p,0
2CZp6sRzNcCPkvnrzy89bF,0
6aommJFM8i3iT4inKuDSXh,78
6AEHWKKEglbd8oBJeenGD5,0
4Ko9JaLUvf54PmluMaDCqm,27
2ULleM0ihp3dVsEAzOr7vH,0
4RG27Wgxju2byhrb51krk6,0
3h3L1IArPewYKXLgb6YLX1,0
1XVG9J4jQRg3Ox7WHM6ztO,0
1uWgQtByTaFLR5ld2SW3XY,34
43CGfpQS2COhomAP9V6Dhf,19
748Vnqa1Rpwteiarxartiz,31
3rMqitYF1U4IHqEQjWhmJP,30
0HdHd5mJlqFqv8PqAGDsEw,0
69gBnFLDtc2lub6xL0sfi9,46
1VjQClC73gSUPHM0nCmqs5,0
0GARcbxLIOmzrs0lHpuvmi,43
6QcTLtjZUX9Ft2tWly8mYq,17
0is5MOZLNpo5iAY3M0B9ml,44
155XcCEwMrHE3YcJciCnvi,50
4N4STDrAmiZoVLVFGwDXp3,25
0ftQLiC3Whfsb3b6nWAoPK,42
3IyHmgfNBS3CSSP6zsCjQy,36
5jE0RnYQ3cE3oLw59bUnry,0
4y7MogcFeMrp4QXPVHloyB,36
2mR5kqpXgOndUkU58lXpJW,16
3eoegPFmJo2k7eRUR31bSl,15
4kM2u3kyUDSVrL4yfDoXdp,0
4yFh5okeS2u5iO5vAsBsHc,0
4zZU1HHT7TcfluhNFfIyLN,28
39Yi5kzFTB5AsTy0I81aB9,0
6AerfqsL2ISs64dixwrfM5,0
1jecO8NeYLsVWVptITz4c1,66
6Wco7dkgzYPgwnGslPH0P6,0
5XU7fx5eLBb8C3uFYqikrQ,18
4y2wnQgN93puWVDavsMTUi,32
0WXBLLPbYbYllFJWU61hwa,0
3zaKc0uMw4GI7xHva4tjLa,0
4IeogZMcSklkHiUvVj3Rlr,0
2Xr1RQQ15GeaJ7TFa8CTBj,35
3U0VWhffr8bNtIb9NXLsAF,0
1VgQ6AZ8tVV0uhvhH9usuj,0
0JJ8lftt4ce2DldcEpyrIJ,21
0O58u6HNqiSN7UkZVrlN0W,0
5uDvSztILYXh5GF7Ku5gag,0
6dJrnufNiYJxtd4ZX743bC,0
5KFdGVgTD4wLrlUesiWiVc,42
2MMSi1VHFZJPiAvLdjFLtE,24
4f0MX5DNAc2qwP1pSI7YHT,0
3aFgMFP4SZTEmHQS3UAJzw,6
44E4aMwLp8EosJDp8WyQe4,41
5N2I59WWXb2sxyATLkhCLI,0
3E0LxDw9oYZbuTBWRcwBxc,0
3dMj27D6Bt1wBNEJtyFPWi,5
6iucNSMhAZDglVgJ1yclmA,0
0iw2XtkqcydW4BgdsTyH2L,0
7qD0RyUnqjfGLcRO7GMgED,11
2cElznINAHvKeHzv97ZuAV,40
72B3hbvWUv2pFd4h1KkQfS,0
6ikqpsmK1si8HemHsocssD,0
5TVDnNLRq8ABVgfVqVqtsQ,36
0XeSTQIu2LqnAKdOigQUtT,35
2RruTqdyG7KLnGRhY6UNNX,24
4tVCzrJgmTKvCQznIkEPAb,0
0vtC4wOu5qCztrJXvpWwZw,6
09JRFc5o6X3UsQzoF5ICqg,0
2mCJpbOH8h7vwu2oJYFCjh,22
4AaWrj0s8jwkrQZT41aMXM,26
6kHTEuxVOl4281mEvfMpsS,0
5ntc7RlZu43qOqNsHfEseg,30
522ebhSF4Bquf1OtekBokP,18
0mahvpoKOar4XOl8nf23HQ,0
15BhfwZAJVDPufb6O9lMxB,0
53Jf3ChStU9gJy69jUYRVw,51
6PigN4VPqTNmmc3obsHnZ6,31
6qINThmTDYBm8twguFRueG,0
0NwlG2Yo9O296mEZmcvEM3,31
6oa3KgZJ83kb3qfjlExQKz,18
6lCnlQ9f13pCokyCNfiT0I,6
7vCYM3eDr2ZDpYOie5oVDI,0
7quFrQxtdcIWpezAhMvMHu,26
57NAFHP8zVEhnWKpFjK4aB,16
5VmoRnclAlBtbt1Icr0PY1,0
2XsfAFoTRjddzRz52aIJek,4
2nAhj3MLDEKCRTwsCa7hb0,0
6SCtRnXBnJypWrU67y8BGM,26
4KgCkReDfRd1WAFTqFgL98,0
0vGYO4f8xV0fqEaS5MPR35,33
31riMJMbPsDBPpHS5Yi0Ja,0
1RZll8LQqUMnFVTFVoQllu,0
3h30ZzkjCyx7YfVRmR8Yyp,2
1pYNSCvnguhc0VMPxWqEwV,26
7n5PLRFX7I5gcFIsheqXbl,0
4bmZEbZkt0LuV2SCQHAcWo,36
1HKy1dIWhAalbTCyyYR8kZ,36
6WKynwuNv6tsxlFsnWYkQn,38
5PprWUDtMegwUWZkPwHjDQ,0
5FFKnBx45in04E98mqtfaN,21
7q1HTi8JRpHEr73M6m0Z9h,0
0ZFrmkdubhTMeKduvJiLMW,22
74smyjR4BrrfgUJiT1g9Hq,14
3pm7dLjzj1TlNwxA80LSGV,0
3ao5EtzaUJOnbtjjYRqPGG,0
13roqX9Iow1epU7pMOYmgI,0
6rHuYlI0PyYjXUuLcLD4bK,9
2w2UDzxOhiujUtZjTxeODU,29
2IZlgFPnfBqnSqymiNRaYZ,11
0wi6K89xCYDLPy35wddqTG,0
2wrwZ2h3WoVPYnWOYq6JLI,0
4OyMwhSoV7NywZ4W9tK5hG,9
1AcxJ4t47oSb8GtAlWaxgn,38
7q6kaOmPSc5cXRPp82pCs8,21
6KYYP0xGmFX6z8NPzz3sil,26
5g9EIVLc8vm5H47dpEXFfE,0
1s7MlV77vmjAHqzVq60Vfd,0
1UIKfD0kg5yQdXgXEsZFyB,0
7rQsYPsTMjIfEqJR1qLveZ,21
49rlL3YVFGFr5woYWwKjOk,0
3g8YGS38REdEPlWhVIlSLi,20
7knYmZG6hwaxPiM2EWolTg,6
0FfLmzYvQ0mz57INerkDru,21
1i5lXpzjo8qBAVRvEoBl7Z,35
5tXg9mqG6pLXVevnB9NqNH,25
2AXyvJVjAEWVhRFORkZtst,14
57hO2DGhBI2BbqCjVxpJcr,27
4V8fOkKXGpPcUp7lvFWdS0,41
5JkKam7azyOKIW8Yy0u9fQ,9
39bqrTfp3CrDoWCCQFgImJ,30
47hZWKFZVqF2wvHDIFhgcU,0
2gMxNLe9ugpFAia2NE8OGV,21
6TAo21yrAU1tZskiRxivRm,23
14bmVsdGFImJLshEcxRHGA,0
5t9FpLt6rnfuhSoqZw737T,8
21i7PKEXvd8InFaDT3j5m9,0
0JHJZleYBzcchU09DVEWjt,21
35H95rUd08Fwm0DeDifwZM,0
55lPk08JpWFgX2OUtmTWln,10
4fzQjePo7m0KyiquwnekGx,0
57SRdgtkfzKxzyd4OgEfWW,22
1YPsBcPaUgzDLVMnkNjezF,15
7e3gyE1cDH1xjfHtorqh23,0
1BhhWCtAfUkBQTID7uLgQ6,0
08WmkTJ4aa1yhPBZcgQDPa,0
6KBNZRqnMt1sSRTws0ufqU,12
7KKfvDIIyl6tqeXADXah6W,40
4SN5CP1ReUEwDCm2PcrLho,27
3APg7fIbVJvIuNEXuK34YS,24
1bJIEtBbAA5RKl6vo6v0es,35
20USnYqI2EWN1fLBD2PF0i,39
26IebVGadxpt7CEBNH4eoq,0
0jh1UAMBLYHZrAdbqxkjeY,0
7DzFjsPLcB2CMz7uK0cSKb,29
55UmODEAjd0V5bjmFkhvWM,0
5M7XyAAxB0WFLnN8zsMEn5,32
5ABEwAmOIvGgTWQtBvmGHQ,28
2sGM8poruwUdS3tKLbK9o6,13
4lPq7yzD0FW8HUWQ61Puvv,0
5HMMJiXSrxvfwN0aOwBog1,6
0rYfDnwdsArNfvV4HWgXvd,21
5WxznT1acobTk0pqVEtaO1,33
2Xb330Rlb2zXYzhp3OBMci,0
6jt9ksqmpgggBsIj5pVZNd,30
4uKv2XmKAjB4SmtpmxPL4d,15
4w7aLWzTe5FmvHSbuunVsl,29
1FaMsrYFdk914HDLQar1tz,50
2WZHRfGs61DKNfmYzM4WIm,31
5rUTxVxfvEA4wdEecWm7el,19
4XBWfrlYYxaMNQ8HNBrasn,25
7sGUv00CPJhdgKp7TmjRdG,0
2rBq9rceYqbr4YIqbSLhNg,40
5RFG2hZsZho967u6Y6Jn7u,23
1DgVEOwweNRGPdYWsfLDXz,15
4o7zeDjEoPALOH9ZN483Oj,28
36Qy3bLHeEeDHCTOFyykpL,15
4ZhEevPVamfM1HFBCDYbOu,23
28jVyHbondZd7dQrZVIk5l,29
04c6EIZdGm0BYsw1lUUJcb,25
7zs5zHtydDQ4RTEylVtXRp,32
6J7WMB5GII6pEOzy687jhO,49
5Ea0SrK8cEebWaGaqlU1Pa,30
2ijkXuZ7XQxe2ICFVcnITE,0
6hEX91iLDiAN9cjeGNMBwO,0
4CGcEaOtbf3xkY809oUjBQ,31
4LQpxVBNvFI1QC9Q34G2sl,19
0iHO8dmXhSYCgfow7ckt9W,35
4PQUmnZUbTRz72oAtk3lkn,15
12LQ2VPWJEGOC9IA7b4x9G,0
6iMoJ3UdrO2ZjzzcaN8Eom,39
5Sc7mfH7bm7w9SkZXgQhq5,23
50LkC6kI5monnjLcXegk6l,17
26Nca5uW3NbHDP3kWdw2RA,19
4wfJt0r7lGcC8Fd28Wkr4f,28
5QbbGWoqflXOBSNh2A8bs0,37
5Jrqed6NMJGX0myYXR7s9X,22
1qxGBjpZ7syYNTDiXStNAL,20
2gWQzeOzv9zDob2zeo5b1G,24
0Y6D9Zztdntz7kOZWYsTno,32
3XQRNNfOG6lHP7yk4DfghU,0
0AcXoZdweaXpvNedObXU9r,23
05iPRsY5k3Bbm95I53ZY31,0
7JAo7wy8BzmP9smtTJ3fuU,45
717F7aaPBGVz777aXLiGP9,35
3LJ4PTtr6UMRzGBK41KBJZ,21
2eWvagH71b2grgDcwQcomQ,8
0UQwlF2pRkr1lMN6kNNUj3,66
6ipp8Dhs33KinlF4BStgca,60
4dLBiOu6BXGaEL8ByICR6Q,0
1fCD8KvWR3y0Y80at1i4Le,48
5iwz1NiezX7WWjnCgY5TH4,72
2egI1hFZDAYrkCgtepoore,56
5g6OSIl8pr5SVpK3Pl94yQ,0
6DrUHF3EWygcmQ0DIF8KP4,39
1WoDc1x28zHmxnPvvM5GLh,65
6IRgwlJMmQIxS9WXbQLAYX,36
2bIIQIXgi5blVkSZ7Y2uTh,0
1fVK9eG4r7r8RFlkqIcqSA,27
4es8O2QvvT1YwjU2xyjMJC,0
23WI5V2eD4EyGKxSl7Pyeq,75
4etqoFocnO9gSKtqtQbwXh,57
392fx2nlTxr8VrMUU9ybqi,33
0UnJphaDGpljP59lXRMaiE,41
1VYdx50j4dHw3fca2EpNNx,24
3UW4SUehKFC6qmaTZ3OiTp,38
6hgMxMYRqMXeM0REDayIIl,0
734vYzX6YKgSDHzXuLQJmg,0
6qhihuZN2R90pvpeaVP8qo,14
0A2g7e4FUHJ5YJq83uyLRF,0
0TgbqQpWj06HsIREGbJoOi,34
37eGbhE1xVFSvcKkqGb6i1,66
08j5bEz5uMlE9zCFvLyaDr,37
3Ci6uIZmFwpCdt9J4Ozj9F,0
2GcjfckZexh9wRRjg9KtQG,69
1Tui5vFvdCRmewmVGikTrM,32
3vmVl9pPrBthxN5VpfnCev,0
13Dm4KwsIxVVlAYXMR31xp,18
2ltjgZUx2DgxdYGxuyhNAd,42
20jvgYvnqySWnNCsHQZnXk,57
3vgiIJW3iSQRRvgYiW86i9,72
5ErnvqMFGlEl3AZdazIiLw,0
16A5ZOVLQsIxVl0HyK6X7w,2
4jRxEVNituPZObHbCSBZL3,64
30R2SoOAsKJmaHzA7CGZdA,0
2OnZJrC8TSz4TOUH4voW7G,0
1khmgu0pveJbkbpbkyvcQv,76
39N9RPD9MRb5WmoLzNzPeA,2
1aV0ZqbXNmODdF2MqLD8Av,0
2hGX7o1gV6cC8s20rJTFsw,0
59Jegg8Z5gDOTkGA6DiAVo,0
1BeAxDuc9FbQNWvXWlO66W,42
0SMu7ylGvRahZQ0aZocIEY,0
0fGSbGIwNNuDr3R8Skz7KX,0
3xgDQRexKiyS4Eq3oAvLaD,54
4KiXDE5NqGi5v4vh2Wpfuh,35
3VXnDxWmTQTxTVW0eCEZX7,0
6knserZIT49dmAKBhVJN4p,7
6NTwqaUxw06ege5fPSFGiR,0
7tiqfQ8TSYiRah8puEJ02l,19
2flDia8RwKyi1S1I1kTY7w,47
4bReoLwFXeqKxy3XAJkVQs,0
7JGjgJOUPjyc35carv8hoh,56
26jw3v6qgZVHDlGBqX3DCe,37
4dTQw3ElTwrTSlA0JcVs8s,17
7chMvjylTedOhNEnRQzBYj,53
5ZQvlEQGGW7XmgnhgJcIIJ,0
2oqP57JkErjzESEtYErCkb,0
6dxPjnXGRAAwbxKKPDxoEE,5
3fFwO4IdgnKsVWBJ094wTF,0
0JjtHSeiCbypt1jWINEUAw,7
7K3ov6gvO95n6M90q2Wfnz,2
1zYerdkXmtR4b3Omz9giOR,0
4sjZp1MksxeS9NXv8sZWdQ,0
0PbM43TJ49KStGWa6QD0YD,6
7r4Y2Z10DO44Ju82dpb4ve,24
6ANDIETazjrN1iX9aQTomf,7
7kRhodBTcAQXGoZdTEw8fZ,51
5e1s5JMszwlJxAnIjqReqd,0
0oX2JtPUzUWLpZrD9sGwkU,0
2FJrDD1ZvsUg9klCy4LjCj,1
0opNK0x4DbKNulbE5a4fy2,0
47SEbR9MiQ1EYUxxkx3mRH,11
3lEfEePgxGH2WwsB5fHC1K,47
76L6IgXkQQgFsDaDFuidlw,0
7E6HBa5KEiHyj3FllY4tYv,32
5VRDemuG54tH0QTaHA5di2,0
1Jif1CkLayvqkCFnQYbM8e,4
19UexFwFsQlqR9scNpqyAb,0
5EuI0mkobesD8SBLQDJVun,11
76wlJTsge6ujLwcvOwbiV5,0
4Ysoro1Osfsz5e0d2hAK33,0
0B0sF6fGgnpYxtihwVlYBj,17
7HZKPjrStKgnQSigwWEvia,46
69yEXv1TC4w4mfUPShEYbk,0
3gr9yVSWSRKliwUWlgNPRb,2
5ruNFnip7v5Clo5J7e0LTJ,0
35nOPy1FXWlSYDEQ7UF80f,0
6ilO9eUhqrTKOlc0Wh4XUT,10
3z9GkS39JLiYHGUqeeKZ6E,3
7c24zQJAIo46JReewQoqpn,0
6oXtGVfDrg6hOJrcj1Il4N,0
53rhwRKKrsWaT6tuSzymdY,0
7Jl757vT5eNqemc6PtY2dA,56
3Y3WwiS2DKMJIKeptVSUNx,14
32oJWBfiKE57Olhs2IgaEx,0
11irxzV5aFcjAH6GrJd5ll,26
1CzYBc7oMCOmnEKMo3tG3s,0
7mE95kOkRSH7MQ7JdodZQr,0
5TcvIdopkgFzBGbuUZ0Rzz,40
4fagZbabdRFs9rcrKceIQg,26
1N6zFKgPHfmWAxZdq994ns,15
4sfj0sS0eR6sq3qwCCmLNL,16
1a7WIQgSIwxmeaKOtEOift,31
4rvnIyOOA0ws4PMiZpZgZK,13
4p0D9nLKX2kHs9Fv2doUqL,22
6ci3PgdVFw0Jk9uL8PTTwI,7
1Hz5ITGy0Aust07MVZ2jI4,12
4MQ7kuKXAMfpm9KxGe3LM0,27
0gVDmSZXW9PlLptkHA9EHi,19
5iHtOyCXBBkjRMhLLCZMm5,16
3a0y6BB3cEu01NpISciQJ2,6
1cKDIdp2Gsa5d7Pb2bv3K6,16
3iT2DE52a7FkqAJ89sPa5h,15
2r9hCNjupNy2C2g3r6SNz6,64
1VpoazEusm1ki8hoSK49ua,41
50oXdyxJ7xixPeedg4eaPC,17
3L7C7pkqvlyk4QqwbqlDPJ,13
42YabrnORAsErCXyBCdPcB,12
2JpAPtD19FUCNPdPFVo9uf,11
1PBYQRJNn90vYx8KosIiKP,10
3GE52DOmiSQ2R3FHGmYSif,9
1bFQhFmmfURmAIzyp5nIRO,34
1mxaJVle5gMi28Bjpfuwt8,10
43JjxYXZmBUdWafs4WHa6v,38
6idY8fEvG9gi9gl3L3b3Kf,12
2UijtofYLPpDsqJLOXxANZ,35
5xafH3RXDs4GQqc0O5IhUa,42
2ae6Io73vB7sGIUhzzb1ti,34
0t4P9bDoxCIZ3Wa4HjgFOG,18
5yAcox3tS3c78EMvZ8Gi1u,19
5VAME3mVIuLtW0g2Lqv9hq,19
3d4opgagC9pd2fhDL4HOC3,21
6dji95wvWJgIxi0f3io7mz,11
4npV4yaAqVv62cSIWmPEbf,23
1FHqE8ythlH0NbgBM7cy2i,13
5F0Ri2uaGz78zLg2RifvzO,11
63lqz49MWHGKGVoOJVVWwo,13
54rZW5jkApNTZ5FOqU10bU,22
4giQUjm7m3rffmwsh2dBiC,26
4mNOezZPgOhiVLf0T3U2H2,13
5NIZUEc6twysdXCpP52QZi,25
7BbDdO8vovsdClhMFK7pOi,27
03MG0l3WB6a9dJkXqnhGl8,18
2aRWvh5XCMy86wmRsL6sFr,7
44ETcHYUz11q8QbqcgSwL6,0
1ya5gWA89bk37QnP46HEfa,17
7DCdlReHytM62WN1KBktrS,27
2erUyluamWVQh4J9fZmEEN,14
767fgY7pkWxWry1qjDlXcg,12
6OBMQ2PK2v2YhYbAssXuWj,13
4tvULOtQiimA3XkmRl9xVn,15
1CtQClLffhYcQKRIAtM0qm,33
4cMBFU3ZjlbscquikM8sM7,29
42x0UBMhimdj4cJI7R3tHp,9
2dfAAclpEqZU2yAZg0vShU,11
4gdGqn423SFKDcmglB95rn,15
5xD5mG8uIsyxA73S0nP0Rh,29
57TxIrsbEN2xlRvkjYzUeD,3
19OnJPfQM12cSK8byhmk1F,24
2rR28FTYFsaJQtvatVq9De,8
5ngSlq8HPaVvz9NNam2zih,12
4mw8EFpRFtYBxLZ5Tso2kF,20
7tG7pY6DLgpCeUIIPIvv41,4
5rrgrV39SifIwb4Az0RDsn,18
5gU4UfBPa5w88uDrpcF2Kp,9
2GC6IHhKKK6E5ti0xozdYK,5
1hz0SWhLPWKqpGiEBnWFpm,23
5Bsaf1lRrFcRLbLeGRm70p,5
1FpyIuBKyNKG2O06ZawDlo,6
5JNHieecqULXHLRgJpAqIL,8
70aDcXXp3gYIjhuYz2SmBY,9
7A2XFVNvO9TWB0mYiP6Mc2,17
30ZhaZWc3F9gvOdA3GFYn1,9
0rX0u6pOKV1EUZFgDkPMSR,18
3lT55jQR3jCGNXg0eLnJ4T,22
24j5At5CXjL9J0zKDDieIu,18
5Uk8mepfcsRgKhH3MFA3u7,5
2mET9mh9cnmcZ7WeET5lxo,17
4cG3yeSTHN4FsrjQBnIUFB,10
6bzv2B0L5zDctD2j8mZII5,20
5909VernmFpmjtNuYmEvm6,18
1lAwiSTdYv2QM6diNuYtYi,3
7h9amwuFvQAqYZVaNHk6Gp,5
6MY8JB1THlKqdyqe5YSAng,9
4Ed7NDNt5NmyVKcCKLRjjG,55
2ahVlPHe8XlXKFjL2zZLPD,21
2Rl7eTc2aCUte9eVEvi4Ce,24
0YC10NaIHTVyQmdB8uC0v5,19
69Cm6g6cFre6OQs4oeaJji,7
6lvKBxr2KRLwC4qI16Gj69,20
12JJH1FR5wS9URi8qVLELV,18
4GlM9yBl7W9lBMPQEWoEu4,26
2rR9h4WY1scxaaDuVacT5k,5
3pSfoP1xZllxEuZ6Oh6ebn,45
1Kr8qVQBldnHQbaMW7wS69,44
6qynl60zV0oHvGY57xXaG1,28
3zbSYBDUbDEbqUIlCmOw09,0
1siV5UzcXuFK5tMUVQ5KiM,0
1GT0Q2ZTeKtIBueYKr4vhr,61
21iD8UKoYicaMmVISo6Pi4,69
5fSDXbY8o9pA3TKwAbfwML,73
72wEtgEkcLQ5x4F4ktiVSH,0
210f6k9YxkeQt3ZThb2wxV,53
5zqb9vPcTA8rCwvIJQSxoO,0
62yt8SPi3T4P3iMzcZoWY0,0
2sH1DIngiSA8EQfkcQXpBq,66
0K1XXuhaJBPWMcgjj3ug3u,71
3DF2hxIwdG7DxAwr9DKpYe,44
5AYu4sjnd68gu3NkfM856Y,0
5uRd1tmUAvfFGSPR5266Xp,74
48svUiwMMYQRPyesVEnof1,70
35AoMYhAm6slJkJTB5HOge,0
4nyoGMA1aV1wjq0KqtqnQY,25
16LDbpqgCtvEZDQ5wfOWrj,66
5fq4jxlqyjAVFLOB0lZIdT,66
6QSMr4Ok2KiGIg4bx03voz,0
28DGGDoEqgw37Bf1mXPzaP,25
7pW81pPhFRm2zcMM8xemyA,0
211Jwzk66OtOIfZeOYgj95,18
7qozat5jqKmwgs7kLo2NWh,26
7iGi2GMQZEZ2OCSiIu5aAi,22
3U4qk5suqEgGrSgrcWGCaO,47
6n319f8IZ6dDrx2n0egj8L,6
1PHtrsNSX7kT1xvmL6JPbi,0
28XF6A7PGV6eTC892VA1Iu,0
0IOl90pE2n0Xk43q1i6Zup,0
5ZmHL8Qgu4SSdgv1F5HsBK,0
5qpOsk78CSOdAc1YQa9yVV,2
33Q0VIsdJhjjG6kbFPkXGz,0
6c6JgrtZ5OfOd4Eq9nyPQL,0
38fryZaf1J2WxQfetcJncy,0
7kQxPgKQx9VKLaj2KtUrv1,0
2cBNg1EvaRCTSl8xHeYJCy,0
04NdZUAWOV9qMseKt9NDXK,2
1ec7hegul444eQIQKT0Pl6,0
0FNncxWqxQeccVxlwBo55N,0
4OREn9rotePJ3DX7c91QPp,0
78xQAmZvT0rLAqGEMSu1ZL,35
5TyW3W9NrJA38Pk3sdWq7F,0
4im0rQek6ndUW4eqMPa8Z2,23
2xSQ05tzoYMBIuJQUWUe56,33
5SLA6uE93kQsIMX2MiLl0P,0
5pbRoC3jkKVxmR5C51ua2i,0
7wUuLKb6d4XnycwcU2C0JE,0
0EFySktVEyCxSWWPCHbSXz,4
0w1QW24BtNZMQvVHRTLFYn,0
0XsxkeJTGfto8ea2Ya41P6,0
7mEnJTh1DG1grTeGexAOjW,0
2joDMe0FLqT0jqOlSH3FvD,9
7ivzri2A4UwtkFj0v69DME,24
6zddqIRjNzePlJNOF2W6IS,13
3R6BkHp37wmjYlpzaU1ODd,23
1Jt4VUK3aUpfVbvVV02PLt,0
4txiOcgZkXgi60EprTZp1f,18
1qHdG361ZY9IVF5QiwajKH,7
0hOpiCYtwEYqenDr8ME31H,26
0s4iOHoggUmyJVT8xkF91t,15
6dvNENlPXw02bT5TiWiAMi,0
3BskdP7i3VfHb2V8MiQNgh,18
7MjwVppOnmmhM9cufyMHzV,0
1ThRQyaQ01tscygb9IZVH6,38
21Lt7mVtIA5TpmT969Gncq,11
4NEIzOoQWNYLglS0iWzfUe,0
2yYbsgAPuvoFQyomzNvmB0,21
1f7e2KsfiEhmEmhKAKqqhr,17
2HL746RqBIfvVZZK0FLuXM,26
1HET5OdOXWBaBES9e4k6ni,24
28ivSOZ5ESpdKvS4XP2Ibx,31
3qThAX1vBbI8ATxS2BP1Oj,17
7o2SgrTlLry8e0pHJrdqQ5,0
6MzyclGrr8mFu3tWUDilzX,30
1On4Zw5nSEJKpGIGSK8QYd,38
2FKsGoYghIBDdxsXXBIfJg,0
0thyWOAQnRjrk46kUK2FZu,30
0PlUMPy4OsPMQwUn1JEbYu,27
4Y7Ti1mRJlqNwjrUoCJhB4,0
71RJdfj98rgn9By72ky1hY,16
2YsEjFulzaAjBNgUcSxy8Y,16
2YmI6AC5oNhaAa8mAAd0JA,11
3fVGdhLSoJSZzrP2EISemI,0
5j3DMUT6O8pF1Eobm0JAhc,0
0jVAASD83TspRi2gG53o6R,26
1uGJs1A9hoH239M2Y0KJB8,23
5BaolTYoMS1V2mQgpeHTLg,20
6LdMXBL9RHbXWtZQ8GJCWs,0
3pryp80305v997WVunOQkY,28
4FfxTYuivKhlcHsA5HKLE2,0
7qrBYrivpvfXUPBMmqh3dA,0
3NmwUAsMVQrfSTiJHz0umD,19
3F0mcxksBp33QrL6oyjvLN,53
2uya74pnB7L0uKJNUW9Irj,0
39cmQVtCidRVYC6MC6hLZe,23
24Jk4wYlLRXI9TUMdkHoMN,0
6ugrRFZUNIpLiqhLUgC7ix,50
6pPdSiA17dUM773DCRFhUx,32
2jK3oL9MV1hb6sBtUpt4ZF,0
6LU0kE1IZ2Z4NzE5a1oPhN,7
1r5J8bYOWq1Dal5jMQ06WX,35
3gGiXmOhMcFZwtsNZKraUc,0
11lO14k9p97GWSMdUpjIIF,0
1PB9UotL07ZdTjarKoL7zt,13
06bGEmVqy2qwKINAuTWg7H,16
12iqqPRu2loZsYRwhYF4J4,23
5cMHH1V7mG0gHKZNo79WCL,22
4YvbgiIq1Ztj01sGfU3RZk,27
6vDt7HlcrB60lK7gsQRr0e,28
5A1ttHJNuGEoPLhhoHpzFA,0
6qFZbhksfzJOQ3LbXzv08h,21
6s9xry4WwV9va0iJXCEJPQ,0
3xrTr8ALJBHOomX6Dt9Nz4,13
2ulRjd09lFHVNAiASlhY72,22
4lhe5Iy0XVRoySNQYMvP1l,0
2yn9vJb2G9vv6EGt4fP2QB,0
55hgAzy1kaC0Cn7EFxDeUz,45
7y3uqmsAIB03D3gK3IR9It,31
0CNuKKi6MHrr8DqYtpzbCD,0
1fSHWLTwlHMnNIbF2dhP1Z,19
3Yz0NKJA10ZSYN61e89wZG,0
3ECmobYasUM8hdjaSZHm6E,0
6G0GTbxO22gTCjO3GeNskH,0
2tIvbLbeKHBMFIJV5YT5XK,0
6cW7FhUH5KInJVmIfWcOXU,0
2plFJ8lWAbdeNrK7sDaR2I,0
0gwpTcKlLwn8TnYsoZLfRl,0
2QFvsZEjbketrpCgCNC9Zp,40
5sm8mtcQQOhKT8YgCBwVNr,9
1N5qne7lyHKzmK189SqFh0,13
6xPn5m9gUIDqhe8EBvdRIP,25
1Ksf0moFKGhOJ6uNgQcEAT,45
1OycCM0ijoTj1aGdmRlYoS,18
5CwOUooch74h0XarhDfAQK,33
41ngfIhPv1DkwHozVjH5Yc,62
3BzfDBrjyvLLyDnhTynkOM,0
17kqaq39xg9nP1j6goQW5A,47
34v7cD6VR3fVYguedQ1wuh,29
37TdJ5EWlM9Jfw8IqiUHcm,49
28ilcqErfNjitJ7T3byHoX,21
0XhxyzxCoJ15QH3J4HnCfW,50
7a3eLJPSgAk3PQbpYjrYdM,47
0rtT2DmXIcwqpcXVrX6C7V,51
6ADPydLM8fmi6fjO9ZXAb8,54
7oOeB6z1yHE3LTlZjJ5XJ9,45
61SiFnjiY36uVSTBVXK5Yw,21
0X2IqXRelEA6nYthvvJaqA,0
5iAB4tlYseBES4MKqgY4KG,39
4fZfIJC86NiTIQJACILG3i,0
0Cevaujuf5Os3lb5KrV0IH,0
6L778PA16SuyYvFhqnMndY,0
5sWevAyvYSRzGpIsdsRvJi,33
3f8TbkkP0VIdOKvLTMMTvU,0
05qPqSapbaCzJAdX681R9A,3
7aV2mflaASUmGhCErm7kBO,0
2sTe3y5xjQvVb9tDTVaI35,38
2FfyiTnl5OPa1hYdCWZGdG,0
5hz9DEkahyWoTs3rxJOTtw,0
203t5YqpCFmIdxj8hIotxo,28
3qaYuV5XZAwiOvGE91HhwS,49
2xlCyb1ZfFad6np6zx4hhw,0
0nPj7f507HUBm8BCBbv8on,0
7zTvQp4PtrffInC7SeYp8y,0
2FfH72VskV7KXasFtOWJs7,19
1gEK5unpcVyBc90uJRBtY6,44
5eT5eYhcRfx9cjiflxZh8o,16
2ClIt2OnPCV2gV3dZQxyBz,24
2VYiQ9ijG3NER2aevaxzDi,0
6v9sCNj1KY3wblGJAohxX2,0
4nYKI0JqkWfr1YbmH4ADEM,34
7uJz1nHWR8TScmdnEhI8p4,0
1YXq6U6yY6aQ5dkndki7KC,0
0ziRV8KI48IxSP0E5P9Dh5,0
01Bw3xiZ5PQfn0btMWICaQ,0
1w5sLDYzYAGI0AkLc6FPlO,1
6ksRossV4vKsXntCCZbhaM,54
5uZlU3v9fq5ILATfqHvVwK,22
7DghkiXPUCoMMKhWIboyU9,0
3NBDgwEAGMj0aKRsU8zoO9,52
5wLsOFWBXXyoAgX7qQ6wbo,0
5g3W328MEzEqIw4yUq6Nx7,33
1J2EmhjTmHQxLShYQK7Xti,59
5WeryDMDd3BtnIIPthC7Gz,37
30cW9fD87IgbYFl8o0lUze,45
5DVrMqMgai3f6XY5KUWkky,17
4zLSkwZaiMfzzapPCbdG90,3
1Xq4fBayQtSJlcYZsPDY4C,0
1Df5NAhInalMVZzqWnZ532,36
4GLqrUBRMEvsNWDw3Wari1,37
3TLzNuGRtUjv7uljs9axY6,51
1w3On9LuXt6VipJjV4Pqkz,30
4GdWGOxhYaI9RBKWXMFFdd,23
6nlXWOyoCPLXXWaklOyQcb,0
2u0oTsc6XcvJTh24ynQ1Ao,0
1s4fSOz0TQWTb7TF9zzzut,24
2B3Nh0TkaanaWE91rwYuCY,11
25Gcp7crmmuOxChMgyn1F3,33
0y3elN0Dm4b0bYQEQgTatE,35
4rDSyP8usrXMIIrKSRiYeV,0
0jGxutnB4wwApPhbcvCJXG,0
1mKNyZCNDueEASgBgZuLdA,41
5yaKUbg0audYFIJbAuE49j,22
5FoYSQF0IaVwS6M9mlk6C4,40
4TkFNGOR1CFxSNku68JsqA,30
63VdY9XtqKvfgwYKHLUFJd,0
3xq3EhulVamWqQD0TW7wok,44
12yuRA3QEtQzp5LNcxjWCn,33
2y9mJxMvj0Esoy8m7HpiYd,23
43MBa6HQj2PhJNmF1eYxrc,0
7uH20mELeQelsiMNCh78gD,0
2QTp2o96FG61yVAxZTHqSV,38
2bCGBbvqohNvKIYFmiLRmp,18
5REoTLUGvmKUMVdKwKboUn,0
3oJYe7NI7juu1HIGyyvwec,44
0d0ejCZz2r6XHN2dL90rdu,36
133G9W0ZHEi5TfZTWTYXGP,26
2A17f6I4fh6GqYX0J8noGr,53
5bXCZjkbFwB6TSOtWGTpUW,10
6EovA9s2HEmYUzRtPMJOgA,0
5fOXcRHJkeNGHWxSw3zGJO,0
1EkfLPVfNN7ycOpCattXKK,16
4jN3Z0zMgEZN0EaVVOU8xG,11
7bCka65kiFIPTW4PUyisel,23
1raJLuHKTmc3au4fC2pmRm,30
6N4LFje2fcnWdQVpHjiA26,14
4GRYjEZJFqpkhsfEFcT9zl,1
0E6xTGpajvolhW2q5PhPP7,0
3AwjLdGpOybsErzSqLBF9w,0
1Bt0UAApn7Oxdam3lQs1vo,0
0cbn4t2YnyPtXqgCpS4rWQ,0
0DKen77OXbPxnoPwH2MH63,35
4lY8mRBZkiDCY8F1r0t3Za,7
3RKkNFJuw2UzK1RvnPch9S,50
4sx5kcyZVyRd1okZAJQ7jX,17
1W0gLe8StD9A5FXESAGltt,18
3L0Dg5V8V4XLugW7PXhKdk,27
54h1KZNoKk1Fx9bqUq7Yp6,37
4jsCM2UzMuRcf7Zu6TniBn,0
34zDUyiDm5X7ncq2EGnpSZ,0
3I5Xmqmng3glL1DtRYb4pD,0
0jmTp8jaCOm78zrdzdvmaq,0
3xVEjNHCqpQ7EW59TMHGOW,0
1cWepLwVVDgyqxso6G4TQU,40
1iTKkkgXj8kJkGdjGGBFqL,1
58ENoZ4jRR0tnHPagOwYqk,0
27NV2KxoQ8WuLMqlTDI61F,65
6Rvj9TmRsHXU8W2fVz871t,39
4y0wgwic6vFqUBN6Y1mkDR,53
7HbwANSdBmfQYCBvBZgvqJ,45
2EHu09nPab1dk0jySbkjEr,37
2CIzijl6ok4bxdROewGbTO,33
39vjhX8dLrfFqcRaZLZjTD,20
5UHuuQGEgMbZrYnHjQG9ny,59
4o68Jw0pYx8zFDwEgIGLDM,21
3LHY5vSKZzxLy3Cog0aG5B,0
2ZQiI8jYatiYH1Kmidmi6w,0
5a1NxBGa9dwgdvKglynrfH,9
5j2zA6PmOe8JSz5T2zbnNZ,0
2h52enO5BO7P2DVi1mhx0h,41
0CPOpfnSiGwlyLZz2oTQGX,20
6rGWg9KZTJPP8TIQegYkzD,0
65Pt6tIzWyovMiWAAQPf37,0
4oxGB15UDg8WhpZRXjS8XE,47
27kFufUQeqOUL3pZXw3O8J,0
4sQpNNOOXtef5Hby4caOr4,0
1CwLl4IIMSeEtwsyZ6fdzh,0
4x6GWKDxTZZdzzvxD42kjH,0
2KZ0nTA3FFMUj2TxxlkLTM,0
2tKIHrHyuaA05qDKwuEdWJ,34
6egZs0Mbe0ItRMU0uEYM7Z,0
5Y8tRPmMejeSw2B807Rl0j,0
7bM6h8USoeXIduUKqv3LgK,0
3h1L8WlvLg4KbiIdV1n9mA,0
2gHCys9k2MuEWXNnPvzWmb,0
39swwALFDT9HD94mD4wdVM,0
13REzt8iuHA4V7HXk4eIEa,0
2uNPQ3hwOueVe35oXHNEOx,26
50AtbZbvd3OXD2NDqy4G29,0
6LwNRG1Yg11VnyJX7ezpyy,0
1iG95bFX5nCh2Ezw1Uo3yg,0
0sSR1w67eahakowkEpWVln,0
0uxOeKkKWQiikHzRGhx7Ec,0
0la7YuIt0UPKZmx4Q3xnqN,0
6SjKZJ2RkBfmWy84uPsIWH,0
70cJZh9z6pfBYmghV6fuBX,0
5kO4vC58fVJPuheWXrTviG,0
2vwiGaMtP3cKs5uZIXYGsZ,9
05QSh6nyG3AEBVUTrJPgIk,0
3YPhgbRDotBitv4FQBnoum,0
5vDE4tylnFfvXFksEfO98U,25
5AKJMGENVpdL2xnizLUhkR,0
2cfiCd7LzgpeJ2WO0Bu0Pd,0
6PRyUxzDxfwhJjn71SNUkk,0
38Qz4sTLXNcSOylmW8BOGx,0
2Y5zvnsVjcIUPTmkFJJGqM,0
7ehQWfxXFsY21fez0xjxgf,0
2Gr2p9oVuKiZvnCkPP424l,0
3rMu51ZwOmmpHaHXXngJZ0,0
6vFtGakq3y0mYVyACQGeJ7,0
4I8Ln1FQJcGROtwxRXqtqy,0
2OVzmJZRQ5Kl2kRewDsQus,0
2EAtQdFWXFRGFJEjP29cQL,0
4ooxGxWbItZv2pnND3tYZj,0
646Wz4xdssf6BWU2dXvFTm,0
2SmW6wS2CYYAn6Kl4r0QbC,13
4cMpm4doZKAsfJ7yNe9N3a,0
47y8A39AK1ztBnUbhcBWIb,0
5cOXyXJhGWVu4dtkkTiQCD,0
2glGP8kEfACgJdZ86kWxhN,4
17nGEa20jceT2qypJnTOse,0
3BiOfKaTEKs1XyM0fmqzOo,0
4X2R70w0SoRlkuTEzzz7zG,0
6EnGa6zjRcG01Qhzw6tgzd,0
0vbtURX4qv1l7besfwmnD8,81
4MP1v8NFAFbMQEf0GuqAvt,0
5b2Ciyf9EQm4RHCzSbnfB2,0
7wPRHlzWJR9xxbDBXAHNBL,16
4pRgU9tlDnPVQV27xOOryV,0
1J9vFKjtJCR5WqTswBalnb,0
6bIHzoGwxPmQZS2uAPyAAa,0
2L0wPdpLIZBSMmkS8RDFtw,0
3c8iiZGfEammKJuWTErE5x,74
4QmX6NWDXToguEWGirkAA5,0
10AsRVRdU07cMAFHeGYO3c,65
0BGDxbVSbFN9eKHFFbDNzL,0
5s7xgzXtmY4gMjeSlgisjy,65
22LyqOcHM7dq7nI11S6lqO,0
6HTJZ0TQJVMSKkUGzAOe2h,62
0y6H2J2bdEf3QA4G670eWU,40
4hBcYYxffKQJXKEXzRC7ou,0
4J2N0sEGWYe3BTqOCYI6bT,0
2sZGmtVUX89JIhO0JIyryO,0
5GoYN20kgpNbgl5IFf8WHx,0
4Xf4XTwmxHIm24UcDjOuzV,42
1Qg0JhbqPhYki1a5bv7NgH,0
4CgPVfwTK9tumDysON9yXr,0
6Qi0Wls2EaolwPMPMxfe5f,71
0nIYXJd4ksG3kGrAjaOUBT,0
2Qz0YDWOWaWMBftuI9AgzC,0
7DSBxP0sGTuEb249LMJSLY,37
48z5kj9Bf8GBpal49ApDO7,0
7INfYwbvv3gvkknVh7KTwv,0
4IoDxHbCBSPcKm3DKUI9vh,45
3bnEhDlFFXeCyyYhbRszW7,45
179wSw6TBxrM4aiEJ6SIyH,34
2lQsQkVilu43cjz7ZLeswm,0
6splO3UF8hSmK33y5fJTNk,62
3A8HHz1hlV5kLeTHo3Sxrr,0
3sFCrYlKCEnrTRfXEafPai,39
3ugmizSA071BoGL7jzd272,32
1SNoSoQ3JZldOhzBY9gw0n,35
6FeGkJquvWWoAOa3rMM6EB,46
5XxVNCUCqE3F0jdD5x19mv,25
71PDKjKF57KG5P2pCqkk76,35
1SbA2MXx5rGOWEY4Epoeb9,0
7uzudGwu8EG5deuFD7EEJm,42
586K9ePOONPFlulgR3zXuv,12
73CnMsl2HyVetQod6DVPG6,26
2JvJVg3ad7qto5pTH5iOJt,34
3WmO6XcSMQhw2MalKEaMsd,30
1LTR96tLqCxINVW2MkSEFf,0
4cdd0akl3V1b4HdaVpSvaB,0
4OuuTwky6Lupc7zDJNtig6,47
6OKaib6HaebKVCL5VOoIGR,46
1iKyjqjWU1rb8NjNjFafRJ,0
6ESNh7PDqAsN5gqqVxZrfs,27
5Ked9UzXD8R5D1rKy8OUiu,0
3W71YbBGbRh83vUPY1RNzC,28
5bAkVFcWMvxfgJ03rBn38s,0
164JzC2DyCcYoU6t04ERZM,33
758qW1kx54rx4jhzVGxk1E,0
4O6WRfwTUx0UdVuWMC4jeR,31
78l1FFaQDPGn6Qt8i0p16S,0
2u8KFbrRlmHEG8obO4wQd9,0
1QJSX3qst1uFk0cyqUOYhV,0
38tGRxFP5NkWbtOWsXbQ0L,0
0rgeqFt46ZuOKiEbNWQTQo,0
2AK6cgxQCh2Dyl7WzayO4K,0
25XEG0uXmn4AhvxJ2W4MJD,0
6ESkvrWf0jzOKkLTjIWvyT,0
0ZYFdEG7MAajh3RSczkL38,20
2d29B8frPbRpZdsRRYLBwW,27
5Yp8d1wlkpup010VvKFEP2,0
2QdqJlf2c9lTfv75XcJfuB,22
6CNkys3SxXamQxBHmEnEke,0
1rsVwDHqRMEmQKyd1SUBus,0
72ZxxtVWKGiICLhyL2Fcix,0
0V6kdRf7G8ajCIdjiLx8vI,14
4ACmlsXDW7YSEic8zENrLO,21
7zG0uNL4qteyIvumsNpIH7,24
22dOHYsQax2o2CYo6TD8Lj,12
40AWFoIxJs2E1I0HM9hWPE,0
0eTcL2jmKq0uqPPxNXyLOI,0
42xu25prqjPvUt26Hq15Qk,21
1GrXRNlO2NRbyBgQMxWAY4,0
0OlDAMgVVj8MlOY9CVgipd,18
1Q892IxtZRwQ475cZMseCE,0
6jiDCykWPHvMlkYwMUFYvd,0
7br84ZQ7X2IGahwaC2FlZs,0
115ndcAyWMabNy7WgUzP7t,41
0CI422U7nhDLnk43s1BS1F,55
4tRLfSHpbjlIjV97RPWr9Y,0
1h5B6MEYfJirpquD2wXXWo,20
0tDC3KJPPu5eonGTtCURpq,67
7lF2jb4fv5KL4ODcqU3gwc,0
5F2lWCeBZMxpo6SG1Q3PlL,61
6INwti4FZM31l0lJDKbpxn,54
66DTTmu0lvfoIloKnHRxlJ,0
4hi9OTFKomNUlAIhp1fmap,59
6KM4tiEjwkzDNMHyDQcuO1,52
54KsfVVnN4YWI2mMrnyUcC,54
49HB6swcoMMkNYmsa3wltv,0
2xi5RFdO9KqA5RFK8TDKGp,28
0W5SiYQOGUsgpmL86KkPJz,3
6Cem6HiDOqW3y7UTpEDxgp,32
5F5qG3G8QKNKENzvQ9IVWO,5
7q3FTiR32dfAI7JDBiFDRf,0
0WDAYiPgyIlAEaZ6sMR5T8,50
7ET8mcV3jlYSNj1zNF2wZa,0
1vV2FBKYvu6sJDqzSCNgbI,54
1INtYY3PE2RP7NrhHOsBaz,58
4ZTWBKgutQg9W9GP4cvxhC,45
1UmCNkCRROcsD1P2EG51cV,0
53Q2NHdKe89yMdpPJOp8HR,0
2JXYt7cvHxewxiKp48naPn,51
6U20jK4eAcXGUuodqMugY6,0
6C9wrNf3MBFoy7tihOMeWI,2
6gpLTvmHWj12Z03hFgixkH,50
00SmB7n85SKROGjybsyq5i,71
1Om2ZfnIx2dueS6LcMzlyO,57
6tf0bXVfaNy60dE3Yn4Q8o,0
6B3muCXwwdw6sJt6AuJ6yp,0
7cY3q6uDDuPfh36fqxPEPy,62
4mXfHJAMHBFwq4MdQxne2L,48
1Z0zOAIq0DXxSH9vHSU4IY,0
16X5gBguFn1dOffBAjUrR0,0
3wqiVeDEuINdILkxNlaYt3,0
3paTt8B6ki0HcvDzi51hdl,0
3ObQ1tmqMbTNr1v8Xvse9X,32
4dUjQtr4yjUOv96JpZingL,30
5DKF4rdNbvPLPXDGeZjEYk,9
6d8RFdDzBVza8bPXd9e8pe,0
1lF9Ax6hf2hxO9t2EFtiRl,0
6nUO8aoRWfBW3APVzLpF0q,0
4ulur7b6MbRLDc40CUKs0r,0
7AgzGGSI05iTPSP3lYJa2s,1
0aQct7Yag2imXtt4zQtHah,1
260V7huyJrXnyYe0dFv2Fa,65
41B8uWkFRVHB9cQh8LMv96,0
3VtP05IJvN5XuPDtUTRk4L,0
5y3X13iY0tzK9F7BR3D6RQ,0
58cTTb09onK2xQaftB7IGs,3
57lr25MGuxVR2MElmOqDgw,0
3NIa5Ttfmn84XKfgFvOk8j,0
5nmHl233yo8XJvaNfdKAWU,54
3FZEv9JddkjHNFiMVxJYpS,55
6KZmDucZFfvxGJkrHInbix,54
6JzCO4ZzxAXhY86vTcqM1Q,58
6FSh2zsLQQ2wFwpj7FQCkr,45
7hrDA2n8BVGLyHra0rBiFd,48
21RzyxY3EFaxVy6K4RqaU9,75
0c6xIDDpzE81m2q797ordA,54
6SkHm6poyKfzV6kc9any8k,54
7lGKEWMXVWWTt3X71Bv44I,74
2ig0x2zNvcOugS1Z0YCnHb,0
2mpsKeLCbdXkwEpZRNi4XD,54
312WNtMs3F28cUukaPY9bo,60
4kT9iDGAQt83gOUdbTUtaW,0
2LskIZrCeLxRvCiGP8gxlh,68
15ahYSiHAIMxAnujlXVtta,73
63SevszngYpZOwf63o61K4,77
0OpcI3rARLsNWgVbPdwHD9,55
1rjqA5A929xIcko5FCgOyN,0
3QfD4bxxkopZL7XZ8RaezH,0
3VGV3n2Q7WanHnhbvjPjw8,0
6W4Jtd1piDOPh05jlFGPN4,0
3Oovjs1GW9tF5vF295AKp0,0
52okn5MNA47tk87PeZJLEL,80
66MGk6BwVMx5O1TJqDAX4Y,42
7l2dHlKH07RO0BK0Lh6obt,33
1wfZdPy5FRWsdWaAEOG0Ml,0
5CLGzJsGqhCEECcpnFQA8x,68
5sIx4BlfYGuZeSLF40N9GH,61
1pa8OhaGOZEpZWVW7edntM,9
4sJqSKPc5fZ5OZ8JiVI44N,58
5sLiQeyYWJryW6g0IiWqap,12
1YMBg7rOjxzbya0fPOYfNX,65
3urRfHZCU0xtFfOlGyHzP8,13
54VhMO14MfyB9I9IUtjR6p,0
3rLZh34oJ1KzLkYwPVYUgP,20
3fdUe3Wk1HBddAYTm4ZjGr,0
74fpNVAJrKGQuqHETi4WSt,70
6ZixfeFT8V0Nle1rMZAekY,57
0kJhWsLsNECbtcPhFnWx8J,0
5gvO1qKBH5aEqQIdDoNz87,17
3sEi2Xhz7iZKQ6TGf8Mkte,4
1Ht4NJdY8adMsW540P5vG0,58
4XuPsbwMAzfmaUfjEsoyiO,10
0edbW1OMdB98st3wPSeBBb,0
49J47HpmkjujUUyw8zUlOR,23
1VCEWYRGhRp6yaCFt7GzA9,32
3EBkSsvod8DflnNLGvx0QR,0
39MsGu3FUJ5mofWxTvDL1A,33
3C8QLBRHBQ5BlykfDpSRbT,0
7ksiGHiw6yLwghfrAdbHmt,8
5kgqTe1BM720OjU78TGYDw,51
2NZkdUDd1d1QdjqfKRqb8b,0
3CaMvLtGPGANUTBCJ5RkGV,0
3Rm8vl0NP54Xx7umZEcU1D,0
1qcyw35R6PiMBYfSSK7gDm,0
1y4Kln6VEjQMpmHW7j9GeY,54
4SDemoEL3qCnq2i4Gy1R8u,33
3RJuptH9QoeJWzHd4ZCI0u,8
1eKJI88ws6C5CrYimq9aQ6,0
7zfb1XgKUMutPkzMW71f1H,7
5aRwivY58BBZXIorDujeNd,0
44ljhbOzdApfYkdrgKMXUs,20
0FlBJV5ECub7qyUZ4FpGXx,0
3BY2Nq05vhOiYZQD3ixwWD,37
42nkVBjWYVhiijbof5zySm,1
2sKTYRCgUHXmIhI2hoBuZE,0
0SHfOuXMoidHLPsKX0JviL,10
4SBqydJCEhcroni09XgT2c,51
0fNfN9BaSpqfp6df7UsyXj,29
2Z99PBAFX9qNNGJkXKh0QT,0
4txpZk7WSjV1dsZAw5WYcT,0
09nssae4OveYZLhXI1wYQX,30
0NRtHFRrv7ELyvoAjc0nLF,0
6sonAwZ8ruHZVzdAwDYsfk,55
4Ux0Y0eQYv4HJPvuxioosx,0
0HLpIMwRnkDSn55nAhscB9,0
74ODGXs4byLTRdnKGM4s6E,0
5YLxB42SlvjPVpHOn7s32T,0
1KTu92zFjElqc3h20XCwE3,32
0xZNXAlGkRrBm9yi4xJHGi,0
1dNmpQ1Ipbft7WyNbMJXX9,22
265yhmmWClZfBmgNPzwOMP,29
3YlskN374K4nvbcujk7wSG,0
2IQB5iBapo0Y37Yc0PtIZc,46
2Inz7gGPGgieN0CTw9TOOs,0
48hCRC8SFqLDsm11he63Rr,34
3vwVxnq3vQ6NxGVxaiuteR,0
04CttTezSnv71USiiG9mIo,43
6hfNsCnLZyEgDivKqZZntN,35
4exKBPywrjt5lTMhBhpD1G,0
6cAKeFFYW2aClZSUyvqAEW,50
5uMuhoTn8OvnqX3Tf9sbE8,40
4yyxbJNaRN3OpvCnjubBN7,18
30SkJsH3SlT92BXfwdFJe2,25
0ycVaIaqd6xgDOnqr5n2fR,42
7gmnSic1wdHslddjimmQIC,0
0FuTx2s3YH1ppmtiM6l0zI,1
0FE9t6xYkqWXU2ahLh6D8X,4
13qPskR6avhhw0VCc90Cxn,0
1w59KTZidiW3NN0FA7xVGZ,0
3UI9I3e1g1y5T3SMfdgfGO,77
1npDfdIgKSiOwtDJJqgeBw,0
6F9yAYUaNbUhdlQyt5uZ3b,78
1HpIBHs03kKCxlrPthWXmL,0
2xuke1OBFKsOJbsionFKUk,49
4XTMj7kd8DHLl0r7ghmEAr,58
0wQCKR9OFjYu5Kzrk7WivJ,78
3rtxFFGZ10e2vYBo7PsPf2,67
1uKjQoh8JZj9ryuYRhpd7E,79
29csiYMOfBmLmGwxmISrMy,6
0FHNqVPxu14WivXR4Y2hFr,56
6OpHDI8lRiqHLqmUIYUxVr,0
6pHCJmx9FXnMwEqB0LWUEH,68
3b1IQflSLrgzYQPGFzI9cl,78
7BwxbmYFy0l3ROHDjV2c14,77
0lPXFrKyl8HkdQ2E6NmNja,77
0CjaLvAqN97KPVWgOJ1vbD,75
73MuQb9jIoryiOig4hDQhT,55
2ov4mApsCl1vXLLZvjhxHW,0
2JBs412fpVUuzIaIp3CyIs,73
3OK8WgNRmp4F3ahXe6XX6l,69
2nejvFyJeTDtMRP2nUMt0J,79
1xh59KpdEnffd5xM5GpPDj,39
7wNrk2vc0GUUNBFggJzEsI,67
2FeYK41Grs7KdR9Nqoy1MK,62
61hJK3EfAd1LDk7x5OrCTc,65
79gkHjNTSyGPXEyGkNQ8zH,5
5yOKRTCVIWlPQwfbxGbXk5,0
78dbqYDvx6FOefROApu9w0,76
0HF2v0OhCB24qGiHpoSuNv,42
7hbgCKddEQhCVXHsMdHebN,57
2jCKumLNhm0y8DLYRM0XLB,43
4lerOTNr2tFWJCAmmhymhi,71
0WZqP2WahJbKURqUK3fBPk,53
73lcrkJKuPLoMWF0UnecCb,61
6ZEVQ2whiJvhjCNAOJ0DC3,70
5jbG38paHIeVJc57uXUNYt,51
609SDGj0txmlAXRrpwee9Y,66
0loDvz6U86bm7sAemXpyxu,0
4Ofg5uuH7qqDIXpAJMpXZV,78
4i6PCo9JMAnIqzUZrTirCP,39
1iRvhKiXRElIH2Uf4gd95P,80
7vd2YXwqxAG2BGuEUoMzGl,53
4KwYQPF1MrpItRpb2H6mdT,0
5C2piF5AjMt4pCh0sgpeUB,43
5EhzE6HJaCcLFrf5rPqvpk,79
3G9RQLOSjsXVUDyQSv2PQR,70
3OIoy3TNU7CL5PTaHOGmbR,71
5UEtsmhfAtUb1KmPGougtO,67
0dReCfBuhZmrqMv4WBc8od,0
7deJdnhCWumMOBJtXeIVyN,55
6DT0LvU0a2wI3RN7SQs8P6,50
18mmN3VrFWRi6SsSBJf6WJ,70
2J4qy8RyfwgXHt73cWOE6P,71
7Ffm26bzVAW0TdLoXYcTmd,0
7o0kV6oNSTVxcxvbGpUcms,41
2odG3qNFQ2qzMQL3pXdK5h,40
0dEPlb8waIqRtKpLb3l6So,71
3YmA3gZqlXl0MkwhkVKxRy,74
7lOzUJzsELALh5FQsPKTEn,70
75OneVe1xHrgSiVEOiLGxb,48
7C5l5hLxS4uZX1VJR13ZBT,53
3ljr9ATeLs2BY9gNp7vm62,63
6nz1ojKuYx5HO7Vh0wmuWp,67
7i38EXhbFJjF5tGvTsJMmx,69
7jxHeJLVpnP7S08JFF4GBi,77
2uYFvcf7n81AiguTVe4bSo,38
5UPd6Gyj4aoaTUTlpWSak5,59
7qDkY9Y9v9eFV53AalBcSd,54
557FZwD9Npq8DJyWLHf5nl,35
2H2Tg24kqd1eA3F7BSQFSi,54
5QSYWruQQ7kBCHScI4xJ9g,74
0mvocLIWUnT10znvIXwHGr,78
4M1lEbqPzlEw1JYWB6aE7K,72
1OB7cLxxCWA8gbbfjFNNej,70
1wJneaMg40pI9qxGXPxG9X,55
3pz19CAY4yX7FSnTWDu3La,62
5Ieljx2SJYrQWJFlNcJB1X,0
6IGvaQ4aFBjy66TdUurIiA,68
6GCNUmk7L7OWtpvSk0fWOg,68
1Q8NiatGDc6YgefNwT7Jgu,61
5kIcrM3QVD4BQPFMszQnU1,76
0N963YYI8p4NTq4I9fR3xW,42
3UHfhZ4MZfwfSJDw9DhspX,55
4ZmAMOU0bcmrwwOvEK8aDT,51
6Al0Kpd4VrRZ0Z4kTThNPa,70
0bK3jxkbq5cDKWr68KtO8G,73
2USyvcBpPjhW0rgiD2R8Bp,58
4p7XH4NhQ25iGYrrbg93gt,70
1pWYnQIlqxTh5bxuPmTG4E,68
1ZfTpp1U3oyarjE6BJRWqm,45
3mbQd1v6N7nqX2mcAyCxCU,54
5nAiSK9L3OG1v3HEgZmnoz,54
7rN9wxpkoUoZG6hMaLUmFS,59
2Lv1EpgTXrZ2gzJfoNGVnw,64
3NkWUspEJzcMcUJKoX1KJa,50
2d6m2u18196oYQS2mbaO6t,58
7iXRsjttPa62GpOcqsx1aE,61
7sZi8RCDaoMw9T0AU0iah4,0
471HeGJPKw07MObixON0Um,54
2sRhe52xJklfzRIe0K6puw,40
6Y6YC93R1r0CISm5iC4j27,44
3bCuNSiaBHqxdevMYEnGpe,0
71M1szVbVYZM5M6QlIm6aC,59
09nSCeCs6eYfAIJVfye1CE,0
5hoIOyMDt2cQx6DU0UyiBj,43
4zAmejUNIsPCWsj5t1lGo4,0
2O2J6GrQzv3mkXuMfFEPMY,48
0cDumxvNKhydP1Cmon2S6E,44
2zkVH2daHyjS51g7PRJFDn,55
1fXKStjVOTmBEwjAnFSNkc,59
65HT0L2eAtvbH56XrJqPbf,49
1CaBwYdWhxUeE4j3w0WqbL,0
0EixXz4ZIBS5sq7LjyN1VV,31
02lGHA7bFFplYLihnUWTx8,55
2P8NagN2tEzXRIufGuUPZO,37
0x1k6gSTSxaLxe0F2IThaX,66
0JZNuMkU56lRgqbBOOEnUp,36
1avccdZyIOpCisznKwu47H,46
0Ao64XWY9rvsx4K0JmJ7Pv,51
5YpbeNBco1kDTt58JCjBn7,0
6SQRzc5MTijqMV6obN4oDQ,43
0PaNKfwdqHjmW7hVEQ0lbu,49
6VxuSFyAV3AjGsmI4GQq8d,32
7ylkmI5exdKG5Myo7DuH2p,35
1kw5VKLs2JFpg3FjY1RwCL,28
3c7U2Kj8YL8BquVmEhybCR,50
7qCMKzInsoamLYfFMyVkHp,14
7ex5TNhdJsNNVpovfntqg3,51
5QPBftyzwq0cR4urKmASUd,26
0c60lGN8Fnq4oTMFJpQuYx,39
43LqO46SrjR2PGrOE0zwAl,22
6Qw3cJobqaSfYOsRqRyd8e,8
6leWDI4bYOmUJgQBU9pzpt,0
7zhw8ovSA2cDrJehxI1TZh,0
4HPV5sINNKUn1YckHmukri,31
5wra0GAJGrDoUEGTXEPYHR,0
2k6oLQC0nAw99WL1euDWdG,45
2lcDP3fjVgWeS6tBj4JgaV,21
555ix1gW9A1QtXoVfCPbfB,44
7jOzl8HAKObMVeMLCUUNNB,40
73xcMyVkC760tH1Jkfxzd6,22
1f38Gx6xQz6r4H1jGVNBJo,1
7x9nXsowok1JszkVztI5NI,51
5rqn93J4KqJrxSO7SMns4B,0
1HBrxfreCZDstJMYVzgRPM,43
499kFE5yNFDRMrhKz96Vct,11
2qG5sZ7Si6sdK74qLxedYM,71
18loeUgThthiQpVNKqoZUP,0
0QopfywHKJZH8bnt8Cj9qr,17
47LFcy7prvEY5D08d26zOo,63
4VgYtXCVJ7IbWAZ5ryfvEQ,63
10dVVfHlZYjV4Qv9uNVgrA,0
5Xhqh4lwJPtMUTsdBztN1a,66
4SAml2anqtoGWbd9HVkMNM,0
2bPtwnrpFNEe8N7Q85kLHw,60
4ZtiN13yPgoDtQB8TkIrv1,46
2H2hgzXQkrrvU7TRmqxhhp,0
6iO2JKc25YwO27CoQIya3O,0
7Lvia65hnEybyNffeaXIpL,30
1rYC34UUszS0QzzECNRhYb,44
5djZm1zFGcJUSUqbBjrAZH,51
77vC5gu81gOMLHgLA0YPAd,28
4IJEw3fDvS6XF4sDc3bvjK,0
7knLcYCOSaURD0d7HUULFM,70
5s6w6LGupX78gmYBnD6PyX,40
1eiR5nZhWozZ7Cwkn94wtr,2
4lKuzrdZrJuCAedbIslF3A,62
7qLnSuxwLNlcapat8OCWZp,0
0yxU21ecIK43OvBh4apONo,34
3a9AXyLB5KpcouPstVfXvb,32
4TnFANpjVwVKWzkxNzIyFH,55
7sQKy5vlPQllr0k9IjYJv3,65
7gAyu0od48mkaCw1laPKVC,58
3wjl3uPGckJUAeI5cRG0bZ,50
1oro0vZyc9FUQcMiyEAVmN,31
1lHFLVG6bKH5mA9tiDxN5M,0
6uFuNi4PcNQzT2uGOQ6Vdi,23
30OnKqCINi9fRJyQTEZeDz,54
5G3HClgDw2gUy1n690Seq5,26
6jl6WS8xKvtUkPAnC9UsBW,30
2iuNKcIOuHb9VIplN7NDoa,44
3TRhqR8iMV4ZZko3dDnCJW,28
5fXslGZPI5Cco6PKHzlSL3,66
5srIkb35ees5dhgjK3zdfz,53
63SHcJzckFykS8faA5zojY,63
4gWAcvkVLzqnzFOcrYBut7,31
70zRDnEkOhVb51fZA13khd,0
1wAq7CInaae6yHECWWfPVz,0
6ZL0SPKgUnLs7VwNrlSvXt,0
69V6iFeVLb76eMf3dQyxp7,0
6q9XTgfWilsnyiFofvYrIF,64
3CYH422oy1cZNoo0GTG1TK,70
2l09TXygaRpfmaVw1NwgP6,23
1E1YyZjbteIz2XQyLvtRxD,50
0krQAnM8Mh4qjyS8bar6o6,8
0KzhyaVtr2v4J9GVdMgCk0,0
3SrZ65hCGgnOMbvHlQjKRy,9
28veUNu4veN0LOBVa0nFw8,58
6eHqU8ntHGzddACoxlfDX0,58
0H6vpbW0UOtVpm3RgiwSkx,36
4lCwnBZurX0OIqMKBOHRlS,42
3dWJfg6c9CFIKtZHkmz2ZF,0
7IAJzec1UxGYmNvbPTHbxx,48
2dU2D16RX11z3PdnJfXvIi,53
2jz4XbBHonx48cyTgvcBt5,0
5p3Haatqbfaz8GSNMTkEHR,21
3OSFefosO5NYbS2x0GTLDo,39
373ugl3mW7zrpYMWjPZWmH,23
4QVEEOx7TeTA0vQfeP8tgN,43
7DEjIvVqP0YvoCxHCOcGMl,0
2CoFfoF1DPxY7vKuWW9u60,0
4fNHV8GNXvxVL0GJrZDqZa,31
2TbCdbFzs2xO2nzasn0Qvw,53
4Eefey3uN90Abhbr47zKmC,57
104AXyQtDAHKtSGn2gnpcR,0
3pASfHJfBpA0JIjE1XBGSV,15
64BxhMTsd59rugHkQw6I6O,0
5R7fmcilTVIIDfGZwYG1lp,0
5drW6PGRxkE6MxttzVLNk5,78
0b4KxqG2zGWDh3iH571a7D,0
3vYY0BG9V1odj5gcpizYBD,40
3bQP7tbRGkclN0h2OCgc8E,0
47JRnHU1jkyaurHZKQW4xQ,24
4fY4pwTfUl15tEwDBTCXBO,0
6RCCs5jOIu7ylHAEv8u2U9,24
6gFg5cvUFXwrO1tAxepOWM,28
4SkEHPGX8KXDrRT5BMdP9r,0
39XhLzD0z9D5o0Ir9qQoN1,24
3DjInVTE03icrWsq2UZV9n,0
2AoRRax8pJeQEj9nGDUKob,28
3IvLpkhvkarEACMGMShm3l,35
6GVKQRh4pnkVKb31pdvOcR,16
1MQl98yahePjBn58DJQiOo,11
3QmaHwaNTrqTY28ejwLKVP,26
6VFL44gNHrLFZ2d9YwmrVO,34
6hjbOGu2iUE0lkYk4MxanM,30
653aI5kYEj97kuAKj9nY4N,2
3e4lLl0zCsOmiXjl9rBfNk,54
5dNbX9V0DtzkbJSCmU2WFe,21
0iOz0vjSdRKCCCOvJNyoSk,20
00nvL9u5K8jEJ6TSxGdtPK,64
1bRrJaO9IHxsx8OY3ly5di,0
3UL2lHZvjjPEHzwsnqO00v,7
4QH6uRewEzm7J8QxO4EiTh,14
0LX3DnrnDI7dkiKsfWbgj5,39
1k4VwWZ6FFwYgp72Rq2PUK,0
3vDLsRfjYfsjqLelscTVh3,35
7xDS1t7mT71pnxpst8LWLq,16
0BiH40c8QEvMBQm3lrFpZ0,24
2RAPJgBZ030ZNSMyLrfA6N,7
3pjlAhfQPPG7LFWiUo6jMo,22
6JDDlMJEiDiDPOeotCWUG8,19
3PXM3hQm0zBwNiklp7DLHR,17
6Um3KEou3fPzXaic6ITbY8,0
1uGVTBOzltXEbOH7qSfuHL,25
13RyROr6CxaiFc5FBXLR4Q,0
6KZPH8lEa0Jf8e8Nmz74SA,19
4VHXa2uKPIelx9YBBqkHtM,29
0qvmdQLdlVeuxGf89tlQDR,0
4Qh2aIeltkTKXD73wg8aGe,10
5wbaHIztJH908HEGTEZUh0,32
0RHjhISKIx9SzyDDZQNk6v,28
6Y9hIZBYmH89U4g6yX4Etn,0
6zBPAwZlbvAmIWSJDEvV2V,31
691aH4q1gTSajAdBLckRey,0
6US3sBxFujqlBEgeuzPZt6,26
5zuW9T5REjejF9tSEG0sxp,42
5fL7QgzO7DJtGuF4eKt5jL,30
0wLhyxm3XC9tZzylhiFBKc,4
3GOPfnDGf3k5iTMO9Zt6I1,18
0CyB2YIY070vdWLRugLuf5,6
5n1dxunU8DEoQJ59n6P0bq,27
73NhXoLhF57uj2tRLqb8a1,12
0gyR5jJEj5JtZn7CvZT31C,1
5gBHYI6sxPeknjYN3ngYul,0
40rXWke6SnXiGkSmaT8ZUr,48
4xvTPuwHaXoDM3p0QcY7bH,45
5stPVcRqb4qixbafP9e8lt,70
79B6ZFqXNEBk1cFMdtXVkz,52
5e50NiIlOc2YJIftHzoehd,59
1ndyl3wJCFs872XZ3ztPk6,68
6z8sQFj47s9ZG0Ls1k9Gct,65
1Xnn1TPyr5h0hpRAT4B4EA,62
5HlIWPAKPqDSJfJ8lajxL7,7
7JabxjX6a5GvDDw6zRFscj,0
5LsUdPeqmKVGlPJre2sIRt,0
5099x34vBakWpGkHourFxP,61
1GBLO0NFODuL31A5fgw0uR,61
5lwVd35Zg6DJ4qibVMq99H,54
3bDD7GGvIzAZeHz2TOYD3A,47
1ScD7XQYCKmJ3fdNh71lUE,51
23CsjGOYDQiJpX44BSn9TM,62
1nocRtwyNPVtGcIJqfgdzZ,63
7KbF6AdprOXEEHlsq11Z6d,77
3KekO5WUfJsh7kYU9o2w50,0
2EEmzqzM70CybVspgM7YRT,55
5uVgsAzjO6eJR06VPrqUga,48
6v0lAdFF4haL8xjBIUjtOw,0
5BDP2tky8oMQJPS33frKVp,64
17G9G5tBsdzmKmoHIh00sX,47
78Nyf6RlqBANlMhSnKyClT,52
4gqMVEJSaL5nNeKj5WmVoT,58
6rXxAohZzTDsP5KT3IDFIU,47
7MRU4vOkywuhZ9kbFiPuiu,65
4mivRZXyZbIDecPTiCtOjw,48
1Kjer1JoWuJGNwGV6Pbgv1,56
6pK5edDoyrn4mWwRSVc2a5,0
51uLQESb4VnYAbs5WtGxho,51
2fOjendzUzepHwR9QrVyYF,55
7mWFF4gPADjTQjC97CgFVt,76
6qoIFQfdmaQF9A1gb67tR7,68
4XfCa8VFYeTsKbXrVlpKIa,0
7BuHdm4lQqcyG3qTwdkxus,68
00Ia46AgCNfnXjzgH8PIKH,49
7pxL0DzPpCjjcdfQccvnus,55
5lFl0Aksww4t4CGiYYtpZz,62
5s8LepdwU0THzpd0M7nLsa,0
3tOmzBrWaHg97FKgsqhhEd,48
4k9byIhs9ppbYWE22waJMB,51
6K5BsR04ijf3FHNzjbaagD,75
07L6tEZIfCX3GZAWCpGj0e,0
5W83ErFkO3aKAIS1WMi6u0,71
4MR1AZhe1p0zTuH2HGhX9L,55
0s5DNDV6LAKn2u2Ufa3VjQ,58
2D3z17LBMJ2HEHeBFFjTLi,65
3AnFYXJMTNJtQUwsJWmTK4,0
6JqpFboOH2bq9pzaYbkKBn,53
5zUGr7GcNo7UNjvkNYkjiH,0
2ktoFujjJtantyMoVdBJlX,54
5g2cx0mZFmCNp4GexaifFl,0
1KbX1VuFIgsRa9JjnQtRYA,59
0jT7DDqYbpOik6iun6ydUL,51
69xPBNXUGp36kirkxbJiOW,0
7A27BYnAHkDp60p66XV37O,0
3YiF4GqPHrifMDhn7mUnD1,68
00hdjyXt6MohKnCyDmhxOL,0
7IKIOZ5xbzdFGQ2y7Tu0Wq,0
0T5MzYymxrAHLn5DngipCV,53
7bk0YKwVlL4TQ9xbQKUqK0,33
4AiFptVAo3ZJU474Vckk7I,53
4u5xLMRN0dgKBFFN8FiNgv,74
5yiG4odwEfH4x6kORHoC7j,0
06Y4G78xvsbwnwAbsLC01K,0
5zQjeUSdve9t7QTHmZe7fz,49
1SGpOusZOaKgoyicqZv5MW,49
7mXnPKYTmF3yVwFLMmMdkw,0
1nFegzeHPJCyhM4ZRx6nSc,43
7xmp7f74I0rxUOPjVuIOE8,0
5mwkN6uECjhgmIS19ctXO1,53
4YW2Fr25fHwUt6qgvM1iE1,67
3SBjPXmpFIIKOvce7e6OXY,45
2JVXOsPlWQnKYVC4LF29HJ,0
6WIZXts4eygCmeeu7pEsHI,44
0vqWlRxvhBmYkfj8UOTjmH,33
0Hk9AgUFU3ujjlD5Fxvk77,0
1l73BzXdwwROdSjDf57VoZ,50
2TrzgfBaSP387EEFDgG4FW,0
73IaURfEJMV60nEd2y0uEW,20
1j0MWm6pDpGn5dQPCcUc9e,0
6COqcps4L8EcHsf3lloItY,0
3vGKgH1BBTynkpkvPIW1HO,0
5CqOaqXVAqZggLkh3jYN9T,0
0JufJHXVWc2cQsWXgZMbKV,0
6LPxzcsPrFEGoTa33gG7QC,0
1IypFfPPvlS8CUtaLlv2pI,52
42yc79BapfKffHxLPRIEht,0
5YJ5uwcKow2zxSE6GGf1iI,0
5o5XikXXHIPhKMT1GoWRNd,0
2zaJjyQKSGRdGfuJunaGDp,0
2DAULesb1U4Qz4FSTZpEUJ,73
6MW4akyMVOfnhDbwoYJI4D,58
2RpIevYYdiQJrQtaILchnG,62
3z7TXksueubckBUYcLK6uu,0
5xq7pQlWzS8MKCbeU6PVnI,1
3yuMVIBCFl6s1PDuSN3pi4,63
0fyx2JEi8DCNPinj46NjDg,62
023VFpARmjJz3mo66Oingw,36
6Zosz8w6CmdGMZM6p4JlbQ,1
7fnCbSAVliRFkX2EIVCCzV,40
47CprsYFbO6y1xiAI4qSYM,0
7Br9Htw9bdzDDsQRCClOVY,0
0miQeAfUWfaR9nLRyL43Aj,0
0QmvXX3cYtoRWLuIKZshaA,0
7lRsNbdOGykkMAgsqs4R1C,0
47ptRYqbIJKWmWuBTz4yoU,32
2KLkehs0krbE0fjxOBAIGH,0
6AKRht2NaMsg7z13psKjHk,23
13wZt7sXahcqeCpZXRICEx,0
1CMUEczBbSpRPynaBPx4FO,33
7D5k2vI0Kcp84Kso4acpKc,0
2Q2kk3DU9lMeBjdgjvqrXr,49
09xnGXVrbniWV4mLTgGyD5,41
3J12tWsPCvfMqZcLAeInns,43
1QAWF495hRiPYU7wzDTsF6,0
2FSYs48Gu6laIvoa1DSa10,0
2hl6q70unbviGo3g1R7uFx,59
7MMRoGvm7uhoUVhGvHJ3yW,48
1OJkKHmXsZVKtWlECdpDAe,72
5lhd4w1RZz38EcwxAFSgZO,0
0JcNysfWVWaMS7R6vzGB2k,75
5pBYQ1AU4eKfd5kwRukfo0,0
1nfyE13arjOuO54HH0zmqj,55
3IyPnNX142pvWx6D5CiimD,66
6CvZqshp5fKnFYZRjMkKfm,0
4nteOaDAOVvqyOmlLX9NP0,0
6f4UPdDBQONKJBRqwZGjaJ,61
7wOuTZEihpvi904nmAhDZu,0
5TysCiZtv1HnSWcTcUFusI,0
77a9893yxuz36cBUmBzA8E,0
7ofxPmTNMj2GP07g1VZa0O,0
0qaxZEuCk8w5gl3yMeeCHj,0
7cCRlUf8ayOJtTlWN7g8Ni,0
4OaTpLJIa2harufGxfOPUu,51
52xtApt0X5IZpV88lcSnnf,0
6wJEvdCEHL6yKxiumXMhBN,29
4EwoTmepntGu2fgKsMWHVb,33
2ZjsJXaUpLERq4BVGdNQQv,46
2yd4FH40jSVLOCgZ1sJM2z,33
07bBCZ2bNs5gVlm4e7tJQ1,0
1qqRjft6v31fj25748LBLW,0
3vhCpWDwgkPrmAGyhF9uHk,0
6VHdcVbiKLYYOcMbIqBcuK,0
63HbvWprv2Mhu63x0nMmLH,0
3B21fRFqPLmTd9zAlK0I8A,58
5DzPwr4r52gVeODKCjONWK,0
0GuLonchqLiGK1zzcrp2ye,52
4aMT5LHe8A2uIc11H8Cx2m,57
7awBgmQ3B0YscMXPBwE1gQ,38
41LiGcvaTkXHyPjfsxKvWv,57
0gwq583qFgPczMTFBCB9wu,59
3RVFcKmgDFuYeYIdxBXK8K,45
5NFbzd8K2VHwrydjKVetIv,55
34js2TOQm9tf6xhefJ97HI,40
2JRANskTqp0wzBjxrJd8ek,30
3AloB0Mg11pjqmUvjKfahn,47
1FbpSsdmMeqNu226tMXRqP,51
505MTNh5kvgYCmroWGCTTF,35
6qQyG6BLQi0hvqdmMxOrlG,44
3bTs8B3BQe3KwP5WQiN08h,41
75ltnODzDPQQiralQWDnXm,49
3PP7TRychfSQiAZgtq1Xjv,54
4qan0qNCFAEu6A2hcwPETn,55
5g0qn8cU7uTzbPwma79XdR,0
0DCxAJasKxjhODdqpF4s36,28
0M3ZIWNcizkhYFvn6RuCEz,39
647hl7pmyBzEhNQ5olMtr8,42
5EExhZiAXIqw6M5FFGAiUb,44
0uuw5iDAOlc0lr6Bco629e,22
1pZWORSXTFlZnrfxChRBaz,39
1co9HQhp1tMkH3OEkb3vXV,46
5ctItM0sdr8V4N0bmPIX7h,36
0BydwB73NiipwQLCCkQuwI,38
0i00AL9toLfJeb4VlWLvSi,40
7pWtnNjTrdZ4OiCZUK9BQ2,51
69FPnlWuRMKkHWfeLwDyNu,24
0nkzJiXbyX66rnuabOJXBb,0
2sse25kdRSbaFvA8i0hynD,40
056uvAVDFOa7kv9idKPpf0,32
5XNxrqyGeSEpG5SPFeiFUo,26
0EG1aud0wJV0BneTJDifof,35
5ujxa8Vbpure9NhencrpyA,34
1NFzONC2FpppkTTzX6eoHo,31
3ZJiEiZRYzPkkmEoDX3EoV,16
5qCGWnqTwE8SDbhmFBQWSs,28
413zm3wEjCThE6tMNPqe30,0
7JjHd7734RnggNeXeOlLGa,30
63qL41dI1yAMAB2zvMd22u,21
07TaUxan2koUnBPPzrtU04,36
2xibZVK28LY9dr6gvqza7r,30
0AqqDLLZzjk2Qt2FONlGzG,0
5czkBkWogUvTf2jleGyHaQ,63
660zp5cgJrTXahkfq0zYMQ,24
4lCN1ph24GXxVQkK6XpzuP,0
1YpUcMIYJ4v73fQfGBbQFj,0
3tl7BKteH6tpxbZXuFeFf2,0
5pqfPw0Pdm4U31Ys0rSPis,0
6pPNepnzBAMdPcE3vgyT3y,37
1Wp5qiJokEHhy7YkIrBXgY,46
4RcN7qGRs4OfbI8cHmqQiL,55
54mCRV3SMDTLlXqeDp0nmv,0
0M6KY0x5u65ybXHZ3IAega,68
2GSr8anleCXKLNjjjijoMZ,77
6VJltndLhBNRfAwriX9yY3,0
1Evv1979G5y63oK9K2eot9,0
7sx7G5Wf3DauBG4FXS5dVI,0
0TnywUMjLmTcUUXFwTDWFi,0
7zsNAP0yvZq3aeIoAfyQj6,0
6J0b8ypSQ2qEGQlC84ENGt,0
0KBMx9uErneRij9qMvIplC,0
69CoL4qoSXH3bApbvFKJf8,0
5t5v3w3RWdwDLJ7pqti9Kk,0
2X7MSx6evV1iu9joWm33dt,0
0GELYeRttonISErFwFf5QJ,0
0ltIbWognQFt70SBWi0VEh,0
659vNxHWffdJHTakAm1fgY,39
70YmqZ9F9BPsh9ftkqcNDo,0
1WIYllV6fUhUrX0zOc83yj,0
3M3BiAe7eXqdfgdidgoNP2,33
5yCL2cAXj3gxZGfcKSzp7W,0
7iFWN1OoPT89G6q51jPEg1,0
5GAt39DKWl50YEvTmKmtmK,0
6P187fxZ0btnCRTy5Xql2Y,45
6t0fYRoZlM5kQ9qT19JnbZ,0
0aO50JeAEI5ArPOPsD5lwi,0
2W5prz0WS9yWOEq3w0ZzSB,0
5KBuO8ULmaVaFENan9MeSd,0
6IH24UGxxo7MM2IKhF3gsx,0
5jYgpNn3Ba92UrFPDtZ2bB,44
15IWb2lHx4e7vjCV1Ye1e3,48
1bFu9dB0hOkrAWcHbbMhqR,0
3eNSE5wPxxBrb3NM8ebU5R,43
2IFCWNYV2xSaGvw4ohfrnu,32
3LSRGvBWTdnUBJC32oBFnZ,53
0UcoGDfyRvyd9xr0168ym9,0
4F3J8TtDGK8wQNk6ggMObb,0
3ksRhmptOiAWbYLTdTIfNs,0
2uMu0qnOL0N7i5brl1SAXv,0
3bRhsOHqOR6sVKL4vuwH6C,3
2o1YTrG6Cx6Hwe2WyJP7XE,0
3ei7Cjigs41LVCRgL4I74m,24
68zCp49fXje1NCJrCYMq1r,0
7qIdrbkJWN3K8Gd5eTYSrZ,0
0yYIxhpIPl5lCJSiOTdkQG,0
3HPLc89ZI535u9AfHjWk0F,0
2piQlmNcGavuGpkJc9YT7l,0
3e28rC25GO4g4aI0eKBFdb,0
05iMQqncVBIm4AE26EvaTL,75
2NsMwNWumJXCdTg2IZCLZ5,73
5JkgxcfTnIGi3Kzf65ichn,32
2cVJwPD5CaTx2kBZyomzGN,67
2UrEW3FV2AH151KdFHiiza,0
3ri9fLG89OdSpjxheYxU7S,74
74uDOPHx4mvX6v4qSXiXnH,0
1lpWMZCaoVkE1KqG2Nc8F4,41
28fkptp3jDebDqBXAOjlG8,17
7AsgdmESBauahEULwJ3EL9,24
28vNCICzMyHB0CluX8mhFz,3
4NmKZBGuNIvNcuaPfu9SU9,0
2GaNvbALXoQ8XrcsbZcBNf,0
6SKwQghsR8AISlxhcwyA9R,81
5ra32bWihaLpFOC4IFijBR,34
4xfLXtiIraq03QHw25u2QX,0
3ge3q3Hz0KWhQX5EAQcwEy,57
7vxijmF9ZlUiBDP48NO3rY,0
2KDb13rxFVemsnQDaRagKk,0
5st5644IlBmKiiRE73UsoZ,62
1EhDeCHd34jt7dMDqkGQBC,61
4KI5mco7StihSNRsjYxQ5b,15
6UN5APwiE4Ddmf4l11Jttc,48
5RVxzIjiwiVhvToV3bILhI,0
6i9ipwB7w8dFwHYz3Mge0C,38
5zGUkWPODGQzPR0DooeRO2,39
6AVbtprNn18sQcX54K5MTo,0
4BpndTKEqpLgntffipC53q,57
7ieV1TBSMyf5sFiPh9X2ai,49
7CzVAhQeZfTLqNnzdAiqrH,0
4LloVtxNZpeh7q7xdi1DQc,70
2tKqZsc0epdLrsNUT6y0Ls,49
5rwq6R0Uq0BngM3rdmCeNg,59
4dDvtBzbQqy7iG5Jfr0qif,0
3Xzog9enTvbsc0G7G9M58D,49
7cpCU3Denug5NGZsSpQl8v,67
5DEdP7MrcgdjXWGHWAeK5I,54
6Qm7DBWQguBzK459j4fOBt,42
4DCHszO57DZHgvqalfoITR,56
3uYzfyifC7J1j1IEjN1xz6,0
1j5cGcXWdHKTPQ2XgXODJI,53
6oyUroY42HiaD9Q9VBw4BP,0
2p6PmhAtI3WkAOGDbnJp19,43
32N3bQcpqADdTGKTHBq5px,48
2IQvTnOS1sicZ3plBZL6KR,46
3QmesrvdbPjwf7i40nht1D,69
14Q3mOuhS0WExcUPop00Vm,0
0Czb3OCpCYIc43O0lq2M1Y,0
64ndFagAiHD7qHiGWRyitC,0
1Jle5IfWWuetgt8fvW2Q69,35
4qE36yuwYbHnsPzlwhrO3M,0
2E1X9CKQruwLgB9m8SY7Lm,0
38juUluQHYJdEnYuHazKXE,0
3CFIo5d0MJM4xergOijeYD,42
1EKfyIWznKN5EeK2i6IV3n,0
5hA2ZHjvt1tgp55OzaqYKL,0
7ukrAoAILpGPHaZ9uYmNL0,33
4s53Uc7CoEtES0wHmr3peN,0
18v45bO9woyaa2EbNT0BZI,45
0pjOjoHMJrerHhiXNRs3GK,0
7sCS0drQA6rtVgOC8QIFxf,0
6ORqU0bHbVCRjXm9AjyHyZ,80
0ZMv9b2ipW2NicJE6mHrii,44
4pZQSv5bgJIYanXRTwW2pF,0
43qp6nkM5O7uXuuFnr7GpS,0
2fW669XemOdBBStneImx2g,41
3tRMcxAVPS0YK00YcSc737,0
4jqA7PWcuBJDYcXtB6QIiN,0
7kK7DV38d4yguGXsFWmuqY,32
4PjGFO8im0U2I6sXf4dfmm,49
42M35GsUidMAgXfH1mPUa3,28
6ya6FdIQAAwH0b2GkKNFs4,14
2Q8znt4hBfW7jvVleqF8pX,0
4zSjQR0bhxFG4MJ5A3ACR9,38
2OmymQ2ONrm6iQJLX9qnmp,39
6QqyaRMQ90rL3PGZRXYdox,0
6hINYyioHOo4W2YmykvdGj,0
1WKCpHtm4Lkjid41lISb0M,0
5UcDFuZnsgtXTuN7GO79Wf,27
6L8ioSFZVWeJK2jkOCkflj,34
5Msytfzyrxcaj5mjs3M19e,24
1wEMvsq4HOuanwbdn4zEnc,0
1bvuXEOLC95IYvkAtwqREi,44
0naWmO0bE2itsfHCuDwf4N,0
1MDmXi3yYs47ff9QEiiPmr,25
6tlsNruU4eEVR4jIEMO742,18
7riaXjD8Sb7xJrGV2GLaGY,27
3piY5aMfwEEmXMV6I9kpoi,61
1hfVUmorNhSWNuM91Mo8sX,0
7MAtEMIDGhYmbgdooLqt3r,20
6FOkXQQZgwjW2PpHxkTuyv,0
3MrFdLOtfV8ZnXPHUCy5VV,49
32zTrU13WFPoWoPv0wKuXM,0
2iXdwVdzA0KrI2Q0iZNJbX,75
34gCuhDGsG4bRPIf9bb02f,85
0BgbobvykXxEvxo2HhCuvM,71
7FBLrEKnmvRCuVeozHEA01,20
3bVwuZb0nYvAMn3roElQnY,43
2WXTF0qgKbczC2O8VymeLO,53
2j9JpBQk7VhzYDOqToxhlA,22
1BMDaiVYDREQnrQZA7Drpk,55
7s9HTbqTCeGCDIZ4s54oJY,37
4hbGPfz03P8Nnh75mFIAoH,37
6nyZQ82OI0OujbbFpo3e0K,51
2majF5ySXBNcycq5C9v5e9,0
1KqpIQGNINpG0hDdbB9Pif,20
0gVcjxsmYDOw7V1whWHYoZ,0
0arItEjl5jRh5FE7zyrv4A,36
3BEuTuiAgJLROYMELwLujm,40
4ElX0PX2miGsMVsDJS2qqb,22
47qnPNcK2qS7CFYK4hT06d,0
5cpTuYviDiVdf8Xb7Dqqjd,0
2tvRXgwdPB8Nr6t7QvWeVE,0
0xrdEQUNJlQEidMI3GZ3UC,0
4Z8tegTDUNyO2giIkkOld7,49
41pyh0FQdHrMiYvQuVtkSv,34
25xw3RYpFrMkelcojQmhYT,38
2ZNdWbMx7cWPM1WWtcWyJ4,0
6ccgxTZ8boW6g80rXPplS6,46
1vtQLXxSIr0A4Pfs9VGqxk,0
1gia3p3JUP6igy5kcpJSGb,47
1BH4LMGVMLBGc9uEJdm8D8,66
2OJ2aLN8R1uO7XHFUcd2ob,0
4m7BoK5UnvyNMrdcP5kwhA,38
3OAwy78ppTNFs8BChZQuym,19
5dITA6jTX7f1gHwEAyS3YZ,50
1FsdoidoPfb6L2o7GFomcL,29
53go1N9BsonRPi3H0mYJCu,14
4hwURXMafKnSickN38QLBn,30
4ZXldI9CyNjVkXvIL9K487,21
5QkrsL9UdSmwvkGqbCfPjK,7
1oGkFC08hfifH5qkgTlOzT,32
4svaGEtJdr5gdhBvdIkGaL,38
4vGMLLZQbanPA7CxiUndM7,22
3ALLv1BQxYFlJ8XQOQtgW1,18
7htDscKfA7KiwCrTzafoNn,16
5Va44ERiHtC2tfBD53OApA,41
2UDMeklpmOfq8L6wI75ysa,51
4JmQQuj05sQD6hMfKFzcoR,53
78KZRJd58A4C9vI2J1z400,16
3JjClKGTdR7yyBkbadZEfE,28
599SYydq8MbWRSa0gYJtVK,42
4kitLAHbmBBXYHt9g22md3,42
5ldzmvKCSAT0BEeplaZYcS,29
3uKdu7AtigAJ8GgTu0yJTe,61
6dcdXz3385Tew9tOqpCTCo,27
5msW0VgKGq8KhJ7wBtMb1V,28
7KicgcwT4Pz6wENOTJCNTp,42
3o8B4L8vJPRYKWpICkjwjb,26
1ocJSebtSfRrRpEJrJIgCK,9
7piXNyrajEfqhOkzgDq2Ts,41
4AMNoX4gzC25M4I00poxI2,35
3iHJm7dUroZYvbqrhobLZs,58
2vNDq5XAoF4Gl4hfY7aacS,40
6ifUES3keWjwXgae8pXI3o,83
7sBDv4kLo2GVucy5VGh7GX,34
2EzRdhuoPyNJDlep7lnNf2,68
5z3xph7sSMcsHfDOxX2Uf1,29
2yajAy8Va9VTk3yhF9B3ET,40
1RvL7eHoeUolnQbWm2Hnba,55
6glNkalULHG9Hak6E0YL4J,14
74RrMiuSOzAHZEqLlC0BHz,23
0yyZN5ASdrYu0XYWFzfxUu,72
62YL4H1dOpC6702x4i7VQS,37
4n6CwGRWj7dRtDqmQCX4Pz,17
4UKe38tm5NkRpuFCxwewEe,61
0VPSvELhApTJgm7rfhUOqE,0
0St41jgdNsH7bQOXspWNAq,20
76Xv0phxmn6MyCxY3K00Wa,33
3Lh85gQijqaG4ZL6omoCuD,24
3rgBvHGpnVoa5uv9hhaTzv,0
4OYzBNkbbIdlzdXOx6JjCD,7
4DXMM2jLdMb2y0ihcbPebe,0
1c81QU04WxlysJi4VqBRc9,0
5Uh90jkrYm4bPONmSciRc3,0
7bZeYhhIgNTHSjlYJkOuCs,0
27W8GFJSKgT2XZTUHax0EH,0
0cV0wQ9XgmP8pdRbF3lj2v,2
1MMNC0vQQEgx74n6dSt7ED,0
3GG0m7tJl9jdxSFAg7oTJ4,0
5UIWjTjp3HqQw7LiijAeK1,0
0At9cDlKToU0y6y3095ROr,0
5E8qApJDRE7oKmhZb4rpmz,0
3CxrUa6EOo8X1DubxHOion,4
4IlRoKSED9bTzEvnPf8Vch,0
0B96zBzTZ8Tr7jve5o9kCz,0
2GCl4gCETmd0BbqGjC2bjR,0
21GnAFVEy4ed52JKjrg840,0
2LA5mHwF4FphL80jo47Npp,0
6zFsMyMsDaWuXrkSnDXHYb,0
1yMXvqINfAx1TE84sIKWKd,0
0mtdxzBRDbueLFpiwpbHKO,47
2vrpcQNg6itmgVZWsNjWe0,70
1mT47pKLXUwPYGwB91GcNz,65
3IPJg1sdqLj12kFIndaonN,74
4cuGZb0iFyHtwaSKdKrJkF,65
0woHVOh3KXLSDv8VU9XwZ4,47
2zDj4WjbNDmrRL6Z4YjjCA,0
1RouRzlg8OKFeqc6LvdxmB,78
5cepAtqnEQ6yVG6088zMMu,74
2XVilv6s9GETnw9PG4T9Mz,65
3umS4y3uQDkqekNjVpiRUs,76
7ojH6H4wE6XJNgzU4uvNc8,48
2ijef6ni2amuunRoKTlgww,67
7JNh1cfm0eXjqFVOzKLyau,62
0mlAOSILGRys2IbvyOT5VJ,74
1j6xOGusnyXq3l6IryKF3G,77
70lnL3QaSOIIyMa2X9aVRL,72
4ggiDYAkJ7Yk8d5xOr7Xjo,76
6KuqAtoeVzxAYOaMveLNpH,71
1XgpK29CGGjZnxPYkiRbh4,67
1G586ld1gbaECg4Bc6w40O,65
2u7tDWQ6LX0Kw1LiK1jaok,61
3Dv1eDb0MEgF93GpLXlucZ,78
070hrICPvpyzXkbqkRC7Ao,45
1ToprX3cpBiXoAe5eNSk74,56
3FGiFUJRRp5RGikVrs6kig,2
3Ey11v2aiX14s4wBaYbhlp,54
4cOVTA2GfYTHw99AJDQpHo,59
1SNiXDwSilLujcYdvfqVpT,0
09oZ9eXQ2fo6YDrPzJqAoP,62
3msKIQc0Yjuz3Zn39g3KLX,0
6TqXcAFInzjp0bODyvrWEq,72
6XHVuErjQ4XNm6nDPVCxVX,81
1abFkY2jm6KDFMZ7RD9YJh,53
0t3ZvGKlmYmVsDzBJAXK8C,77
2QrXzOqLCVDRZHkToA0tSR,58
1tNJrcVe6gwLEiZCtprs1u,71
6Dma0t0hOe6Bd6u5YRKF3n,55
0DiDStADDVh3SvAsoJAFMk,73
1DFD5Fotzgn6yYXkYsKiGs,68
0CZ8lquoTX2Dkg7Ak2inwA,65
58wyJLv6yH1La9NIZPl3ne,72
5A1w94uzc1kO1Zhe8WWxC3,53
1yTTMcUhL7rtz08Dsgb7Qb,63
3H3r2nKWa3Yk5gt8xgmsEt,67
0BnTBAGmr9FtYwkZrwKhwS,65
1XHREJkKDZCokAtGUAeH55,5
6Mz1FkraaQkLuedZP7dxsf,0
4DQTdFaGep7IsnB4duY1xM,0
5viw7xR22mmAU8UjtX9duJ,1
7gmLcEPIL4wDUk8DykPBk6,0
57Txi01yKbzaqFP3EmwO4Q,0
2izRAdFIQ2ccslSDxO4wp7,0
2LzZEq1j0ow1ei4wmdlBJ5,0
6NPXOiZC0m16RVKKB20vDb,0
6RVjP7h1rNXhGjqHnVbChf,1
1ApZ8iVqHS7PzYQLnJSLxF,0
4ddsyeVgiigtQToGyn6hMJ,0
3PIZD7C258F5taiS9rw9lK,0
1GBr8Nix6GiaXLjtaqnysK,0
5bx1UhmDae1dxhc53dFAC1,17
6VEocDLxvL0ShEXPDXxTL0,0
1nUdWC6puxcV285AZfLokl,0
5GuNH75dVRERmsotXhPAhz,0
4JBC9FqJ4KcNIXyRSjdClx,0
0JC7vIyZoXm4vacPnbYxQW,1
7BA9vrDBIS3rP4VgT6rpD3,0
4YqMIsB6PDDOvBbpqMZc4I,1
6Vj7t9JdCrxalTKTtRA6NS,0
7xKAh5QpxJnBZENDjB3xVH,0
3x9AweKWYB2Q5oZy42I3zG,0
4JeVPY6bR6oBXRYC87U580,0
442h1HjaVgRlnU4M5DHisT,0
2evEUOudckFyYfg2XRsasP,0
6FoAzNJTueEuCw1J68VeVk,0
2wrHFNnQoGJ9ORiXmyBoSA,4
6ujdygRPDIOfPSDbhUwDIC,11
2vNlq7qG3FPFBmuAc7kRng,2
1XK84pQhL5ohZdSRabQshw,0
2nFQrFSxhrcqneyUS0eub9,0
7vus9CKAew85c71oydwhWQ,0
7F91NxkoCwU6MPP4SjO8hs,0
1pxLe5chQ8Arr99hKiV96Y,0
6qgRmiHOnLbkYC0ZNecLet,0
0Q2wpj3vrY2oLiHamH2tDu,13
3rKvEszFkblVdDlUc3jlBk,0
630rGXWlod7qOLfxR7bA4p,0
4JxXwBcVpVGDAnY4tKcAFH,0
69GusrRWpSSIoZGWc67l2M,0
5H7hB4kPh0LSRVwna2NZ5I,14
0zMtn83Kugr36iAEE8iljq,0
6Yy9Kw5fmv5mrniagxVagb,0
3WymtMDNolaLX6V9pZsBQ4,1
4VoXQm2FFuiTj2crflcCnd,0
2jlJuGJkkBkGuinZtoeRvh,0
4ATRPKNLcoyVNRoYo7QaSG,0
0sVcj4tuz77RCsxGQ5XfrH,0
7ttpHea6dtKYMtGftZuNJn,0
3sFX86i3Qebco0KhrUVCoL,1
3q4n6eb4wDVw9fJYg2hZkh,0
2vIprOKFrPtsnQtADuVUp8,46
3vdGYAo6x7Bfk4uRPvoOce,0
4PxCXdFQaMUGQqH5qMZDUM,25
0fmgOwkb9AwgzXhYVSZRDs,64
232LFA2gOyCMnZbBhxZP6f,37
5gMWi10EEiyC3geWcyBoSr,0
7H4XjkOcmVzmBwHGQQcApF,45
0MipkrIzrF3WHoHVorEVNH,0
3pJfWEBxmRDfS3hM7lAphp,36
4hrp3GSWf0Jd8IPlsI7EFh,32
0jGrxrDFTq2Mh3ebNgvNGp,38
4fZ1JsWQ6r7xk3tLi2sEqG,0
7qCAVkHWZkF44OzOUKf8Cr,78
0OMRAvrtLWE2TvcXorRiB9,75
0Gx4VrHzS7pZOEAGrmXXBH,75
6De0lHrwBfPfrhorm9q1Xl,75
2C2TGgFzrTRIOdQS1vUN5h,75
3pDhN3qB33AOPhQEkUCaWt,77
1KSqYYJFyfTecXFk9M0prc,76
3QHMxEOAGD51PDlbFPHLyJ,77
32lm3769IRfcnrQV11LO4E,34
6DUdDIRgLqCGq1DwkNWQTN,83
1PtL0YQRtq3qxDGUSwZPJ5,1
3QwBODjSEzelZyVjxPOHdq,79
5Fim1gaXBgsiFfsQAfQSDS,78
3uvypVUsiIr1B0BccIcsEh,71
4Ft0391aLVNtCPPseh98lp,74
7F7kL3i6SDEIbDcoJZGiig,69
6mICuAdrwEjh6Y6lroV2Kg,82
6cJLfIqwh0tCKRjYM3WpZ5,76
6stYbAJgTszHAHZMPxWWCY,0
7nKBxz47S9SD79N086fuhn,70
6Ges5C2IE738iJh4HyQizQ,78
1rXojdsUqqxGj2WCmJGWHP,64
1iEwyiSLAunPR6uouANE0O,80
4qknM1pQz53QOyfDVTjcM9,70
7gcMKL3lnDxsp4bIXyv6Zk,65
7MHN1aCFtLXjownGhvEQlF,67
7Fl3wSxRqBljyQH8dJSz9c,59
00i0O74dXdaKKdCrqHnfXm,70
6Za3190Sbw39BBC77WSS1C,73
2eqDUxbd0JPEhNrJdPlHLs,65
3umCRVVIPZ72WnperWxLgL,62
2rXZir7PFYmCw93pK3iVaW,54
5u5MvmVtitax9R1Mxh3reC,80
2I1uzkNYEJ5FOzLjI0ssTX,0
2FqoR7diymD1Eh7cVb3DMg,75
46HdsiK0uR26B2dY9QPzda,68
6thg9w8KTc9RvMWK8jnxNW,0
1q8NdCAQ9QUjpYiqzdd3mv,76
43CL49bukqUMNxontuQtR2,0
6sHBvzRsuGunQTfCk18KXi,68
1v7OKYgEFT2MAdo3AJ9GOc,0
3w1D8eAOBDZdb8RP5wbV65,57
1AlytqFfAzIHuPqSTQmDyo,7
0Mk48GaMgw0qz0auSymuHd,62
5zSOVwaY3sVjnmLhuEfsuf,74
2wlptOJ1g5fvLdu6ruKCKU,67
4kAtRwNRLMKuoCbxMSxUGI,75
07YFRv1Rj2iTtA7NY3CTcY,63
6FZCj8wIH1sDklyZH3DEUC,0
1Kgyx7NLtzsa3gWV1efGHu,78
1kQqiC1rS1FiuVpeBKN0QN,77
39Gb80bu5xF0rQtAxTxUS1,64
7FFpxe3RMrRhG63dFtgRed,58
1MfqPCs3Y722VK6zkWZ98Z,74
3Gfmqdov5Q8l0BKmCeidJt,27
1IlJpEiMt4nuLr3cWFQUxa,0
6RsnwfOHuNfYw1vMZbAy8l,0
7cIkMEpDhT7Vpw1FHOQqKC,66
23YEpFgAVvr0w3cDm7EQ1Q,0
2Fg2cN1wHQslgpwXzLY4We,60
7hWlUt8L0rNx1Q8RZnUVQz,0
4tjCNQ7aCL2Ou2rJlmrTpj,65
4HNlRF6Nux7jU68kTpX7CP,0
5mVcyopMGY8dSpN1ZyaBUD,71
5YJ4BVvTFmVCxUyhKejHfR,79
388YhDYxPvaDIZQHWqpB4E,75
1jj80muEnrqByfH2omBOcZ,59
0t0WIrjRcvgBAwLlby2gsZ,75
6g8su55d5ZpbMw01J7YrgE,0
40EDOraCqoiMf14TzODihf,67
0jicrrstuAzf6GLIUdwAQk,59
2WHctubxf8LzrGr62cLz3d,74
0ay1Y54hUDgYBg54JPrOCv,56
2Jz1X6ZB0gkkCVgmeVGVGp,75
6G4U9avyBNEfP0fAIduev3,79
5gflgO9EPbIBf16n5TKnQS,80
614NVFo5csQqRnryl4jXs2,82
15wPtgg6jsyMLhIkjcSpl4,74
0k1hbeZodoEw34FAdbh8xM,69
4zOZQdgs7nSjMkqB7keSM5,65
1IcnHHfeAkdc88LybFWwb9,64
7sT08ys9gXDvYNyTP80zvs,55
62o8KoI44JfN7aYxgTnPvh,69
27GZ01uEeZvG7esdoed3pQ,54
302I7g0l3jmAbzFu9WBCmu,51
4wJFExEZZo62tmwTM9ENDR,48
4yb5Z9dwnKhO9gC0AZQYDe,46
5XCTZzZ7b8MhPurQIfzD8A,21
4YqCBC4FwzGXuhixt5cgmm,63
0mD63phUwHYnlvAJn8NgqC,46
3D9rnyLwvWo0yhcuIWJ5mh,16
2jz3dP8GozFN1wZ7KJbJKw,34
1cVlW9WQiGlFdWUXFdFZGh,66
4DbhxwlkhTbCTqlZptxmI6,73
0639sfoRA7sW4fGS1EzcQu,64
0X6coWomPnfGLXQ6gdi3cI,68
4Clmg1g8n2yBYG13Z1oSdG,4
12apfmq09hXSx6yEJSn9rE,10
4BMk6XhlXJW7ZgIS8vSBZk,54
4tRFdhdqMUkGfnAkis3lNv,0
0ePiYPlCq3dhwfAjUttjT2,62
0akyEssGRVHstqCSWXusJL,77
5L4ovuTRSmPWACgu8W9lGn,18
4zoga09ny0htl7WLyJjlGH,26
4JNM2zoeMTg9WyMsu9N15R,39
679CNoT386QI0GJJ8O8XdP,0
0YGXxFDEGNSlW1djyBtU0V,42
0DjnlLskmEjm5mbgo24WwD,42
6SFtimpTgM5wdYqTalvtFy,0
7vsmaNYx1XoB9allFYjPCg,39
15GJ5u94ls3eciXNh6YDER,42
63USmok1OioBzKuWGW9wAg,6
47d15DTbdDDjyNMfYoJut5,37
5okqNnWKKb19iRSA8Nxrv8,2
5HoC9hffOsN30JKLU6chQF,37
1Bmh8yjfnE21YbWC9orEai,29
3eB9M6owEHwk4nNrZRNUwd,57
1vCcfFrJzAoKqc8B21OTo4,31
5h3qsjZOEC2QmiXs1utJSu,4
7wadwcnZoJEU2b3pgApUDv,50
4pCe10FbydPpDaWPWVtSv2,40
2lCEkKWWTOwsgXjOwZtMdd,41
0cftlm9IYJi4KoN1PDvR2V,59
2pRIqomqpeo1loNcYac5HF,38
17J2patkIezB1LxcBbDpDl,40
655SkamVNObMDXtoN84O4Q,38
3TFbQoY4KniRQRWge1hZdk,29
6qu53IWTHi9odNr4hBDHk6,54
12xjRcDTBU9RgLMZePtLop,41
6C2Rj7hiP2zHWnE72xZvoy,29
7AIy2SEjip6FKhlSNMoMac,0
0BOm90PDLRJpTSqqd6z52E,40
6AmMdy27fUk2bDGABGcmfz,20
53Tt5R0jXSCeijq1uzyH3M,22
1B0BQaSRHxhI0AUlItY3LK,72
0nyrWJu7GTlmS7YxPb7ZyA,0
6ydCAmvfPBYxCnqdDZAZ6d,31
3G3dqYplCvbvv53HkEdZKn,4
0c2TpEJuuiE9MjILr6pp0D,0
4oYTgxA7E6toPav9MSOHsY,0
7Eso5mURNFprb5PmhOXDlf,46
0NLCproVurQVarImbC5coP,48
13bdVQ556V2kuqsrMFWzs7,24
5Lhlma8CbXwj3ptne7H6DF,30
7iSes74ifLt0Ldk0pL3n7k,48
28WKeqbRKcTG2GH8aaHupO,0
3LDMrzAYIeUiAUWO8KKpPB,31
0lvBfVZK0aYxFwLroArgAA,17
4rbFRFbocQDMubY2l2qM1K,57
68gzwxDCXwMWz4c0UU4sZG,31
2crgIH6p6JZGjbmDBNJCTZ,0
1MFERwdv1fJF4E6dcRYOHQ,4
5tNPTZNNSGt4LnOMdg2OgO,4
2qyyS2lOdC7oxZDQ7tCuY0,40
4XE657RHqO2usRr0EgKsey,27
0Yo6IZJ5e4DJFKxlVPtzma,47
0R5PV1sCMf1UcfubQbe5aS,53
7fNPXeqDaUjWiZhiPHTG6y,0
483rz2B4gM6w7m21gsfnTT,0
62E8JJRtwOwU85uup9C5Ox,0
2HnKakdBYatbAEZVNr1Juc,18
5IgIor9wnFdCgA1Pc0Xeu4,10
1R5nCcASgTubHzMx2Ic5UU,40
6Nmpt6fRu5Yvbfraoe13tx,39
1O34fFJyV7djSqRtOuRSVh,39
2qXwXciJwW4Qdg7KDesOCQ,71
3NncP0ajz9lqYAZcQD7Bpo,0
5OSrMt5y9dExB2J5vMdTVk,46
1BVnAMf782HlV4HIPliHr8,26
0Q5uZEhL7k1MsYvZt0Ft2W,27
1fBsLZr8fLxXR3n0FpLUhC,7
5GB82gaWr4d7U4AtJyfVi1,30
5AEe2QNDyG1u0bujk7LrgQ,0
4jzPGm9YsNvFvpL5as5DVc,56
29r7RLvr2Ae8kuSOUXTM1m,22
6dEfw0vBhzPzd7MjLwZvGd,0
059bcIhyc2SBwm6sw2AZzd,78
1kMUGCt7XLDc5Q64Vl0H8S,61
5Uel5PmPBZICA0TQTI912U,1
3za3hxbolwmy9AeUpWzuRE,0
28XvT0F0E4sVamI6JRVnmU,35
6X2R5GP9m4NycgGLZV2vH3,17
1lrHvObazT0Z8Isoaiye7I,0
7ffNh65adUgbdA7N1c4iN8,0
2UyiDAqoc1R4gz4noiJ35z,36
2O4ilW9fzFuy11r6Zt5P72,31
5m3jpKkgkfoMcym1qjToFg,1
1mQwQm595whVQXCQ9wtzVS,10
1hvZ3uUcaCZrcZQXWUBRse,34
5wGypb43gWIYWmDO91gYvu,1
33WcWOuiExw6XujNwQ8NaK,0
6ThyKCpWXwqfy075AY1CpU,0
3Jy1PP1WyehEwtuh4tWkZQ,0
72nGzwUlz5ZweJraEQG00a,0
2RBnSQrhdtUnjqEj3upHTk,0
40zbkoSUipoa4ryLCqj838,0
0cXSBouXqFSvPbJsORwPhx,5
0bDA7DSsdpay33aFYzOHKR,2
2ZL0cFicHe5xM38lqxXFps,0
70RqwI4jVXjDGQl5UWDFPE,0
1VFMCn02cuTufv7SqSuqCY,2
2L8nI0gMmceLCmEkdXQYTu,0
5YGhQpZhMBTJ4ROUns2MVB,0
055gPMFqjFak8WbagTBSOU,0
3oJhrJ2XZzgSiIRq2O1n1I,11
7mR1iFQ21YjwNCeNioFjJI,0
1M2hRrYg3dyf6QTbjBX3vM,1
5T4nI7b8EBszzxI1Ff9Eau,0
7AyMywuWMMDyfZVArAnQ4E,0
16Vzt8Xi5OS5rlqPDVJXHW,1
52pFy13TIADVaFHRiKo8Yn,0
5yoR8riwGVeZoCmZpmwsCW,0
2wTionilOAj3vJw5zvRTj3,0
5O9Mb95hkpNLw0HLsWwIoj,0
2fn10isMyUbYlRw4Rw9vYY,0
6L3KmR1RHMT9nijE07qbg0,0
1KbpI2wqJnup3pw0gM3nEr,2
5LhChA6edZR0uGF89Vu4OJ,0
7rDEOinIXLoU2i7MGPi0hq,0
49iM98MCjDNxx2JNSfYbfc,0
00WE3UYEVNMsR5xc10L1bE,0
20FvX4zk1zejYVhpWwo4Pd,0
4a5D25KuAhGNd0eukchuph,0
7lehsJ3H2C57ZWIhY1YPe3,0
7Aq7xOKfeuF3LYUw9KThRK,0
7mGy5pf048P89YENlFfsVy,0
1Jp8otFaU2Bttfvn93dzWk,0
6SwBFQFjgwdYomUy6kLTrH,32
0zLsDhTzpDXaAA6RE4Z1Pq,0
6tBvw9TfPXY7sIcgg3EZWE,0
7Dnp5gA7bLfDW92JnWba89,0
3WhKM4bvq4iqQ7KQgjHn91,2
5liA2MK82OeOqSpcjLpkkn,18
78ENdT1jr18MtESuDkBTCN,0
3M9UJ8zpQJHPjmaAhaQH3G,2
1jlQ14qZcXrtPCpX2FMWwn,0
3IH2zs1TSPFA2Iy7e5HCmT,0
3ydWEAgBgu1rAyecaBPjAz,0
2Iu3KQRl9x7o96drnz0uM9,0
3Av6RedySZK1Mj5VNb4Mmf,0
3GjF1uyXJH10dq283GAEad,0
2CkvHzsTm4HFJSWEDrJvOi,1
0P3d6JMvtpNehHfX8thDCc,0
31pE8tZb437SLORWzKwSpk,0
4gIAnVHAGema5dl4omzid1,0
7m9qFibejocXj5WVy0iGQr,2
4pYvFqD161kAefG2yuZtz7,15
1GTPSZMtIg3lgfJNpoQhfG,0
7EI2xT47KTqGvXHvbx4tJ7,0
40lcA4lHEMDvwoDMcwd1Xb,0
4jmjdIIcgzeQ6BsupNZAG9,0
2Vr9ZMdhXKcpuwG3CDieuD,0
6UgmEQ5wn8nqJPcDJo9WZN,0
6XmlOZjCCwGQ8ynxKFNqzy,0
4iIQ6MEJzHXLK0tZgu0lRm,0
51pPs7CwC8gvZKlJLbnS4Q,0
53hsN36AEPsBT0XEh7C2UP,2
7dhGAjw1MVZRBHcktKo3Kd,0
18Ve6vZ4GaYvZmA1mepYOd,0
2GGMabyHXnJmjY6CXhhB2e,69
5IaHrVsrferBYDm0bDyABy,68
1iPBD72u3nAyFEeardYuBV,0
0TlLq3lA83rQOYtrqBqSct,77
2E124GmJRnBJuXbTb4cPUB,0
4S8d14HvHb70ImctNgVzQQ,68
33tNYw9oMtSkGe27NpgS64,45
0s3nnoMeVWz3989MkNQiRf,1
7rFxvKtiIeCfjmn1uKxmI9,0
0RDgqtvOHLwcI6yz9bjsZV,64
4AjWbAwRpxk2worpjNH5CS,0
2ohqtT8jp5VeSBAtBEpSqA,0
6TvNO32huOBlWG5o69i1v7,46
3o7TK4inMYzJC3ZMJCWsRC,45
0mcBgVRVsvESTkEyVHt7Ue,61
4o1DxRjMCHDwBiOKv88rOl,60
5YrjfKuFd0pMmYTGeRDV6X,53
0PabDDMMzwmn9cfJsfes7W,45
1Eo8Ty067B01B7GETiZdgy,35
2kjdTPSRPS9mVfRlaenjsf,41
0UfVfRSmy4xMyi67LKH5zZ,51
2FK1agZzZzTyxV2CD7ixcP,34
56BAJvpaWgvr6C4wmc37iU,0
0wMs7DPFOnToNAoecvAFQc,57
684EjRHwNsZQ9hCQxL4NYL,58
4Zo6WxRw19gk9AbxWHViGU,23
0i9oiUkWOgvtnjkr0fa3XN,52
6Bc48Fgqgb6j4K6JdkZTNk,0
2B94bbI1a4LyBpK1439oP7,63
53uKGbcMjEc2gIWbfmvpdS,66
6F6BPkZYKQfgwZVBugMpty,36
66OeFWKIn9UCNCu3nOGx5e,0
7nhbNqmt5VVvVdgOtVqzZB,0
6IAUi1xparRDfxBcRHJ8fx,6
2x6WhnhzmKMbG1oO5fIW5G,36
11ufNpNUBDwTGlU8sdWZaP,64
2UeO0dSYG1t2BpESjdk24F,46
55oduV8SihZzpk6nOzBRJu,18
5da9eEbSCnQ5fae1k3lLaE,21
2T47pdSMuXRkISF5wlFdlg,0
3fIBfeXyOYgGUumsk1Kjno,29
6xGgxNO4Hp1gfEUatmc0nZ,0
1MYMEtHi6fmmGiDFLrBiY3,50
1km69Md8EuQMMZ34nWyqlk,0
3h4crsrQtBOhLrewXZ8w3D,0
2TMcH3s1FmQP5rCVt2EpUj,0
2jT3L6H54Cze0Sv6AL5NRB,0
1ZbgdjqdG9JSCl98o4l1nU,16
7AlfoiKXfXzwVPE9asKNCs,2
7zwOSMqWghSCfZrVo5r5nR,18
3pCc3j2htkGXWJsBmSs0RB,5
5Id5B3dxJZhPcV9GzgYZZe,72
5kleOIaoeWiaz6hyBvHVsc,0
2sGcLL6UBHSRCm3kiKH9zI,37
60jkNKC1ALVYGyPTrhGWul,0
4cZ1wv3XMgUNjIn4PtzhWF,0
6qqd7DGn2VXzxsR4k3Ycun,53
76UZQROHQm5um99NbxtMio,25
4FrIdlSIs6CmrARu66EdcG,2
3tCMkWXH8WdzyVQWDrBz52,14
5ZiI3uQ0bjorQcIDsFmGDv,0
5JjRW0BF47MQF9Z4szcQ03,9
6KPMVAR0DaZ0kXzgZk4xKP,0
1wJUs2lr1drNrxMnJ0xAhE,0
417Lz9vsyAlnPkOZFMiJib,26
1o3w9bm49Kzi1QfBvWMNXr,0
5swCpW8wpeE86HstoqoA4L,22
4BCPItsB94KDLuERZT3aNM,0
4saCqH8Jj0H3KzM29TRb7m,0
4F1qeI9MpssRd1OXqH34kR,8
5MA74oQBT1lVZtAVuMJAm0,38
2z1ACAitQVTvo1ynh7EtAd,34
1PeolWTkf6eq3K3qMXTkkN,32
1OmIYZkyF8Ujhm39eEbeME,19
2r387DZKnyoSQUpHWikyGR,2
6EnX6zVBSrH58BZPYWnVjO,2
5MXt1GgBJPN0JPzUDIopqz,0
4thYedllWlJQOnrplPxwfA,37
2qM1Uus4I6Yx2BGlIzXaI0,0
5lSASgj3h5dWTK7pr4vkBq,0
4JOcMuy5myeEaNCKlu5j19,0
48NXpYRuvv9izul4oXhqS9,82
0Q7ZM15J0cJA9rd7pQYdRq,1
4fFgpzgSkmn3wajioLBPOr,75
4uJSxi5beZ9GSzq5OKH09h,0
3bkBVEmRJuJZNh5iVgJkWm,1
5clFSlfkCRlhnH1cAQjSBi,4
26RZ3DhnVlytdG6N1oxW1E,0
2PUbdd0s68EfVKlBCUW9Vq,0
2up69Rho7swRdP1MHqzX3n,63
2KtNeULMaw8sFkr8w13WWB,0
2Eg6dOam7cAe5turf2bnCg,75
32SmDHzbqYRAhX9Jq4gDnT,53
50K0GKbudptd9wZwQlQWdj,50
2iHr1co9ElgzHredwMNKOy,63
6z5Xrx58p5Bs18RIe6KXbI,2
69Ej1xrGjOcHvIMtMKxK0G,84
6YyPA4dxemw23eGon3CjFX,0
3njYteZvn759aNUXMCxiRX,0
5RCcvZz5i0rckjbCTSPL1s,0
3gvGnkmg8zVZdBAx4B7Cvq,63
1Z4IqxukC6Yuer0nK7rC2R,0
3QLApyuGYQdSQZTmBXFaSt,61
6ODIW5KyJKtXY2rOuXv9WW,0
2U4kPiipwfc2oHmd0nGoj5,0
10bbgurV9w05vJVGAX9jYq,0
49vwUeeauJgEQxDViXA01C,72
0tDSgSmZsbxCkdkfUPjg59,72
6YLJCOynR32U4YXtsvzTdC,0
4okba5wu9mMLXx79DXLKi3,0
40LW0IOX1DDxqvnTLpAKrq,0
5nJaS3PEpyPfaWiLxIGtRX,76
04uA3BJ1Rj8DBKkpKCABJx,71
20ZAJdsKB5IGbGj4ilRt2o,0
09QZbXkrHRww7Epv7qSnL0,0
16KDdey3vnSBWwqUZoe1cT,63
1pLCpA1RN8avJxSD3ZCwhj,81
2oeyvFG0mFFDHUxhPVObNk,71
2XRqhe4lmCQVaUWawR5wRo,64
4BxzNZpcm1j3JczZzGNe2k,72
4Xtlw8oXkIOvzV7crUBKeZ,78
5I0u5YHYvA6fQZstVCFwqC,0
1lxswgIpzV6HhENRvkflES,76
56vD8HM5H08hknJtMcNHOP,59
6GrPaW2OIHuweYcVRoYbmv,0
25GRgMoXezppQjLjSDLKf5,0
5XxOOXTiDicBrQXv0PAAH6,46
4VKI2yBkCE4mWhFBwZp0LU,0
3rMyZL6J4t2EeZKMTD1UaI,28
7oYouEGAQJpU75CAWFEMi2,0
2UYXTSZkSxWJYGpcd64SRO,0
2qq5HTgeJTLL9oY7b4X16y,6
1NrKLroOjLcSXtlq8twPrc,0
7syG2WcnpcoJvxSZT9VbAa,61
15PxHZffHMndHQjmzYuGUv,67
4euqcj46E0OZBiz0NjR4mO,0
4Zil8ro7fhQGVYXl2YYkO2,65
4UxD6L5uah5Dvzs5kQwThG,54
7d05Cx72W1WsWUw7MAD7ia,70
1ZE19OuOnqsMFB6V9Gtzcy,0
4oYN44rloSqxabqrSgIani,45
3tI4duDhHmmz1Sp7RX0Jbq,68
45IOnEpVUdxWUZFqpZ7Xvz,66
1f2AyplMMO29MHBkjfFRmc,47
4h4aAvqiftNLS5XeookGx1,0
3J6vrRMz6EfwH2sgYiyNhc,71
7rbtNjuh56l71xV7Uowf50,62
4UPeS038Mxup1H4bl0PsS8,0
2OikDCslmF1Y04Szgbc8Hl,62
2vWWy37CDlDlfPipzb4iIX,59
0uJrYOhFXe4Y86JXPPMqt1,0
7Eo3fkg16MzIgv9SxxSonH,48
1b4QQFr0kifiSkzHb5kni4,0
4EoDcHQ7lOj4RGgRibFLXh,0
5c9CsmVAhOQ5jQKwmNd5fk,62
3iRMZq3iIaIBW5bH4VgWtM,65
40AGTob7V8pCDvvXERrCu3,53
46DW3fyWuL4VZfEwnyWjXg,0
0Gh6QG4Z1pSvIo7btP1Ux4,58
5zuE6KIynU31uACRF112R3,37
5CQzOnFWI0liUblbHYVNge,46
1E0aH9vpDU5cKRMFbfZac8,0
3TTragde5roTvwS2caAQOc,0
2DFn7QiaiaNNWXuWLABatP,38
5suqjbw9bF0T1X3HU1oG1v,0
0JxHWujXDT2CzLWlQXWEhE,39
2XCyOEiZgavc6tH2wA1RCe,44
0tJCo71s7HT9Mu5Z4juuLw,63
7kxNb4wurmBtqndlzREd0J,35
4vK8Kvyw1mabkMXJqbZOZT,53
5mj8WVFcKdGA8p9HWGTSLc,62
6zw6EBrOdGTbKzC0djTOlD,67
17UUYZ290omPaJY4wKeyHh,52
7LLXLd0pisbEAdIVK502VM,57
4SJHHpKhcuXwDsCsPqshXj,82
36dhj3CSJ2gsED35rBswno,54
0VKkyBKCXyR99navhVRqcP,83
6XGfoK5edwViiZlmv7kQcE,49
5bITfqKGaPakO1l99hOMsI,0
7929JFNqTV6t6wWWHzpaVU,50
7IzTqlcNIVONE35fEgj9w5,40
6dZgwCrQ2cPERXn63jG8PY,48
5bY5dJ7CGyNRSo6icGUo6H,0
4dqoJHdxf9Ez4DDqGh2PBc,0
4z08BpmVeZVdthD26JxkZt,0
7gPRIgwzddQ7jga1sBQtJ6,46
1veR44V3fx9onyZ8XUr2vU,0
6HvD8JhIe9Mq6gyql32rYb,49
3fAwTY8XWSLxyX5Rgungap,47
2AY2vE3UPgmHPzTXUturYv,3
3nQbCPy1vMFtXb4XEpOmgC,0
3brBqyulqpUm0J01izS0zG,23
7FbKipScVxkjQxQXwTd0gL,0
44USJjR3VZ1Hdb5vQpZA9z,17
5uNOpdHMpFV9RxZ0qgNGcD,27
2lllz0GoFtRdHMaqGlqcoL,42
0kMQg726G2JPUFdJgTxWJf,20
6fatMybX8VmHUpaxVcXzrz,0
1nLUqn7k3UtUxuqdTXiJjk,37
6EWWkqE4aFlZRyoFwwOT8u,0
64DUyW0uBPysl6OwY6glOi,0
2rCelCOVKJRyzef1zk8aMY,14
1KdwnsWOvhM53vezy5ROuf,65
6bLvfGI2XeU5DTl8feuNrk,66
67OKX8DNYygddabwIjExsp,43
5qFeMRz4TvetPmzjre9Dq7,73
3gE4eQH3K83Sght0ZLvuBK,77
2k6RWRsm2yYD8lOJjer5qa,35
5vCjGrZlBaIeOR3uoYIAeE,6
5QyUhnJWnndTxBYCA6EMRy,0
7oCJsC7MEpcr8ylb05vLm3,28
7JGUQpRKKQf1CfZFBVYPxi,0
0SrNEzRKXRZIq3IT0nGRuy,28
4qgdySrAI50O6G6QxUA3qY,1
4TdhjtQllxEjOcpgrnlRZr,24
1oduFGIaBPzjTcYf9mDGAj,25
1w3wuuSAq0F5nZuhsU4xiY,0
1xaBABHhVCk94lGVC92Yll,17
6ofuqm2qLMi9lBFEF9mJMb,0
6aTVBkV6LdW7dNfS4ra9du,14
0o7a7DlKr89JrTiHsQFUSa,18
4X0PgIZFO0mYwXOwdFpDEr,1
6fIVDVyzymH4OAlNhJ93k3,42
34ZngZgo8xicbt1EE8Ob8Z,70
6pNjmMB8FTMEcqGSgs7Mji,48
2Mb4KHDRhUJ3BoOZ7lGSy4,39
3hb5Xe5VB0fj4QWVLdeBUR,0
1KfrcxnOLyDhd3p4hGrhVe,0
2acGrERwIyVXsbJvvqS9h3,6
4NLcgBskZkUYgpAVQF0sNI,48
6ATIufHUOw1R1A4q46BqrN,62
0stKSegkdrfLTDvm5sIO38,55
32lexhcz93AinKK0qLTZaZ,58
3f5lA8nnc4YYF1qf78WpHw,75
4e0sAwSNPxK9Zn3vnZoZ11,0
0R7DSnSibvuE4PEHqUayqf,2
4n4CBlQVxxnU0MHGO5Mqv3,0
7EjH9riHigml4DfyaAoHGr,26
4YAcCjGlRfpcFLyxiI54K7,0
6DxS2ZRl8G3EagHkovYXA2,74
1ji6mY9Gv7dO48rohMIr6p,44
3syMVJoaLhRKAw9r9ZB9qD,0
5v0jVSPTspMrhweCCEfh5b,0
4nNeRNXmdZWfw3IjAnITZR,68
3nCFiwtuVqVJmnSasApvr3,1
1XJWsjiN9fD6AVBBBJ0sfg,0
0AAl3LtvIhEilWXZmYHeh5,8
1ljnwB1bv0sXnUKrmx10Qy,0
2QNRG78xcJZpLyXYX4JmhD,0
0cpzO8YjhyR8JfLzfm5cOr,71
4mM90OUhSN79RRKT0qv4dY,0
4ObjArCiona7v0xbZ83rUZ,69
3fNnPoIaVT16aLZnswQdCV,0
6ksWMnPcHNyNoNf3y1BQCO,75
3XaWuYsTtnkzCSBr0RmROc,1
4s7DK08ZqqU5EnjvQ6Vlle,62
2BrfJdTXohQRtWBKsBTIp0,71
5SgN4mSGVEZ8TZQ5YSsKKb,68
5A2fkyeIbRqwXGkIdadL5q,66
3cen7DS8IWL3XADfzggKma,0
58smrlsnspzIZKaiSJEJ6y,0
5IhmIlLgSpp9GtztqrTP2v,0
3E2jVBZU7fjRNB0m3PrrhF,71
0dA58RZci59FbrNbNbhGJj,0
2sz2I6oIk9BqC4Ow7KbdGY,0
7LfXCNzYnWfTeDRDe1sU08,46
534weu3DIwV9UELLTGanOC,67
20Zj7TB00BDSp7KLUJaEvU,56
76tsb1MlePUaN0Y3R8w0KO,0
1JV7GONwi6qMLb9J7kcSTV,61
2MrP2Sv5Zbj1qckTKD1pVn,64
2cOLPCuhMrTzrErYHwVFAj,68
2sGmT34Yii7lrcrtxC4Pkt,66
2y7EqBBJWdsha2YKjB5uHy,41
5PlXm1EYkNmVH3o85Bpfql,60
6NoFVCCFpjWsHVYvinUeZG,71
54rF7OkHKlNJFuePn7sBsJ,0
0m2CS9McLcfM6UNtUBagyn,48
27ALar3f8xkLfXOrKAzDkg,51
1EhM7nYYRpH2kzPdlnEpHa,0
74rvKEvmGoEQnJnu34vil2,12
1pWAxwbITR6lG3kuwyWrGf,0
7gsnOUqQD5rm2QhsnbTEpy,60
5tTfhWFI9lt6FE8Emp1U6x,45
1dNTcbUtbU3wRxKBCno6bd,67
0798D5Kod1iRzqIVaRlpZJ,58
6iFgpfqV152RVIXSNfQuhj,0
0pv0URPkbZIU4Jyrq47vWc,0
04e0UD928HhPrufz60LZ3e,23
09qIdioXLJPGXAM9zsy20v,69
34hqsdmzodHbk50EnoSefY,61
1FTTvjvgX2Qd9ZJqo36m1C,0
33y08bwbpU8Fn8KzBm5lAy,62
6X8pDrhv1pnurPSNUyizR2,0
3DQLEEsPTaXTKay4QtDbfC,0
5RqdUkvsV4BOXpFd5zbXFt,67
6Gap7FCzt3a8Su8HzW76I4,54
7zK02QSoQlMO0RAVqN0CI7,0
0kwaKhIcaezQuShga1djFA,0
38Mzy2BNRAAHQ1kzMdoyGw,40
4zK05ecddIq3vfd08Aqi8y,59
1ohrqIMhros7Gi7mX80WB6,55
1810h6qkazO0NWahk1TyTy,61
4KDInmaLE3gg13xXfGFT49,0
4SarxFaP7ObsGVqqztIjTO,59
4EKZsrsCKyqr64FBHLc0DU,73
1LIqNVhaIgxXUt2eVoIQJ3,68
48zFZh27QU5qsrBjn4C2FA,77
3AEZUABDXNtecAOSC1qTfo,75
4yN6xPLopmTLvc27pO9LIE,69
4l3xGFwoTinvYxsePytOOf,71
4RGKft6YTTWHjpQeRIInuS,70
2vvdTrdryjsl8DmPIMDWZU,64
4tPL9PeVZY4c0jUPtSD5nx,68
0ERbK7qVqveCaBWIiYCrl3,72
6rPO02ozF3bM7NnOV4h6s2,71
6jA8JUuPCGYjFcgw0AoM5T,1
6J1R5wtPXiHiwiPstOSI56,69
1Ej96GIBCTvgH7tNX1r3qr,70
7uH27oIt4a6cIFCA8ZPcyG,2
7g8YaUQABMal0zWe7a2ijz,73
4yVO0wOhXsZC1RuPgHP524,75
6tT4Ks1N04Ut0lSQ3xjSaZ,57
4cExPgw0EOYCMJhk9HUqjK,0
6ORMS8Ep717H3vzQFahFiy,36
4a5nDDqiQX6a79ukmrJmGY,0
7aaj0oNqJRdWIEfBj0Vim9,39
1IDFcb3cjkj2dhv3UaxX9b,47
2XXMDz7SPZ4mSFN1PXfHUy,65
5q2JbCNi4FcnglgPfxcV65,81
4N5qvaVICVIRxBXGW3FwGa,44
1DcxnVNFAyVl2sDQ646pXS,61
3xcCix7Jv1Rp90YVmgo35D,0
6PniMs08lEakpuRp2nsMGv,0
1m69ELEgE6k5ZWsap40ozt,82
28O1p0bQXH2F6Qn8jBZZR4,59
6kTMnty169llVx9sGHb6LD,71
2Q85xwXagilpHKTfdrbC7M,72
0atfY1ew83Ql9nNnJiD2t5,76
6tkMQQ5bJ6g0YF6d18iavC,64
0MIcPSq9n2z5H8TAfEstri,67
7DM4BPaS7uofFul3ywMe46,76
71GAvRsilpo9pqd0vYn8Mo,58
6qDF4wWL49CAVbgT7yuHl8,0
5ZFpEsxK5VlLkJi3v7ar2Y,9
0LKErfBZ5FbBiLB4OcZRbL,54
1o6DL0otgQMsUebziSC7kA,72
3ao3OVxHlb3C08vAaApUlm,55
4z3RCjcCBdDFqYlrhDglXf,0
5YzA563GXTuwQaRq24z1k5,65
0uRHot8ml8U8cYVwwzMwNT,74
3Ga6eKrUFf12ouh9Yw3v2D,78
4ojwGTehgBRAg52jbFgzJg,73
0r9d60ZYPAlFHq8qnUtkXN,0
5i50gKdLAjjIr7UxRT5IVy,0
6j8JZ34YSJ3Yf7r2n2IPCX,0
5Jt4zdXTd9y1zxihiNYQI1,66
5Y9fnynLlIvqtM710MHzfz,72
7ztcWZ0EB6akSzlb8BUaqG,53
36JI0KHc591i9liHaFqDFG,64
7pyEd6g5y7SYdKNgRtleEB,49
41IrY9OFcaWVnEojXftyVh,65
6wHm04cn5HxK6pE2ITEdUS,0
2mIhnz6uEyGqXDaYUtr87x,0
4iDaYVSL0zwFLacCt0F7h9,59
456xBIOmLRoLzCvCzZrWge,75
0UU6IOw7aZcUIu0iW7EfVW,38
03nYlT73VrrZdiw3ZaTuti,24
2iRZ0Gh5gT0vtlibKSOzLm,0
3Nkqp3NSGWMXVVO08zGpN7,54
6jEZLz3YpnEBRpVkv35AmP,5
1WZ80MjGaTqyPPRTP5TJQf,0
4WEJrZwPMwsAUks6GOhnsz,0
7DBFxEnUbVn533sURMZMwt,49
4irhLbic5EfTly8TBXFb8Y,0
3Kemg5QPEhEjOiWUFrTkXX,1
3BffVF4K7OelPuo46KUqhe,0
7uUYUy2qLfev9ppNvFBHpX,72
4oROqjxNSBrVxrcSaW77Mc,67
0x6UyfOikAQ7GpiGaYaPey,49
0dgwWXkfcWyB2a2qTgEc0F,68
2NKRbRdRIcaGCXTq7xEpWV,58
59VfSMPf55wSYTdZjQCHN6,0
3bioEe7UulLcATyOJaW1Wh,0
6ukh1NxuelpjLOZBlcBCmh,0
3rFgTFJVdDBCYiZt1zdoQ7,0
0nssGbqC6ZSMx0OliWCkHk,1
4777sGsOdoM89vPH3CVoLe,73
6yWUeZGPO7wels6n1VKYhX,0
0Pcxibs5g5xQy8qAIZAm8t,27
36cIxPAlW73RVpjEw2k3Ac,0
3AJo3zJlpWjibNiywSQa42,0
5YiYgzELh2M8I3LyLOMnNz,43
0RmXtDH1cBMGImRrmn5xL6,63
7AwCvK8ONNNNFe4Fsqv2fD,0
24Ys3m6hKQJlftrhCYSwgP,60
01BXNQilWpOZxGLU9c12Iy,40
5EAzOhzM3pEnfASMteI0Zo,28
1YwPNemawMgGe6sF4U0FTE,65
6n5hSi8Mdyee0XvsmIffeV,0
54FoR5osiOJtVae7SCdSnq,57
7ch7IMYm9DaujSfI1ToSzu,44
4tBG5kbHC2kZaKbYcD8JRC,36
3dUWDwfw7c1no8AL37PIJZ,0
7IpRYJ71dk98P0SmgnNLYh,62
3yaKfdw6Hd2LX6zmTXVPsK,64
6QZFwYqa4e2wwFWehnRyC7,0
5C9n2A1V6nNyZY9DhOZTue,10
0etp7oCgGQqZrNyyE03bkL,48
551lELbjN8sK1Va8qB71gM,26
5iWC5kTyd7zdbjY48714rR,37
1B8FIa1Z8vzN9xHQHP8N3h,0
0GmiGIxXDNrePrHBpijYDp,78
735N73RiMdFDVV54nj2ZMA,47
5Q3e16qE1RE5oilN3ukasm,53
6EuWlqhvkWyJMW8HQxEfEA,51
3r336reBqogLmUgTpXzWpz,26
4fARBgcUy0qN2Pq2XHo36P,25
489YQCIt2Mi0P1lRdx7uJz,64
5zXY3oPJXL02WitHCHYX3i,0
3wSVQhalmgJVLvXieDOPZf,29
0aP9jlARVBARQA7U46y4jy,14
0Z4mRtb8Uc8xASEhGUlUyI,0
6xqbec9MHRmW7qtEINAlRx,0
1CbAld4T4IexP2udP9nCm2,0
6Wtw3rBk8YiJUWdVVhFGEI,18
5mTrdbPjPCjKVIYhsUCtna,53
5MFAwpOy6NHboIXFCsKiTF,0
4KZ7Pgwv14Bt33SOfzL5ad,0
0jBjuo9ikAfl2gvwqwyiA3,0
2Mi5pmbYWSCu4F3RQ4dN5K,7
71OCXnQmVnBImuQJwrdDaO,0
3qFiDBVE1SmltkIw3IuUPD,0
5rCbkHtW0m3nz0IxxE0pcX,16
1ZsKFi6ExYkZ1tVHfSind4,17
1GibTpoHjjPi3NeM5coGiy,0
4xjgqApMW2Z2Eh1LC0i1tC,7
5MThVBmd0oOd1N90nSAYy9,47
0WdtoSPuxXXdFzb7VqmbyT,0
0Mh3iJMEPtCjM7tfJYdFnA,0
7BuwIu7FU1R3IxWDgX8HWm,0
7scQgTTq4dOhy0mPWXBaF3,0
20TnXqrq0vCKVGNP45VEAg,0
5Dzz3fYAlIwK8vTUmJNAwN,43
5gHilmBlJtaac5t0iK3Weu,35
0qp29frhNoklK9WvxERqlS,0
2x6X7MBtVqiv1GnLNnSm8e,0
2xAXL9sumTKMz47H5FN3qB,0
4Q6uK1SZ5hQhZGvhSGe4sN,0
4NPw4OoXoC6ftGJfRhiRzx,14
3mRC75ORY0GOABiqe1uZIg,0
2UPfiKisNceDee4VFcdoZx,55
20fQVuio8RcGPleqONoGx6,65
0nDI66E3QkCqeykXMMBo7w,0
1hDCvZHOJiUbTPHLGjuv3L,0
0vnzk4L0JyMODSqLp3pHwo,61
7000lIDeQQURNIsLINOYZo,59
1Koxb4StDE2K7XsuDunx76,63
6s2T0cUL8fCxivUgxz7sBE,62
6ppRLoJ9FETtXtxWmYhcVd,49
4yI3UxqUZPbmHMUb9s2dPa,0
6JcNqcCJ7WwTodHf8AFECs,0
4f49sFQko7jHLEFd3tCf5p,78
4sVdzbLsgnWoFtDuoaXzWp,45
5cHif8yiSnilVYFqTytxOC,56
7dLxiu3Nd6KUg4y7lPnABX,0
4UkEnTEStVzuPoRB27sK4J,0
2QSuNcQxqFfokvbS7SInHG,72
5qpmo2whVFdiekmfv7FRcw,0
24xHrSfv8jO3IZfmJykSnZ,0
7dDMaJ0yaGUhyF6WR4XJLr,42
76mjPF4HMKDI0sfCOCQEFO,1
6dSoW6hE1DZ0cnGbEN3tMs,0
7y3q0izJ5weq86CLTu71u1,0
5n9iuiNBT8jYPJOPfKWjWU,0
3kD4wY5ODucuaCv78278Fb,0
5oQDYIpN3ieXNHwXAr8TXf,66
65H6t1WQBim6q93yM8fEwn,80
2jQeX1fMZo5z82w3BviN5x,71
1JhC0lqohQVWI3cQnHNtYM,0
5dg7bnBMVAEtXHkF4UZQlu,61
15oPFV7Fetxj4F8nh2XYqA,0
3FwSgJI8kdxuBJXHGRLhOi,52
3NgDulHteTVdF026IxY5bW,70
1WcQA7YWCWb2uSlFbNzBr3,0
6Lu363Hr43l2KN73XNRnVD,0
1yBD8MNoNJGajzB5X83p9Z,72
1ebdwj82NxclF7BGoPfxpf,0
3ZjflpZhIC1O6jzZNAEkap,0
0m0GZ74kSWNAh8I6NfuqMs,0
3xGZOoLTPTiXJ74AKf75G8,37
1HPzBInBPVJfSUDNLsTGGn,71
32B1GPGcPvCSF6hjlp2fzL,0
79hFDxp3n9EM5MA7Qq8teG,0
6JFsaLR3DbdbBSmr75DlpA,0
4PslQxk22ZmgBrUHmDfy7n,0
3ma49DwYi8hgRyqsz5Rdw1,0
3AiSzVa7e1thtKKnJfs03I,51
4HCsKNye8SYImpwXnurwmN,0
4KAk2OscoVby5SKtNxEeI3,0
2nF6ZfbdZ6j6pvCoOKm6KQ,0
1RYl3mFu62mipziyen5ujo,0
1GGWJtPRdLUZZVysI4sTdC,26
4RnXwGmNg54Luun5PWcnzR,29
4lZTzhpL4y1ywLjdUfCDCL,28
4nfn4q3ygnHhriDyYW6Fkf,71
6OddKiFLnI5coE7oTlA2nP,0
7hY8tAAC9j8KFbStmpSamx,0
2i4W9YFmMrvMwVFmvDqLc3,0
7CQ19B09dEGDeR9vj62ay8,0
40YzxIUtUzfe0dr4PPMo3u,0
6xqx0dnUW21a2NJswiZFLa,0
1tJYh5KsxHtYwjh6DkNzjU,0
4rfZm42HO35iozVC2LuSLF,0
09iJxFlCK7k2IJYwflXZ2m,0
7aRi3zWa4PoUedNfK2QLKT,0
4KubniPiLGAqBL1VY9wWk1,49
6W3ZaOQ1pAw1WDMq1Ljibk,44
4phHbFt0h1NRXIgMNM8t0Q,0
632nG63R5kBknT9pzhpKeU,25
05VRFiWEU1qN18j5XVEXpz,5
5L50WiQMugsDZE2kMnmMBT,14
6HYI4GiTkYoaGxrXELsDjz,30
3XsqFFCOn6oPKt4GCod2wP,40
44DCGBt8P6iZPd0RRsZiMw,40
0J67GkSvZEB43wKHX0isby,26
7fsF8DaxT1pPWlL36Qq3bA,0
7LHVyKxG4rVSR96px7ucg1,21
5HMfwrPEDfefOt7RPWvjil,19
5E2QmH3WtxE3NxwZg6Wi2y,30
3Jg5nON0NCou25hp6zW6sw,29
5UVa8Qqb9L1dVxl3jKQ5J1,58
0vroSl26dg5rYoijJ6wV8M,14
1AMMH22Y62rF3PDLTVhIFL,35
78Jbs8SDSxRDvnkl5TNi2b,37
7eiPStrJyImxzR9jumURZ3,33
1cYXPXbIR0FxurYVMGnwIN,42
660eekzsNZ7sdATvfIsAkR,54
1eirccn7AvthKrKtU5QwQP,21
4Yh1LSAj3nsbaTsEIttCSO,34
0fCtb8ArwN7BQemsyme7Jr,9
6yAVpD4Xat92lPlv5VMc7S,23
5Lb1pjnll07UQKxNpnnGBy,52
133W87XUq6un325yz5BTpq,23
24wIxeVejXRhYJPrOFpJbg,43
77eLBhhdkYwEOptOKfkXlh,0
5ufaGO2pqau0HGBLSSDdiW,20
3vdb5GCE9MRsRcHf3t8UdQ,29
1GbEE9qAmGaZ1uO78xPiMC,27
2pWOMNQJW3g2zmGjP0Vkb0,61
1sD32hk8V2vR4ME7M0rPT5,43
0Wk1soCBUANdaVPHMOYBQt,0
3yPNToF9wNPMiNQYNV20i9,0
5HSvigdytRTa2T4MbTNjEz,18
6alAKmhvWWtLOfoGC32uez,0
5yRttbXu9VpCZVNy0gFcge,0
7vuTGX2beaUCUSE4herXc6,6
0NaOth1hhXFDxvaaNgJOC2,28
2RcvZFouLOTFZbQHr3nhOj,43
7M8K2ermHPnLJildw6F6EP,0
3lsGx2tJnbeGeR1U3xYZGS,27
1MGBV1Uj0sn2n6pNQOdCan,36
1SecZZ1PFDam8uCsoQ7BnO,44
68Mb6NjkX5hX6DuqHaYhHS,60
22sESxzbY1O1E19xjOTaYf,47
0gVzoccE87SIDksf9FuPTI,23
6U2NuJILEOEpW2tVCuqKHb,64
1s2B5cndbqK8rPJEIcKJRQ,0
2cYnZNzFRFK0H7vSNxPsUq,1
4Q86Rla975iNHXmZg3c7AT,44
5MPQfbK3LIOyPT84WJyD7g,53
1XGpykJn12N7EQHtyerLKA,50
07eET3PAzpSz5CLE4wGgN5,67
3Io1rWLImoNqs1r3gO353n,35
7FJoLwCamxhR2gEw7tZ5Ea,0
3Cq4jRxYpWHHgQGOaGZcMj,39
7DOh0tBGnyMt6C5OO7o8Yq,72
0OoqRZXnSrgIUAha3iLKG1,60
6bbHD9AvnyiPK8s9hOZfd0,0
1Off1r34vHtmkxZrVCqOJJ,0
7tBcKIdmbHb6AFwQcwuuDv,0
3DpT9GnnUbD2V2Qp9QS0nW,8
1aRbxVtn3PPV8qclAb8Hov,0
30xQhEzIyitPPrgY5R8frp,7
2dUDt3zFJdakZXwVBLpXfF,55
6zx51CmtOPDd6lFDgBwqdB,0
1hUxy4xuXlzRENHPg5Qqdb,0
4m2bEwpdeprzAh5iLJagYx,0
4uokce9WkteczJcUdscwxQ,0
7fMD9qIB16eSgKVyEuLwQr,37
4InCoEhx2DXZJarQiu4K4S,0
0ELGNJMaS77IypdXZTi2GH,34
03rZMTTFsdkZgdm3Z3hOwh,0
4n6VhJIUcefV05FMqcoWr3,0
3xhGeXyuKsATj3EqXxV4vb,4
5vWe8GcnCSCtyeCdpSN9xy,39
6XWVq9ryWGWZsJvVo99RhE,0
1j3Zwjd525JlYL1bhTx3yh,1
4hnCqMbhZtWiGnhbB1yyng,0
1JYKbarxvGPD5ml1P2O9H7,0
67bG5H7iT26q8ADWsfVWQM,8
1CzQ2OznQdedwM4dVSsdvf,0
4aODvtjwLMcNQ8x1xCw0uy,0
4t6rW1mKIKKTyU0RNBnS41,20
67L03LeXeZ73X7opELnh5P,64
2PyuytS9WHUXcqzR1lJYV0,63
5d8802FVRCxulddNtmjq2I,43
0sEgCLUAfF14s5oRb9cHNB,16
0DIIKoJoDnY1TKvrTQPck8,0
2r7mfzeXCzyrysTya4Onwk,53
1DnbKcNE0sYLK4LOmhtTv9,0
1Cy07WyWzbDfQyTLzPABQi,0
7IOeiuytwp88XSAU6LqAcV,0
42RNed8OKmgCKojATx0fiv,0
3yIPfuhFC9D2HF1OTWmonV,0
44f68Zu5X9gJ44ziVnaYoR,1
4Jp3DLQvixFXyhOTYeONqL,0
5TtUpDKB0bVmzK543eANFp,0
10E0qEebBnTrBHx4DvFoTq,0
6uIk27ADwVYHMSlOXtgEOv,42
5JDjxO6F0RrLkzAdIOG6P3,1
0wkDejER7XronJnXzY98w4,0
5YsF9N9Gv7DswM0KPk4iby,0
5Mz30xAlgBsPHWmOAPm0yJ,0
4WjmDJbLRRGwpJqQkWj02m,46
4sQ8nIZu9BEv7qqR9qgvrI,0
7gwG5KyFAaLDV73ND47Q0w,0
0PSN9gw4qdAqqDTaR3COV5,0
16r6flH0Ib6cL8liYLsx8W,0
5D2iVy2CGtBwBijupavbHl,0
5b5Qmt9Q99fPFCl4xFjOQ2,0
6FrItVl9YZNtY431CmwTkh,0
0ZhBEJBNEPjHIZdJZ6I1xU,0
6Z0LS8Qts9v9sR7N8yt7Ig,61
2OhYs5kq57o6n1YaJNmRth,48
0VBMr7vmDEe2rbIVSD92PB,46
1IL7OjqyA3vQOU2VGAN3qM,0
0vIx1UujIOIF512NlNDm5k,42
2uD8iz9c0XXDFwYgLJez1A,0
5rhdmtFyYixhT2XZPjzcGb,61
0INWoq84kaWrJN1AxiOrtb,0
7uCZiUZqnKSGBnr3YZTcxA,53
3BLIX3BSDnoozIeWqsnEqh,63
6cCvSU7rUJtkaEZ19p0Mzu,50
7JVIiaJPFiZypYSOMREhhA,76
12RbpZv9pUziDUoUNIvWad,47
4ORtTyAI664XzMpaniD4g0,48
3asvHT081n6YXopu6wrTiH,8
7AicmKMwI3TfSaYFhzYFXl,0
46xluCYPf7msJNwmDKqCrO,16
5wPhERt9izm1T45aFXDWPe,0
5pOu3vSiKrEmj65N1CWqOI,69
2heAYRpstdr9aPe8RjkgOw,1
6gokadtiVvFO0nuAoOLX98,47
6w5wRGoHWI7Ktt9lQBLQig,42
79zvVrn65ksbiGQxrtV4I5,79
1PZrHbJjt5t7dP9OGRxcD0,76
7KSXAZLs1uv0qSA4GktduG,39
4cyYC67XY3weSVmSLdKLP8,77
2Nf6VvmpR3LqSLfHvsduMD,0
3Tqf2Y1dGgr7j3mtunEFaQ,67
7rvILFySMopzPchZq9Bnmf,55
0BenZn1xELuxhb7Pjwyjxv,77
2y20Y2PP4EFCbdzeGk9WvS,66
3fgcNEuhaTEF5HfOWzh3pV,54
0bMRpUsk1IWi5O2NIkWsqR,35
0A7uLa2SqVK5s5Y2V3kCyW,66
6ywkJT7h0rIj8S1QKqAIDE,43
0LcnZnhSQsoa9Dc51tj3wa,0
1Er25HUjQ73Iqc70QfmZPU,54
4lnVigld8DSkCx0RWXiuKd,0
5fwFQ9hooBZoxdboAHo99Y,0
5Ji2qD1v0TGC5dlKIYA6Oo,0
0cGKcnXQmiyU5WKubrEmDh,35
0aCjE4cpIQxLQcaNAj1xgW,0
5c84PdxrNFJnJXXb7JiaoZ,0
12ajClWUHnrqZOeefJxVsU,53
42QpgFFhu8SIKFK2dp0kUj,0
7AObnx2EzL6FeYjmdjPCoA,48
6Ef0wY433zqQm9UsdJLFXp,32
01FBBpA6WBl3arX7pxTFwO,28
6kLqhRVxHP27rd51kt4Fwk,27
7uIRZRw4xM2IcfCP1sSwnD,54
3K0jtXM4i435C6dFQWvgWr,41
15a5yBoHJhHHWjKbyLO10s,44
38yQMFhgXnTFYOnxrbOv9v,38
4joRJ9BbN4S3PxvCehX73Y,49
7qvWz9AsvPmXlIWZ94VFpj,36
5xPgLR8hKsPWlOBnurBi20,45
199yJpWCdPhon2nlmLslJI,37
03wOwEbTS3JR2Y2U0TxkFx,34
7yxWmnTrXBxevDiMf2qrqI,39
4ETrFf4SEWUyvQRtnB2ibm,40
18Phat5S6ck3pIJItSA9GS,25
3spqYs23KuMYNRDv0ReTEK,0
7CUYHcu0RnbOnMz4RuN07w,58
42k1KeBehAd83lrGt1okiC,75
5a7zThH0zptON85G6c50R1,0
5J1c3M4EldCfNxXwrwt8mT,0
1WniHvhq9zTkny0WvGXX8o,1
5YTMV11r6H8eeKuHghbBql,71
1A5yplwEk6cJbAL63L6bkp,62
4Rjk3niw3vm3Jl0Num2DDk,21
3ofJQlyeMIigLD3hSJUyME,0
5kdTuoKeqdnblCop75wMuX,68
4gv9eyEf7cXViNTBXS2g5C,56
06nmhf5qFcn3qTB0anQkpJ,44
7jowCMiXsGLxJp9LTw6ole,42
5YRpDfCCBCNAKDGIlBODbU,36
6ixvuvnE27lFE2SvCXpWce,0
209gZgcfLq2aUuu51vOWBl,0
5hEM0JchdVzQ5PwvSfITeX,72
0qYTZCo5Bwh1nsUFGZP3zn,2
4ipnJyDU3Lq15qBAYNqlqK,69
257pdVX9mv429bZ7iUfkWq,0
4WuYrtIkVR8vTE0nBJwnJX,32
6s6CFPmlvquc5rc47aTblX,0
6ymFl8Gdfz0TiwPVDokgDS,0
3zoYkqS4y2BsGVShPL2nTE,0
3WM3XDNCzEsLvtp59D9oF7,0
0sXvAOmXgjR2QUqLK1MltU,65
6PWnBXeGVy2fQVSeloKuc8,38
4z3GJkrtH97Bj6fRta983T,0
2SmgFAhQkQCQPyBiBxR6Te,0
1JHHPRDCXts9M7mTyVN3Ja,54
4pg1CRAajCYbb1q2sZypPf,0
7h9sdbDEBfkWSmO4mzGED6,46
3cRJo0hXMcrXa7oLfAUU4d,34
3V5tB7nNQOxaCpI3jeMDXR,43
4BmLLPmR24ExGQyqhJH8i2,0
4lESS6vuruP6a79KWRaQou,0
6u0EAxf1OJTLS7CvInuNd7,67
5xMzazov0IHYllrc8U2K6F,51
4N1c5rmWOzRmB9SMacr5wB,59
00EPIEnX1JFjff8sC6bccd,0
7DrluKkTviBwCc8AV3VGmf,71
0Y4hwUppbGc8aIBmiTz30A,52
4178A5NkEjcsGc64jpBO6d,53
2SpfMQ5TuKsMj1trNwrLVA,53
2alIsNw1mqEShbWyO1HXZZ,68
4XP6qLtHI0n9UjIPTsuqe8,0
3whrwq4DtvucphBPUogRuJ,60
6ClrUcM3YpKlJhihx94Oel,30
2xNXEpSclsYQEnh2zEPtOu,0
2hNwoBCLppnljA7HVvwZns,0
3VoQDi87LnR500mgLkTtgW,0
2IA8cFA46DkjgbsRG7kKbp,60
3EFzexdYFIzbM2dusddMVk,49
5qaTxvR8tsEfivYI4lK3rh,34
0tY3FSfVVnnvnh7WXI7uaJ,24
3DtqXRrp2DTv1eTT9a28rN,0
0pCSdxwSZHrabJ4X1YH74t,0
4Xf27f2BIY6FmvifqxQ7RD,60
2N3zWlPKkLOMIiAOWekLGs,18
3Gs1ir6ZNemdTT8zQVYqAj,11
6AUqARfZa8MRwjE820gZ9A,17
0FzGFdvCRiFOjPx5gpfPa2,0
0hew0h04VY3ShVnbD0wOsb,0
4bY9hMnWWM20w7qfU6w1Vi,0
4v23f4oo8oqlBfVMQgj8qa,0
59TIZEX3JIZdtxCAKFwUjX,0
2IlBSkKiOVj63jpJUoJQoN,0
7AerKsdhVndT6uPTb4XXbJ,2
1DO8EPvRJ5IQ331TGnlTvh,0
261Gyp0T9iYGG88XApHyW7,32
7qOSeqtiIYb4RgOsTJWkvj,14
6eTttws0dMm4TijCy3YRC4,0
7MfPWDpcdvzMgxv9DCvqsG,0
3X3uYrKpdiBJmtJHG9oDT5,29
3ygJkiM5ciCK7WBdkdhWlN,0
68hsfx3ZutyxvSUCiNQ8sB,0
7F63g9FMFmGt17S0JCaZMj,9
5dRSTcqkkKJnVIFT4CEnSi,0
41qoqo02xkK6F9pnJT2FLo,0
0Cw57YrHhx11N9HgnBR6eb,0
4tKbv8iulXtIEpzHWD6jh7,0
2dMVmaxCaKCJz0jkSL8nj2,0
3c0Cfby526ojYHrnuK4STk,0
1S9XH424KbQOj872uSOSQ2,0
6JG2IGfpcPcGWAIbO7U7Rr,0
420TVBBL8YJYMGiGOEFM99,0
0US3WIJMmCH7SU4IdOMish,0
5WlhjJZckyKyKxxcWbTelR,0
4SH9JAYYSJlNAdP8PdZLCK,0
0HhQfJAfv7eSDTPAU47Cbe,0
5kX5gD4ygSg30DG18iAC5E,0
4GVxCtb2cAs1et06tcKYA7,0
3bbL4PKzyZZC31EwTslTEp,0
6W5UnsRN3VLw6YlqIGqHKc,0
0CV7Da7d7Qe682eEphuowh,0
6cgWU6co9tRxFO5qsROq4c,0
66dypzlpi3DCMFLBsvRU7M,0
4kOy2SbIbkqI55aiAVoe6r,0
5UNGnRLcqcZ6Su0eXJx89q,0
4vHvQNUejMHilqG0MP21dv,0
3yznAoJ3OW7cY0dNrSlIzD,0
5WDnXar6uBNtkubzeCLxP5,0
5QHqaxljJe9K8RV8Z7XbCZ,0
66N1dtd9EhRzBdx90rd568,0
3PDzdCebmJF0fUfBkV2IIa,0
0DuMda4O31V9qLjuVyyzb3,0
2asjmKILadyx8bOiSfCnYv,0
3xDkBTUWXKLNaDj69SgdAn,0
33XDa2g8IJIXVp2cWOCUTJ,0
3UawWeGP9n0IIw7iMA3YQP,0
4S5bLBl1jo1adf6o49e8pv,0
2bWqv31FvC0CFqMd5TIE61,0
4OR7ZU05M7WSsHmcbRK9MP,0
0n7rnVXa1j6x4g9udd4T1S,0
0yBXn73DLgQLKF21TNF1T8,0
7mQPISr9oyHTbQLKgcTYhW,0
5BKi8txk3VkigHe4OcpYUJ,0
5HzekjQF7xLqBVeynqprDk,0
2xdAzSwuG21jwToQstY5TR,0
6ryo5taaVeCBpXsDqueKxS,0
6lDMHbUSuk5RhtmBSJuKZ4,0
1aiM4Obm5kOAoZByTf9DQN,0
5B6sw8Wn9YzGcMgZWDYzyT,0
3X8h15qxmiBYhueBNsafGd,0
3P3f28jRSm6HzkoTTHJwjs,0
1Z8TbIMY4jaXOdLix4VoIS,0
69uHPrBVFB3QuNFc3C1MND,0
3sxHPpBjbPxqWhTiu6egZp,0
09ceBjuAz0mIyxt8WZt2eu,0
7gdYqJo35yb6ZiTjywm8ui,0
3UuazLUywKDaUDqnt8b3TU,0
4SKw9HUlLEmkTRxa6kwfC7,0
1rMgETb1KeTQmR44OkmqQ9,0
1ZD2z0jIc7Uv4vzAPlZyRg,0
3ZrYDl1qAMSc9Hoc43AeBC,0
2aXeweEsjiwJhuI0GBmEER,0
7x0WWLX1kh3hxRIEdrnX5z,0
27TXlpiDp0IWiPRzXaRbQh,0
2m5ZOMslzUGOCh0iZLks6E,0
38eI6U413p3iSQJwm3qwmh,0
0TFhmDGyFZ0M1A0jYnDAB8,0
7px7HVjooJjvkL9Titkyal,8
3sZAbUp9dp2ioDrOoH17Ht,11
6K8qrsAcsi8lqUSwmGHhR1,10
7MuIiZuZ0hWZR4nxeVWZUj,9
0ISvcKRAPbvg0sq33swmNU,12
7kDI9OPOPd8xWOS4RqWBt7,9
2MCpUXgBNjCG5uK9BJ6T0a,12
1nRFzVeoSH6ixsFy555FrV,7
4eELDIukufoLWObmVdsnnR,9
4Njv0a0Xsqg0TJgbRKbVmW,16
5sySYdm9empUTufLFWLEvk,13
16rClbxgQaEFGLdkOBuy0c,8
5kS5raK7DABAc8z3DTNiNq,5
18TrvLwk026xZpsgz6WulD,8
5YE9oK9hsP24Qvu31CqV2J,6
6U6UoE9LfZjeM6esvEdgCP,43
2ozmXacUcRBtSFKJqaqKTz,33
54j1DGv1K19lvegPR1pNlM,14
1u76iTmDr3WfJXETrOuEwY,36
1JeDkFSCsqcSF1jgJo6him,27
724NYR1ypcPyLlaje9TgFS,30
1UYn6AM9DnuagCiD6NXwE9,0
5fZWGXPXalNXeWkiqSHZb7,30
52Unz8y3t5z69XQ7mudzSt,38
4LLHvfvE21JQFD9ZKVCbd0,65
5q2MjTDby29ZOEigCVV28a,52
7xjIdqgWa0rJliVs23JFqx,44
2av09FAN9J7IgxCQ6od4SF,0
6UQIk4BqWX2u5V8UtMCNmf,20
4YAbSGg93vnCfTakr7KcmW,47
4Z9bCQgzQiPsC7ieUUJWWW,0
2hMy5zGCBCE5oBKalKWMCd,11
5VU2hajdO59NNjIz9p9dYD,0
0iCt0wDnoMe4Eg9Cy2zwqc,0
4fBzJRTNEKhriwYUa9XLEz,7
5XrEp3lrbyXzaK5kJ921h5,0
4Qh45lpxEv6NMp2GwBEIO6,38
4NGqRuAlvrp1b1U5ReEPar,0
4nqNqpty408dTki8fjpLHJ,20
6pMrghgcX9N6lljolACfrE,5
02LnwwnaanFpM5dZNArPBb,65
7LvtI01zEZI0AcKAvPIIUz,4
7F09MMhBLWflSJuAyp75VV,0
47vlYPtgPiHBvTDzwHYonm,4
5vOLEEbDyprZroj1xPKZ3i,6
0qye74bBDF4HABKjoCb7xz,0
392GJeq135q5wX2JO13dl1,20
1Fq7rVBKq5nr7tUbyv1QAn,0
2Vx4jCfUHj1q1LyLnNgkct,0
0GRHUAL2Fx9xJR4hydAKgk,21
5kTQcXGrvTxBQf0s4Hx1fj,4
36jDlsapfPtoIMps7H1j2e,14
5ntGYNA4DoJJfl2pLy0GwM,20
2lACaIy7bocCyGwJXGtwLy,22
0HsVEzGLqUHpj6EEhxOcp5,20
5eHcSqMgtjtFEyLQLP2PSv,32
5tw6ibIqJSd8eAW5G47wCr,8
2TxlLH6yPgfWdc6e1WPoiL,10
3Yx0ngO540ovQQz4x37zVl,19
7cKXFXk5MWkRo3lku9MBCX,26
5acfbEvjbcGY4t4sWak31n,0
6bX4n0p2EbzlkgWrmRMR2x,7
2clBdPFim3hBNnOxGucBFh,1
03jaJIluH1b63i50i0lmnC,0
0b0PKXI9y0kTwLhxhIsl50,0
17RSa90WTMCc4Rxh7hb2bO,0
19WjxdfHudPXG4MAIHaux0,0
4SyPOOM0UuoUZuox17OTk1,0
0lxSOvu9CzXNpr1KxrHEOb,30
1CcKjHSfALxxdzWt64G9Gv,0
7GRfnA3zE651mHrQnjklUV,43
2ywmoqDrldlU9ry9IiEpeU,8
3KIVddhGsdjDJDJi4RNt27,21
45f8NLNAthLQqji8lRVuOV,0
7zCrKhN2u32tUQxDuIlemt,18
1h75677yTFr5NcpJNqqFqm,14
5dkQXcqQB6RkHgOlvl41vr,5
0Qfc9VDw6NsOjPRGcICS8c,4
1WBfstEoSxWIrRBziERT9F,32
7xnAoCgRBcDCFl8Tg2G270,0
1sSJ9RmiIozRo4eDcTqVVw,6
2NVnP7qlKNUTtOC7OkWke6,34
01OFrVHgrV7ySA8hPMIth3,14
284kpyWYh7ZKKLeE4AuR6b,0
4RMkS2RKc0dVR4pj7m2LvY,14
1cM25iyn6zKOfnywTNtvyb,50
3NajEGiznO1cRT84v7UcRI,33
7AzBuQ1KtEsSVzUWefH3sB,18
3xMnd0372SfWyR2sxLNFmW,4
6cgxdda2Mhd4jtcHRc8lrY,18
7KudYmtzoot2YcLltfM5Md,0
0QGt9U3Uww9smgUnWANhCj,2
1K6oIHSzqcLpToFiwIDSI7,0
7lsZqSuP3xlfPhyZ8VvlW5,0
6aGqqVUErxLRSBSRqvtSp9,0
21hFOEl3CKRHmGbBNhvAVH,3
2vgQwfsIeahfaFrwBUtm67,3
2J0fZ5RZNaaHNRpxSxRD79,10
3k3pN1Z1DwEYO6EHA5SRnK,0
0lEgoN50D2j7sGNn3s0YKd,0
1BuYRMzDJXACuLLKw8UxDO,5
5gb2MjSKpS3FOf5i3XDtCw,3
1oLg2VcHLCAYQvpInaj8H6,7
0Se3MuBIM5Mu12Tv9M6Ajc,47
0PTIaDBvHcV8PwEQYwKnln,17
2hXbOyqLdYqLekrcY7TZFv,0
1meBN40Ku6TzubmHHyMEA6,0
2XThjBSUTyGe3UEY7O8YSC,0
68NsKQfuKRG43HgMhkb9j1,0
696DnlkuDOXcMAnKlTgXXK,76
4QPEwDdOMhY7rNS05mTyMR,67
0KW2JqqbzkzlebDjXI62OB,0
6YQlCOZnlFmqeciAh58fDE,49
6gbLpUQtUU8ojzbE9jKt5A,38
5EjNEaFiXpddlZglT4RoWi,35
17XU1PTSv4OfcBUE8rNYWm,36
7jHJ2MzIKO1kIMxGamKRKn,59
6EOKwHETwSkZ9gW2b6ASE0,0
1i3z3GR1JtLswOSJNO0BQw,55
2SXJE0Afzf52dX1OD9BMsC,24
7cohRKBHDeIVhPGlU9toqE,29
6dNaImQJF0Y1wrjMBy4KLz,0
6Ngm2VhQna3DJGSYf5ePVG,17
0kPIrtp3youhat1nkmPACX,20
2oeYjGXqPooFVy64aoqrJP,0
79JBjIq90BrQ8Ws0pUhlzD,0
3R8PKPTPgHApBhCt3NUJ0q,62
1dA9GzuP546CjJT0n9tZoe,42
1hxE8xAp7CrBsdpiRpiWFy,43
3nPirjzmTUAvvtD1IUOuM1,0
7IIZhHNWEuql9nHqY20yqE,10
5mjxFNxtova6VGsAyOLCXX,4
7J0FbNB76UF1rNqTLxN1Ak,31
1E2DkbiYapTkrz1p2wAJI9,6
0djJHkW5AIesWpsvLXQzHf,2
1NiTI21o1E44GSa7QGpULQ,0
0vFGkxCw2H1bd5cXq2Ibdz,0
3XNgsPXO4e9rrR17sj8xAm,16
0IOb3ODBaDXG3awyCTh4a5,20
70SvleFZgN8XM1vCMh68QC,0
2iGzob9G60CTwriOyUvhK3,19
2Ly4Tl8bodR8neC1ByH7aU,24
0uvJoks3RtakLmRXz6RYAO,32
0pbDSZcemLKgoJfeJE1uZN,0
4IE2MeCLguHgGYPBg75L7Z,17
50LC039wMtdkPSi7Bbani1,0
1OE32eQVokm7LP3Z5UfABK,0
4GYAyxGETbdonxYkFwKZzm,24
3f303JWYskqnwu8GhQY6dV,0
7cz506PyIgh2bMN90Mc8Tn,1
2arTwcwCHxJ5qTcuinVTrd,13
0QwT9agPoWCRFoSbcNLFId,30
5EOQGKM31o5poLsCeHQEdE,0
39bipb25GobAR4QtYISUcw,3
1tMLctnXtuaQnAUVGCE5Cc,5
2ru5C9h7uWBQhDrqa083h1,34
1006C36HiCFxoeK3jI4jji,0
6JjPBQfI2Y8nIjnm65X6Pw,81
4mUF66nzbY3OzhMkqDN2I3,11
7cex6yessTL6BioKHqra7H,10
6QgrtZd7jesLhayETrYOnA,0
5O96PXUsmAvxU67MAqUzDj,34
0cIadtlc6acyPFeWcSJlDg,53
3VRm1ndxLycjkMb3NbVo2I,1
6XpzdyRx97lEZUO5oYY4up,9
6orfSH8KcGkjSGCDHmyndP,0
04tmaeovxpMohaexgyAvBe,0
2jIUKkS79nJDsW0wFH7fSp,0
3cjmw2pVDp6NqCW3MeDGaF,0
38AuHaV0yZE1LGmyzhPQeC,22
7rW7skeU9ekO9V1NLlqnsP,0
3EwnwCYCO2mnCoYj5NLhER,45
00Hveeqs6yqFu6MvZ50rj9,9
6UIfrFY2ZcSiTHgYfcGp41,16
4l8MrLcITpm1mbNzlhreDy,27
2DCOQsX4W1SfUWsTcVqLgr,0
3iTllF0YzTTQqFs7894HIb,0
4A7E0sszYyJdFwCL9rXcC9,5
2zDvZg3SGSk2hiqa53RvjY,21
06w0oAWnAqdbWLLur7KcnL,0
4QrPdtlh4SkQu0tcZeNVGK,0
7rbtPvn8GtKVhwADK5yXgP,2
45RKuwuzuvvGQGj8rQYjbp,0
5FYzead4jdJ1YtBW4PpIE0,0
3hyCD76SOIQ9JpNK1hd5kl,0
6B2jCsxTgUC6rURVq9MrX3,17
4hWWznCKz0RvzBglrKontS,0
20g0Iatv8qyHzcz5ETphU6,0
2TUJkHltq1US7pmQOTniTe,0
4lwXoXdmRQvgm5Y1n5ixSY,0
4k8EevES7UPGwTwPdQyEDB,3
0kcCjSaPCL7B4X4Jf9o54D,0
7tJi1MZ3LF8W8Q0KLydmBP,0
0Ll7EscfdojxDqIfiFLzfo,0
3JpiZITCzjmUa8Ej9A9BDe,5
744HMYo9mM3ZTPGKOjUZz3,0
1WpgO57LCbQIZjJqrRmMmc,0
4TYlgQIwG0nr9goXRFI23R,0
5FWGGJCESP2aRV8iTkiLhn,0
2hcFV5muAgub5FzgquQ5kc,0
6fIRhByXqdptWDaVv6jPDK,0
0LRI2FRHn6EneMfcLAECGr,0
4kKxv6lHpsYHLufurEmUoF,1
7JTzRJgfoKxJk1hsAnDzom,0
0wluNeQun3skjhq9cZZTbw,0
4JL6SnaG10EkIzuotLyvsW,0
1tWBJaXRlYd3NPuqzRIfm2,0
3GveQQdwPjyAH7ML5fqw2k,0
3JpbZHX55gWmi0cBlUzguJ,0
6f08PTFbA9PheX7lc3cKT2,0
0RJIb2cWKEBtEMjsLf225E,0
11mVIu5EfAff0Gs6f0scby,4
0CvFxvCdXByGZbeBuDibvY,0
1cg5GVCTWza8bQnxM2FHia,0
6Sj9HYcxzo9fbCc7HcxbIS,30
68oQMInwDCYMyTD24IVkbe,18
2vX03yHcVtFUg2ZMuzhLhS,0
6bN4G05NL8UuY0EOergP6F,13
5sECfQlNNE8s6J9s9UJibo,0
0MwwaMVmfwuRep1oGyK2d4,3
0pgraOx6xHze0xbEzxFsX9,2
6nOlKKTDAU6yPfCMBTRdPX,0
0EGUDnaPVApfA8RAg6xa2x,0
0EbvmzXb9p2MNhPNXWai0e,0
2gKh5iVlnsnt0LylHVjipl,0
20ZjizyMwqdL1QJNtbBiOk,0
1urwvHUw8YORELR3sU0zZP,13
48QylARsN17UMJRVioQeaN,0
40k5kY5YengXaNwU0tp01B,0
6lOmfzHdghYI460aMyQKU2,0
0xsAtU9TemtJgyVnlDNWo3,0
67UNzOetFZaULIkGySWykO,0
3yUXF8GYnrfsREqustxp0b,0
53ZAPx3Va2YTtRdBCJCyni,0
6KrCPjBhvH6h3CLX8AMt9x,1
6owWrsY92TkKE3CvW2LsM9,0
6slWQh1APR3XI7o0lD3jIr,0
1aUGxXCz9QimNkKeiJtzZ7,68
0uIRrkPowPK1VLCKA8WVfe,4
6V1nnx2hl29dl5sh1AEMcE,7
2FAzrLMsNAGnRwveEyb3BF,0
7fKCNzXA9PE1sHY69a5jlq,0
4lpdQrp4w3n5NLGD71nzZY,38
1GUxtL2cLMXrtkBgjDevOp,0
6GxEpbOvB4dXgRF2SLJliK,0
5cBKhNt5d0f6KxJxziKr1N,0
7o0oY5wRcoV7oPuDhD2J1z,62
0OGDredxd4n2ai4IJjfLNH,48
3N8KmcY4Tf0tlTS2H2f6E8,0
6ZhLLzEjG6AezCj0iNi7tm,0
1ZGNIcjuRJLK7ewAOM3ZU8,0
2X2bn8tb5ogMSnHP90ANkm,0
1H2aLiua3VEig2qY0eU3s1,29
26Qhn2T88XqVinXQpmSarj,55
3aI0kkrfIJQLerhPZ26adr,0
6Rh1rwJagYUEbzoAXtu1LA,0
1s2VGd7q3D3UA3vuaHI7rw,40
26XNWPQRmKVKDYVsGLwZ81,0
7ATATJztoWLcqDAcVVof0C,0
0CrcWtJQB7bQE6S1yEbxnP,56
4aWmUDTfIPGksMNLV2rQP2,3
5M830cD7MNeiiwIGHzH9TV,52
0qNmz4VgY4iADEzeZeBa2K,0
4wFHfY9IILHLNwakPuFogD,0
79Jhw5xn4gGn6PZak275gg,56
3VMSMjB4Yx79FDDrmYCk3N,40
3sgGmPQD2J6aQduN36RDBO,0
1zsG4eaZmkA1dvjDDsAGLK,1
4NzenFNqsYRvrG7rLdF1Ej,0
33bnxcjePIkcmNjEFTJX0l,59
5uvucCRBTkxv7VxIDLOqe7,68
7myUDFaDjYmdXCmpXzAhvO,1
6o8ogTrSX8H0F66Pdz3Tsc,58
6ayCEojiJIe5d8DwXVlGU4,46
2K3bjojp1sCLdMMoO5lJ2p,57
6xrov7bSdx0KxLdztHEstZ,0
1RKZvaLj3UPhGjZkaIrFm7,1
7mFDv6NNIn7Iq5kzMmoTSG,28
0I6syWcqSUsZ3sXJEOIGsj,0
4IYxcqhcFFJ025qfWJeulF,2
71pEiUWwfDFiRO6RmFpnBf,62
1RijmOnza5p9CzaFKr8W1Y,66
5wBk1Z7mndjgTMOQ70lt8J,0
2AA1cr6PJYVnZSbocLaTFX,1
0GrGfs8ldZRWOrksG5uraH,58
7fODjB7BrQTGqh0hogW6XD,71
0ReT7m0XSd8CPMednez2jT,31
64kNRze29YqCFzFEpQCaHQ,51
6lV2MSQmRIkycDScNtrBXO,79
15JINEqzVMv3SvJTAXAKED,87
3STTVKfJGTdhbg5aLppEzX,47
5Q0Nhxo0l2bP3pNjpGJwV1,76
62zFEHfAYl5kdHYOivj4BC,81
2cZrrQMjB63c0iIugYH9zS,76
6qn9YLKt13AGvpq9jfO8py,84
2Cd9iWfcOpGDHLz6tVA3G4,8
3AGOgQzp0YcPH41u9p7dOp,60
7jEUxosffRXOZ7rNSajygF,0
7IUl5c6u18rzmyQOblj10T,59
1OLJJ3LRsRkin7XLvczaV9,0
0pCyoA5o2uxUwIovECCziF,0
6LBcHFbzmKSgGjZapRE2B5,56
5VMka8joGxOn1R8NJkf3Cl,37
7itCfKLYBNstSX8yrBWcBh,24
7DcgBezQ3XXRniaJIElpox,27
76qmmg29dA310thL57p9bN,29
5Hq99Ds2YzuyoTaBdvXZml,19
4ClBrZH9GuZcE7BpPnurbT,0
74HYyiPRTUORYZAJyELL2k,0
2V2s9scwJqfpBPnXNdCSdo,0
46HmcTD1wfSgiWhJ0MMaxQ,0
6eDApnV9Jdb1nYahOlbbUh,76
69ghzc538EQSVon2Gm3wrr,72
0yIywEquxORnu1dR0WYsdN,70
6Wiyd7AsRdXvXGrxNkbqQ1,49
7yws3pF3FFguwT2Psi6c15,0
6St9lR6dhV2tpCNVz7qfrS,70
4lLtanYk6tkMvooU0tWzG8,81
3YJkAQNEhmCZGLdmPsu6Ye,58
3rMsX63C0IZVnOT5LGYoTH,67
60jzFy6Nn4M0iD1d94oteF,79
0C4ejWmOTMv8vuYj85mf8m,73
0AH6WMe3OlAlUb5miXt2FQ,74
2irJDnniX31d1ja0a13q4p,48
0U10zFw4GlBacOy9VDGfGL,79
6qUSs4FDzZUdAhY6JDIJfa,59
235LXPXfi0SmOaS9TaCh3c,69
50r1EUDpmSZRPo5aIZpmWi,54
7fJtPlEZKxu6gvkfBFc5tW,1
4CpKEkdGbOJV51cSvx7SoG,0
334S9SWZMjyRDN0wrHw7wk,0
1Tt4sE4pXi57mTD1GCzsqm,1
0i5hJIL7yApCPcyVRdYQxj,0
1qLeX26IEu3kPWxPfyBMGd,54
4faQPCxOllqodjw02kmRAu,51
2LQMEzryklBEgQQE3X6Puz,0
63MgFVcIldlw51imFtcgK1,0
3IF1JYDcEEOCPtMxld4Rg7,0
1BygxKyZjq2xjQiFMkSFGp,0
3Yf8sVkFXThHDtkqtSNbpZ,0
5rKEC4enuOXJ37zx9OCz2G,0
2M2WWJE863upPYUrzCRjN6,0
2Zzapdhb1sBgauvg54dWXD,0
6OxmtqWyLcbHIQ6jvrzosc,51
6sfBQReZH9v9tYSs82Xt1O,61
3XOcKSqWYaLXMjZHDz7YvK,38
2wZ2L7AOU0IrmbIa6DXqYJ,0
09PGyODYYlVsL49N7TR914,0
4pUmQqaZklcCOB3rFdWc7g,54
5A32KQZznC2HSqr9qzTl2N,74
0Az3jAeIEImuTugUp33ajY,0
6b3b7lILUJqXcp6w9wNQSm,69
0S2qnVdqf8A8XXt10fWBZL,0
4AOpEhqA7zHxQjkHmRrAp7,3
0rHVd8h0cFwgLgPFem6S60,63
501PoxE6Qti2ekECimQeXK,0
2IY7eOUDjw2ArKYxKa2jXc,2
0rI56S1biB0efYypn7eNpP,51
16Ah4QqH4mgYVXqfC4mdSd,71
51Nwg5wCDDiqcTntgJUlLo,45
1aJARygfATnC8ByjyJBLjJ,23
4C1Smq2t3MVOPzsUPWW0oX,0
1HXM2hwghFTsbOA54isSP2,0
25gSVIBOWeUqXG8DnzpCCs,0
5J4FiKDJIdJ8AKx2gaWMt4,65
0Rj2yNpEvXOl8yn9UOuIRs,1
21ugcKQyclYBZvzmCXsZ9x,55
7LRJmZ6G5qHQEG2CGeTCji,55
1iqbvOlfRIkVsk6L54ufGu,0
1iLv1ieT9BZ3qsti9yTCnG,79
0jr6tT2vc4cIFPHb6wufG3,74
4pdLZsxq0y5oJDb6Cxlokw,68
1yM7GIEJ2QniupkEHOyp0a,37
3RIK7cSazP9ui98nJIXXDX,0
6NMNgWgEAzde5M8U3lc6FN,0
6nxQdXa1uAL0rY72wPZu89,61
4vS8VaBwJJV5Ry7UFIQuoo,1
56pOVpGoStk1PQpLGIyKmP,0
7mZPiASBnzei5lODsfLFLY,37
5HCMcQcylrXAj7uoGPKDmZ,28
34UzXAjhux9X7sID5lwdY7,53
3nXxENgerStJd7S7fx9RzC,0
1so3Diwy9pt9q6lHWINlfX,0
3hxrdVUhsIlkZhYVhluLVc,0
3hmjFpxcBeqX2ValXW9BBs,58
5icsFs29pVsNjZdv2ckUGP,0
6TH3cuw2MX4K3eGKrRXUxx,27
4d8Bqtm7ODdQLFXxPSuK64,0
4L5ag9C1m1gEAPs5KC3yuy,43
21brTVDh5Y3B3mA4z5yyaU,57
6zNPPFFrxmhpTQejOn1Wm1,60
3nLwLKuuF9hPRIfnGtHcAb,0
6NHgiZFCnfDzDhOD02GcnR,0
0nA1wFwYTY1kQ5NOjqAwYe,50
3AAufodtnqwvGMzklCU7qd,53
1WOL9lrdYoGoUmfZM0L8i8,15
01QhVHvkGqzO861Kl3GhfX,33
3MlEqAnrpzXR5dvhy8Y76y,0
3sRCesHh424gmCji7Fz9Gm,53
015ljpgRzoOEwCEST5CGbb,16
4339KjMRnlrI8up0Pq8aaq,49
51k2LB1iizPL9grpAkQrco,60
6gHPRYq8gTZWvp8myNF4Io,0
5BDs2KeMpNXSFVwCFOWD2C,0
17ESRfV2okvyEl6P7pH1ww,27
0ozd432IdkUR3ItM8ieKt0,53
4tSteFXglCBaG6sFvYCBVX,43
0AcmTuNAihP5wlws9eBwQc,38
6AOsz26oASRoCK1Cm1ioJP,1
3YVPpVJvJG2EauXurPA90F,70
5WwZeusFlxOKmTW25ImmgM,3
7AYEj2PVoWljyLUEmNUvGt,0
3h3WmEpqqgfk7YKaiLvSBR,25
5a3QwvHiJO4fKWJqsPkJvB,49
6WCJyL4KetAqEZYhRq5S3f,35
3uQ66wzJlRPBvy883oYCa8,37
1xRCGC0OUcavUYX6T4oDqH,0
6N3HyzopHHNVNmZx4HOrvI,0
5XSO16N3OQQieI0018ZDLg,0
3zOGILD2cGfg9RDID1EEsX,20
2ie1f44aVVgGQnfSSHATha,26
5DkcXm9nsEEz1LGCTTms7R,23
3LUUsUqIpjMUx0NJjHzDsf,20
4KhOfYSg4ULCbTjCLj3EB2,0
6PeUPMMz3cskGSKCDbfDVq,11
1JYfHi3cPAR8983cL45bLp,34
0jFwcP1btVnq7z5KkE0ar9,25
2MQ23MqDI0N9IVy8iaZddc,49
40bUx81llF44hfd73XuXe8,0
08PPWoWOXNWxWoMGSADdSq,42
1hx5XSk2uGFGBuUIROLGHN,37
4DAr4BlLbgpfUJ7iAwOKK0,34
3bha0QWUY1V3nXG5mzcnI3,0
70YbkeMhAqTxOhOwnw3T4p,43
1XUkeGjCHXUcus4U7WzYmF,29
5UMcKPOLRvFVhZdVM29U8X,33
5byYO8JjkxV27yQYo2pDRx,33
1k82KNC5Ds6HRUXbf6EaHE,0
5bLrBRYR92X7CddgbVhUqc,0
4tELPC3XSTG4KXntjidNfZ,39
12vZleR9JnHttHJcx2NJw9,50
1KwvqQzquDhC3kr6Q9JC8x,0
129cVllFJHHwSJuW4JnR4F,25
6Ib6spYstXrIWT8R0jAHoF,38
524wRHQekJJvQWtAIy115v,43
6Dy9ADyJYhwUT2wVqBRqBD,28
7AXg3PnjcmdGaA5UEgrtZ0,0
3JWcQsVAWM0OaFJHent1Vo,0
62P5C3fXhFl3PkNMWzGcoK,18
7pAFUKEZLgROw7CBtl9spL,39
3HcjZv0apxNeE34Et00W8i,0
0symbiCfmFvJDJgR6y8gkf,38
6xugsC41ONHG1QzuIA0Oxw,26
4WUGqL1huVHWEmG50hrLoC,25
6VpuAatFrhUV0Qhhy8Iz8a,37
2q9cjGRCXwJcp3YchwAQQV,7
35gK47sPzznKnaKsEpKU4z,0
3wnjAXKdsFmtKvDcYSysjd,36
11eAS1PTdMGIzzZ0UPey8O,50
5SVwYZ8kVz8IXVm8Bji6XY,22
7lhEshSCXjqbpn8sjQrLIn,0
5xWvbl1AXZmkOHzsM29G2y,0
7AERV8NHv04U0xGM5Wac62,50
22Nq8jG98vSGghSyBsIjMO,29
2bzwRD4vAbK2xE5Joddb4f,39
3cJORIh6ygiRm7qXtU6zBw,5
0sdtAStTSLikyTg9PTTyys,0
4OWqV0YrzAJhsMvVdBB3a1,1
5NZtSYopCmrB9KoxmpOTs4,0
1p5GFCHCm5u8t2tvhDqQ7Z,51
2CbgPrMwa0UWUdppsOIoTR,34
09PFYYJuXJ961Kp8ZIxxpx,46
6havpXIioTsgU3M4D6cn83,0
3OAZLnU0Ss6TRHtFZ2B6UF,17
2CIxyjm7ZCmGwJWdYk40L3,22
6TIN8hxzwxTt4v4aKENmdv,0
3a7g0gSKdcYqJIH4EldHXh,48
1NtIMM4N0cFa1dNzN15chl,3
52yOf7Ls1u5AO3cFIzQ58m,0
6sy3LkhNFjJWlaeSMNwQ62,73
5kqIPrATaCc2LqxVWzQGbk,84
6GmUVqe73u5YRfUUynZK6I,0
6KuHjfXHkfnIjdmcIvt9r0,68
0dw7G0QDuW7UwyL0boHKMU,37
1ExfPZEiahqhLyajhybFeS,74
7soJgKhQTO8hLP2JPRkL5O,57
1kPpge9JDLpcj15qgrPbYX,77
4vp2J1l5RD4gMZwGFLfRAu,7
1LmN9SSHISbtp9LoaR5ZVJ,68
4Ub8UsjWuewQrPhuepfVpd,76
48RrDBpOSSl1aLVCalGl5C,83
1tAutlhI9FwnKn7fVgmd5P,70
0nJW01T7XtvILxQgC5J7Wh,88
1qk9ujVgudgU8CyhKOx8ji,66
4XNrMwGx1SqP01sqkGTDmo,75
1gYMxXXGANfGIGXDFf9Czv,1
6TwfdLbaxTKzQi3AgsZNzx,65
0W4Kpfp1w2xkY3PrV714B7,6
2JZKXgq5zsokN01KWyiY6n,0
4ywvnllm7kpaXDsa1VNNpY,59
7gUpO6td4OOnu0Lf9vhcIV,65
6HkjpGIOHv4y0IBAxUbE5z,2
6qYGUxPjQt5PJtWdiNppZx,1
0ByMNEPAPpOR5H69DVrTNy,85
5R9a4t5t5O0IsznsrKPVro,67
5rwdhliMmo0aAQ08vU0AOZ,57
1jYiIOC5d6soxkJP81fxq2,64
2Fs18NaCDuluPG1DHGw1XG,74
2tJulUYLDKOg9XrtVkMgcJ,78
7a86XRg84qjasly9f6bPSD,75
3xrn9i8zhNZsTtcoWgQEAd,75
47Slg6LuqLaX0VodpSCvPt,81
4i2zhg5fHx4kSwaycOPJqH,0
7G6TDmGJXDoBaV6NGj3Yic,46
01DSvNTUsVROjnSF5j3UbD,0
3QFbOgWOqXEtOD02FMcX7K,47
7vS3Y0IKjde7Xg85LWIEdP,79
6RjKVXi31fui9m4dbiGRrL,0
19cL3SOKpwnwoKkII7U3Wh,56
6HZ9VeI5IRFCNQLXhpF4bq,75
2s1sdSqGcKxpPr5lCl7jAV,71
6dEnpbXyamib2EJnRhTt0G,0
0VGrgE7GbWaINRnh1bR4k9,1
1T7Htpf1kEvU9Adf8J0ekk,3
5xTtaWoae3wi06K5WfVUUH,72
61Qhe2mHSLhUE04QeK4lkD,67
023OVLNzXhX0j7CxswUt6D,67
59HjlYCeBsxdI0fcm3zglw,68
5s5t0OFg9lIlBFaCI14K1i,1
0Mn3amMRMoabaoTf1Publ4,59
4nS1sut0R2mgmFitKIShVe,45
7l94dyN2hX9c6wWcZQuOGJ,2
6zoG4qagYh0UGIYwWOpE1z,0
6NprDUe0yiLIVGgcnFGgtq,0
2cnKEkpVUSV4wnjQiTWfH6,1
400nZFg9JEXd9DTBJf1PE3,0
7fcEDkjCsB6ek5bgZEfqFX,8
2N85HU7TqO8lAmHA7AkNdP,25
7lRp0mTu0oAaN3avFuouoQ,47
1aYcpI8hXtpAEdBq8fp1pH,52
7kxYYjOYRO8HamP4RKBhJ0,0
1HD8xCyKYt7Bm3P0CbvUbS,34
7o3FMIu6KldnAwXaA8MO8x,39
0LQ1J0BCzA2qnAgp9MkkNE,0
1usoXi4f0BnMART4uActEA,50
0F0Y6RxLpOo86HMFmShOMF,19
3psphMjNlZ6AH8WZSthmvO,29
0UbMVs2WW36wJINYMWb0XH,0
4l0O19WwpjzbDGkdFtkQ6W,41
2q3xOAHgCol0d0iaGAZDzm,21
0B9tlo3EDwWazIPlyWpKAH,0
4T4CZ3Q4z3GG7lU720YYhM,46
3H179O48ynsu9q8LOnFQZY,0
6cujVaIoC0DpnAWDJfSMIo,41
3dCEtkAfWhk15bLAWZAKLy,0
4v3JgPvGZBqRnKfW8FCtfa,29
59iNA6gwthoTJ6IgpBGGHW,44
0FDMH2ahuIVzCybwHJK9zh,73
47mrfHUAdb0VOa3yanb66k,37
4au7FRcgZzChASRYu279xH,60
0DnrHiLuf4GrIYq5nk6Gks,1
3YsjPjBsU5QfBFVA9JY0D7,0
73WNR9fJWiTwrdKyMlVNf1,6
7iwhbx1YQcQ675DTj6AmAb,49
6SYSu569pfYdkDT9A5lZqi,61
26zcbVfaxpenVvQ3v0W5Pa,50
44RqvvU9FeCjcPHZz50jLO,36
2NuCF6AyI73w6GfMYGhaKA,0
3JtdSAwtEZgLrbJ8aRr72t,16
4SlqfJkQNAS7A5cvjBvQ3C,46
6elUdvgtbNi1LrD3jPLKpe,0
2nHojVjhDjkCy7spYlqrQx,0
5t4UEmk8EY7rX3djdFtXBo,0
7HL6wIxsT3aRJrUxfVowFn,34
1mnG6f1xTV1y5ZflTT6Zcb,23
55EVxb7lAjIAII0hWLYNsN,9
6xo25koGghvozILyHwuOle,42
4CVQy4t1gkQQWkZDzWrfEM,41
0sU0sm6IunPpIgszZloARu,10
1vaYGUPwe4Qmi7vsLZdVmC,0
4Y8oN01fJQqvR4fuwMPGlR,20
4nZdakpQw9adqbdXWvx0Hi,25
2kQ1WxNv3KKxPYFBgcRSnB,0
45fLqWh00Lqy13dgwWkF0Z,19
0cWaeIRKpvONSfktDzK4fN,26
3Azfxy310AeqVbUsx4Mqql,18
4v0DontD9QPBxyqfvEZyhT,33
71pdnPwplhMtpcz8UUL4rB,25
2dt23O3HIq4kHSNjZxAHJ3,35
6zlYaRWFJkEF8mr1CLkbMW,37
7DB7w71TX2dsjOzDCM2T5I,24
6XhO1FHfsNc3ULWDePrQvk,34
5ghr7gRNa6p7LONBPkK70o,27
7uCaiDV14JCg35hbKtaAAS,41
0qM5XYkTZeOSrWJzgsz2Nr,32
01bWQ4TPGmsP6FS64nF4R9,0
6JFep1ZmBTc9r38tOwTDIx,27
7uZac6dWgEZYiHolU9dgZG,31
2pNSi1RkuV0vNVRLI4SOtb,0
0yjK8OIi27RcHyXC8Yp4hx,20
4igfpW5k1vWhsUnVawdilN,0
6YjqFGodOvJZOjyquzEsIN,24
3MQXfgB6rQbtS5tDCZR1im,30
17DiAfqZlhE4RkDlx0UTM1,17
0NVycXLIVoCBxQJ0Lpbbz1,34
6alIH9pO3MTVW56AzSuDGj,42
5NmHsYhyHxXivNfuI7s1su,28
3zycyBK3RiecrkrP8NPLxu,0
5teddmNrgHKsy7Jx8rLFkX,26
0gH8MrEnV16R2YGzTHJpCZ,32
1J0vxvt4DVirTTZu711R0M,0
3KYYZUOrOvKuOdPhmvchcJ,9
7lsQNMr4ICSx0u5r9UJJ0W,29
1W0VrxYy1cCuaKe2ZplvMt,20
3aR8c3lE3sIZHfbYV6tK48,29
2TeOZuWhRrTdovEGP3CmrQ,29
3sgrKxWgDYh0thsqejwggc,39
2KhZcfqf9vskdQ0bbmZq7J,0
6bnwjfLGQgsdB3eSWWW13W,24
7wpSnL1WUnGfYWcrd8y2n3,0
0FssM3rIyBe3fZ02i3hYdy,23
0MnRaCP2vAeUEEFbNx77Wp,42
75YepABRsjjwo7YLU5QA0X,45
0jnNF53wBDWdMFZTt0ZLe0,17
1Ij7SCruCh2914eH7V0XcK,18
7JqF4AHCyokdICrFYF91zE,42
4YaKdKVcrM6Gf5ZALtp0gI,45
7b4lZWvZtJowzSEI5sDSK6,41
6in4nDdWDOq0T9WL5juhIH,22
36UAh8lq8r62uopY9Du1w3,40
0g8FVJPtUXIB1kKQCtBT16,0
71nHBn2WKYkjSlwf4GH0JF,43
2u23s4M0ATWN9rAuJBt0sT,41
1yLEdnmj3BiPRuXmsR1WaA,26
6ykGYmFGCSqfaMKgopoELz,15
5obmv1Jq1DnSiZKfYZ9vdQ,15
3Hww8CLfspuopHZxE4GUGV,34
1nYj5Hv2ON80QokibDMvOE,50
6uUSmhfdiOR7gYeTN430kA,16
442ctQ3OBBk8aMo3Ma3wRX,47
1SveOxUxAxhrCWBhdfbjQu,34
1xTRBBczIpKiqgFBrXZ6JY,0
4NUgjW9bM2c21LzUvrvUPc,26
3Z2AzZDyeu1Fr5HmKc1KJ9,0
1htiTRFICVGPkn7JkRrSRa,32
7FHswZNIRuGrq58FLFvZsU,25
5APk8dXNf2EN1bc34Tv46C,0
7tXCV0UwFwBxqum6i25you,54
39CGO7vhsI9eSzY29omwoC,0
1YOzmgmkf24jBZLVOwdMMR,40
6nIFwK2LmLoekOxBJ0SL9R,34
5vJxmMmw4fJX0hNxH6fVHV,41
1VsClV89BOYGlN7RITBHYc,44
22lVuTzTKquulGDUoXpwZD,0
0zalvf0K8iR2IV0DnFciqR,0
2Tqx4GFD1TfbOwBHZgltwM,11
1jBUDoRX27YLum3u2AEzJx,26
5AJuPOJW3hLErTdYmP3qM6,0
1MVP0lWdOFspDWcoKoScCj,0
3mBlNX9LKkJU8BM9B3k23Y,0
2ZOo4S1nhgSzmmKqJFkbAu,0
6AGh6iGWH5fsDKkVlE59Uh,0
3qSLaqWAsUdpf830MjlRTm,0
6CUojkW9BdOzAbnMryjVJI,21
3EsMtFNz93GIiPpnTTJGW8,0
4fCR5COPBAKXUJAhuUl5W7,57
0WuibCj8uDcWgQ9oYWXUXS,35
3FX1ELIrd9B6YsmJX2Qwao,0
0h9Pi6PtB9fOEfey5Rh2dE,0
4KjuEDEvjIR1PDzQQYhoGy,0
1BbfIp80N3ZW6jOKtwJzYm,13
2gAJ57AkNbBtPQOuFLrGe8,0
16hxPVDdazmOOo6QT2grK5,30
0M66M26ERKsVM2L4kpuFQo,13
1aKipNawDIPnC6gkXOvpWu,0
7GsMKEGCSTb0zHqH4qtRN8,0
3zL4exmKz5syzSXZJEJb5u,30
4f5z0WDEaSgYnEntCC4sRC,0
0kfK4EtmH6k2kiBLPqg20Y,39
5kNY827HpHytxb6a41pfLQ,0
6DlsyQu6NCdRaJvCk16A98,0
5Ju9XmTQyMuKaYcIjJgI0y,18
2SNg9NF6I2tZzk1OLGUsQG,58
3lMZAnQgm5Sjr6KDR0uZNw,62
5b1qkYsulPQxSn2mmBRDbN,0
2E32QoPYNwwQLpwlSCyIhX,55
3CEVQNNzwd0Plan2R5I5Yw,0
30VzjW1X8EMKmzKkUoGhCI,0
24yvlhBLVFyiEOZN6fWSPZ,0
3x5IHbEDkbwIYcge3iWazt,0
0gT1wHTik1C3v6f9yHFwLh,0
1m7n7pROGu954hTQtSVTYm,0
3e02dTpDl3J2LQ0HvlluJn,57
1PrbrfwL83xojczf9B7l0g,6
0Ft7B7xB781P2lrdGIVaHo,0
6367glu3JEfj7oJ03oAe7L,0
1mFB6njWi8fK9cBHPVVlQ2,0
3CltfqYIdqRzTXmpJrM4Kf,50
57ogj5vevbzdRtC8Ng2Rtx,11
4QtkVr6LwhkB91LhyB2O3e,0
3sJ7NkecvtR9razQi5ZjQF,46
2s4npyJ0dfZ3uEZ5mw6X7K,4
2iMyCU23h5977lOA4brtf4,0
3nOYFAYXCZo3QfIiNNqdrQ,0
3rrO9vddarA7XWYVsomwj2,0
10SMHUNB1vFqprgSPgpkVG,0
0plG2U2DWnv7gGTsdxdiMb,0
32uOJKoOwy5Ol2IxPPDKRq,0
61zb08Z5sF4s0olbb7RI5f,8
6mg2Cg0yFPPMDuMllu9jEt,10
4utnAvgRcZLBaC2jXklt17,0
0WOnTl9cB4qaAPjrllhvbd,20
7FljiB7BrK3o4pCkNAJRyI,19
0yXOfQ9g1xMmJA4UY8qvSL,11
4U4IsZZurZhVnkxnkzXqsJ,18
2eX4TGFna9BzppcUxnPCww,35
02BbvlQc1tcJQ7idNrUQ74,0
0pA8nTkyVvFdd1HO0oaOrB,2
2tqTuuLc51Uw2zWYmA9BJq,0
2DlWFiFyF8h5EJtfoNCccz,0
6GvSHhIxdWaQJbiQyzdOCy,37
5RKQeKvovGZWTj3iuohOPf,31
0vLYRMgCyCKYF9LKuRMyiW,0
2qREd94onBbV1IGCexmEb6,0
4Qd9h8q6HWN5On0A4nL2GS,0
6Wi5sMyQwiCB13sDSUnFaj,17
5U3H1fXmbPDfyaqt8TzJ68,0
7h7bI2qpPJPsKtbiBO3Ph3,0
54o97glZqjfQambK2yyNCG,45
2poYt6BDXd7qMHvJdYZiij,0
6kWrMFDpOzAwKPlBplGs3m,0
4tZb7ogoZiUIuWHKxesaPG,0
1UGe0pLTZ9rYBb4b6DFZ76,0
4cuHB56Vlh6dHycYLSzowC,0
7KAjSwWDoJ8LY8UOqgp7mh,0
7zoaxuyAARzX2SqkiHQQqD,58
53E2uYu1w4yMbZyh1UD4Hs,2
5uv1al3bjlhyDFVmRjWpPu,0
31OxOoAMgq8zCXwG9xCrYl,18
3QEqBKFS8boYIAELBcHUnj,44
2WfNrjgXHbtAPnklXDc9y4,0
1N2WgeL41XVWSPJ7kZrVts,0
4kfUztREwDlVaHLR2m7j9y,23
4qqNYYAEhtxEfqtWEbqZuy,15
1Hm7dHnPVarIrxbxh5h8PN,32
7vZC0KSIwq6H2kpBb1lyET,0
0IBSKqWL16eHHqXl6HoPWy,0
3gsq024FJzXqC8HqykxMcM,0
67XvTYkcS9uvlCOlLFGyXJ,0
5QGLpB2xz5sqsl9pWjBXZ5,0
6EfPYZWmBWO2KSR5AAPeid,6
3zTlidxfvKnuLay7tmxTfI,25
2hZ5NI2lYYwymQFUyANlOt,0
7JIUI9bHyaifT8EAyNWqBU,10
6DXLO8LndZMVOHM0wNbpzg,77
3xmmKCqEPNloZT9myIx0Hn,40
4zHkiH22u64gB8fIK2QjmP,0
1MQf5l7HVrFWnqaDWMmP88,0
53hRIDhAuRo3PvMYC1XQu2,0
3v2ReIt6xudmz4CYX4OvrY,0
0W2pKKNHnfZZgcAxDPW0hy,0
10qOPuwCijnI8dHz6uxwrr,0
6TzcdCFOuyj0rKb4pbfOBM,0
7xmSBVIpcke2BKhnevn8Up,44
7bXlUbUvMs1kKr6ynIISCd,54
4rFCZGNT5jWpS08KabTgKh,33
2WNVqZq1ujhMDlOAqBFkVv,1
3iJ2tWRvPqe7WBcfBfJyyv,11
1VheuMPggHpnznB4HY7IvA,15
26625BOAX1q72dkXwBOBYS,25
3i7sqCYmXLMquLwd7IQk4g,0
6Izo1xbJpWhwtdc2Nx4b2C,27
5EOLsMBMXN4NClB64pHKWk,0
6NGet2NFndj4XvpjH9iMvb,0
3Uz8ZcQdlOF2qE6q1rcVpw,0
4U8cv19UvIVKkA4Lliv717,35
2RNvcU4iA11QdWnfGbTnzr,4
2hXMXk9oDfndwPMg3Fqmmj,54
7BGzlL4gGNqlevuJXMTKxJ,36
3ip2477VESffCtFkPFT0ov,1
6N3xqtn7l3XK2F6Mwk0qp2,17
2NTzIibZNMSJcVFt9gIpVs,0
4E5P1XyAFtrjpiIxkydly4,81
42I00IkQyvYKdF7oIXPYS1,0
3toP91RkMRQw7M0bScJ4F9,0
3EVwqtxoYiJmUd1Ennr10W,0
5Df6eVUr5N0eZInCo3VmJG,30
2hgzdQdnfWwtdpZbhZlV72,69
7kInKptdDDvadBzmos1LUH,0
5pKBCp3tRnM0VmNW4QL08v,0
7Hv89f7Dpm5Hce1XkBbjQZ,2
6tUPzZ0j7xXrhcZph2rNsy,35
6L9c3ZVRuOLtA9bROc8ykq,0
4McHzB84DxmyGI8r1LjpZc,0
1l7ooHEOJdgaFsZqRCPu5O,0
4smMFsspztHIiYq9yOhqt2,0
7hdhikUMquAPGlELRwbJWD,0
7twIPolKCbX5DnyS3r2PRF,0
6FpUvhQFeI9Yb1hZj0ZVfE,0
6q93Jau7PPkZQG3YOf36Tz,0
5iZVTYv8j4nyaNwlzf0T7H,0
4WzW5wvYilPSXqOgD3jSE5,0
14eXPUCqMrws746wzWKgNN,13
6X9QFpzlPKjMoniGkr8PoC,0
00PXizG9xlUNINeqADlh96,27
7FNGvLaI5tivoCAsxFVaMD,0
2ROysjqdmEwuGeqOhdEvq7,0
2df5QsXucx4VLiHNGusXD5,56
5xN3JHczV9RWdS7KYKOvAZ,0
3up1uPuvL5vkfJ6aOeSRtD,56
7zU9pcTnh6Q4nBnrg47Xz0,0
6qYa8fu7FrWVRZFFDbuHcA,0
27uSrIfgTwZHbQ4mXuqLyw,0
6LTupM3Mit2l6JHEPW3NZi,0
6hjck7ERXicpsW51UkdHCA,61
7dEu74en28H64GuRtJW0Vb,0
3tj3XocQFj5rfJaSgXWWV2,0
6BcKsu6ftnYboGtr9eoilD,0
3PfeAZbfD134dO6OiLDA2Y,43
5HH6DEBpqxJ7Ushnd8DRBq,31
2hvbFPSpBqDIqIbTwZfKZi,5
3icbmPGKTsKAa0IinkizCM,52
6p5abLu89ZSSpRQnbK9Wqs,52
4fTHdMTq0Znl3djLI1Typn,45
07idyjb93qYavu1s29HtBi,44
4STaHtfguDMkWbPEo6Fwcx,0
5IRflQniuRzTQ788bJPbwt,0
7oGRkL31ElVMcevQDceT99,24
2sKF6YGV5am5vI6eycPoQX,34
4pn0G7yHNfTgRYRWca8gYA,49
1ADxjfmPntyk0TSIfNjP9i,0
3Op7R5YNeIVoZUCxXVZW2k,33
43jBqV3j3Xi1g6wO0bhIMd,48
0UhN4cli0233V387JkcQYY,0
6bxsXIuyIeXKD4wu1O6srQ,0
4odiyU3myG29Ld0wurMfE8,77
29LHe8kG3PraghUZOZYsw4,0
7C86DVl6REN8VPeGEMOf9q,3
4XYsx8ga3fGwEFOOcauPZC,59
330XSiXMe9wHbE8Fy4gPth,44
4ssd9pLnt1HTbZaEzbMGqL,0
1UDuqitpv6oyNpzrvbLdLt,0
6zloSieKzItc50a3Qv27z6,28
2IyFYm8UYOjXWKxNJsG1yy,41
3XQYggN24rz4gU9UoVwOYm,0
3P6fS71hWhZvOnnxQojJ0Z,45
4hmCjMZocVqf0oCmMxnooJ,0
776zIsseWzy4GQ5nMFdk5W,21
6br0ncS1pPVKurzTzVIWGJ,40
3qzqmTeS5h6CrSPUq5JhiX,38
4I2ct6yrB3Xow4u5yUXPkh,30
6LwKnTZmR2Y6ciMQgW6Nd1,14
125Lz4KWSwhCvtP44FkKQI,36
3ItEUMz1CKL5CJxmnBAADO,51
6IVo7BWwGCLMaZfM7AH3iO,28
3EYTVekyY04eqdoi2iGlgJ,18
7uvy7tfAaKKhLbEisnll6j,16
7amm8xQDxryrWiD3kyQONd,24
40yMlyKhIzKtbGAFCyLk3r,23
4Cu03jRAQBN9XJSNy0yGVX,0
74UB6CQRH9ykJEh9ma3XwD,57
64VJ37v2qFkTSuE14xFzzN,0
09xGWzgSw8zp5oS1x5ogym,50
4TvQbiT8vKeq6DZo4iZbPz,0
3QPXyIxIQaPejnwkaIlJCO,50
4qdXwB87WRfDaMcfVpD44G,36
2CSINUEVYc3nMqk89Ns56W,53
4Ghq7XXreyLUJmmRBGlbbw,48
3gBcBIHTSd3nab5w53U45C,48
46hy7Fomx8gRXze61Znil7,0
6Blzg85YWi5ndKO7hO1LK5,42
0GK06YlGqg7NcytdQXZiQQ,38
26xvDUjGqtWGkiqXQJH2Dy,40
5q3TnXWucHcIPlBZgbeZrl,0
62mv8OMTIeYjlL7ofwgvMI,0
2EtlSsk2sN9vp83G64C8nx,0
17tWQcqeNO4Hh0RF9gJcvO,55
6gf8syHLg6jVsFwd5BNAdc,0
1V5YTw9TVDAqebL0COO7A2,6
6bL4Q1le9t8DkM72ZW6GVv,0
49QzFd0d4lRtGC0vinChW9,0
0avEVorPMJyPPolMbeonBB,40
0ZM89pj4zwJWpForACkpEY,17
77ozYKcoGc9Cc6M9wRZH9d,51
04ILYls20Qdxl8VGAQKdAF,56
24BJCI6jcMSPeJ772B3sr6,49
79MV5abwiCZqbJKMd0zZUC,31
65kBozpV0xk8bAcWkv6f2P,0
08oolgtQ3uYjZDXNK1VCC6,51
5vGSJRUnhGvQoxEBtn6vez,57
0QnyOIJfZ6bfAYABK30o66,0
4fWklIPH97s1BvwSgGqVvr,48
3RIDe85YSYGGoJ0daSzfhD,51
4kEsRngsTsKjaFlFSnVkyq,47
3JlHPSGJykKR0EAESs8Ope,46
27ccZxdrx3VbCTUXI433OO,51
7pttadWh6YEfKqA5udf0VO,38
74SnZzNgU2GOh9Q0xIi4SS,39
22ml4eR5KmSbUkzPlKffQE,46
2SyOC3U8VQiFq51jiBRxGz,38
1Ka5HDqeiKARfY79ATb7pA,45
765nnyhp6uf91KO8xAPqjS,39
2dWiyamUPrjm4Hi1HbzUGv,36
2QFSVtTE4odPoOImpNVyfW,47
5D1zGGvbPnFpnl6wq9wx23,36
1hSJnfkEqbGF5afz5aqKqi,55
6zTABPrCYA8fm5ZpWrzKbz,35
5BYv5t9E8EdonEvnO88Cps,0
20JyLsaGV5UJ0RLXDL4KXG,40
0JTUyll1bmiOv9NAAECRzs,0
63G6iIKfvS3CxMU34SuhbI,0
379GgTu7WeNT4Xoak52p3E,37
4u4u3QrWa2oLUNlWMluXoX,8
39OtTWWklZAf0120taXbVH,0
0XCvApofV9SjL7rkJh1BaO,8
3Fd0HFWIJ1BGz8zSre2E36,0
0x8UEAzjwj3Cs9v9lQjUQm,0
39BciL2rDnFXWobvQsqe24,0
5ZmsMLLzdWDsEM5PPjvtw9,0
3kE4g5dHVUeLdzPukt1VTF,0
4ntUtSKJNtgp8jCI8g5Nj5,0
4FsRlRhDGhnbuHKVM2CCRH,0
2q6kuHmOhqOoJyGnABmxqk,23
7vg9GhFItV9HmHtsex5NJ1,26
6y2GBwBg3jE70j5G1xDWxh,34
3NXrGwbbnIDrd955fReQQq,0
7ktDmnYmfFfbvaCrBCDbJL,0
7B3EE0GyXaH4fDSFGXAHkH,0
5bPBkDjcIZZEnBsryjZnok,0
4L0SFtEgfg7YKbjwnwpppZ,0
6XRVMpFG6KkBBNewZ8IgqW,0
6hbem4JFdn4bkryLA4oPiA,0
7bdkF0rHjyjnIeqBjQAdR0,0
0MYLzCswPtYON4yYWmB4dx,53
0gFB5H3pHN13ERt2FyMuWi,61
7puxIVNdj5nsBJk43zM3bH,72
3zoYQLfNEvJ7UvQ4em2vsT,53
4Y6cDd4EPHcEbiUKdyvNwM,54
10M2Ex445zw585Ducldzkw,75
0XUfyU2QviPAs6bxSpXYG4,0
6UUzt6LPtVNwy8l6jqu9C9,0
0ttKO7eBjyoq5Khr2X9lwV,0
3lFGBrRWUxpTfhhq6lGBRw,69
0o9Vr0BGIQPh32staLHcuU,69
5AgTL2WmiCvoObA8fpncKs,46
6JLcz9UGiVxAmEZXlCucn5,66
4Pn0JlCUusD2QHjADuOzuV,68
3EUl8M6SzxZl03NPkB8mUd,70
6jWkZvd1URGktyTTwcpPpB,0
1JyaAeaXVFnVv5ikwWQVQ4,43
4ly1QBXEwYoDmje9rmEgC4,77
4e6YIJBmRfCEdzPyhG0RiH,20
5IKLwqBQG6KU6MP2zP80Nu,70
65NgsMieGd6ffCTIYfEo7w,1
3298yRJKPcCndQdNiTZKIo,0
3Xv5C02Wxlek0dmrYAM5A8,0
2PpruBYCo4H7WOBJ7Q2EwM,83
4NtUY5IGzHCaqfZemmAu56,2
4dGJf1SER1T6ooX46vwzRB,2
3mcG2NI5G5vhrQtRda1YnA,3
6Ex1as5AIibDGYpVJe18QR,0
4H7YHRlzkfoys1L9jQFcqH,0
3HRNf077jDxl1XFPGPqWAA,0
15gVYensbJgM9QDIFjB01c,0
5lA3pwMkBdd24StM90QrNR,63
7wVeIwUxcUddK44joZ3bPO,37
6wycnu8FWXsj68ig7BEot9,70
7lEhOiFtcLXY4P7cuTKuQ8,0
79xkyiTBHqdGg3SirACPwy,65
2nbq7IAJfYK9fuw5g2ePv3,61
1Ed4AvDGnUGtU0dYrnwLPg,54
5CIb44Mj3kRW2FyGqMcVK4,0
7q7jyVU0f0hnod8tsaUmxg,52
2jaaONYdaOUk8hhhIRIp4A,41
3AISCGqWZmb6UPxoYrXaA9,54
0pqnGHJpmpxLKifKRmU6WP,88
1TwLKNsCnhi1HxbIi4bAW0,67
7iDa6hUg2VgEL1o1HjmfBn,71
4kbj5MwxO1bq9wjT5g9HaA,83
5IVuqXILoxVWvWEPm82Jxr,79
3SPDQfj2UfWq6A2NllZnzn,5
0tgVpDi06FyKpA1z0VMD4v,89
67awxiNHNyjMXhVgsHuIrs,71
0Jg602cHeMCnPez9baacIe,61
2rSosmvUzlCiucKgpmbS0f,43
0yD66650JxhqKbW76C2qCo,1
6x4tKaOzfNJpEJHySoiJcs,78
0p1BcEcYVO3uk4KDf3gzkY,64
4TnUKixNWMfajncgdSwFoi,74
5aj0xPGiEUN3aI2oOYu14S,64
4qRaZYiaOsSvWC7VgcxrI0,67
3fqwjXwUGN6vbzIwvyFMhx,85
7p4vHnYXkxlzvfePJVpcTr,72
7GVxAP3rK73EvCoAqxk5vJ,0
0BkvZes677Mcp5WVUQjRxD,51
3LHSXwp5RubVBqxK8Ljp5v,0
7H6ev70Weq6DdpZyyTmUXk,79
2a03afRiyAbNAleOByVju4,67
0smQWysb4n7WOVGv5YMLnF,1
634SIK3O65qhslx5DLX44X,60
0alWUvsJHk83HVWCnyCG51,57
7Ilr05RcpAJHeT489zG0fS,0
675w3ACw5xZR3ODhUJlEVN,43
3gu0fRSgFuc4FmrtIv0DnC,46
1BssJgelMGDNOeIy7ZqgOW,66
6IlcjkEw26SeAKvjXSwsVb,59
2eknDuc5IeulN0hnwEZsjF,2
7jpUBLaFhqzu6Wy4Ud3v93,56
3AMjach3UjnwFdcx3q2hIF,43
0zhkLYpmMZyjtv03haC77Y,56
4W3FJapn5CD6Fnrlfj4HFe,58
3aUTkuo4ObA6QPtZSu5NBq,0
5FbQLB4JlxE1MMubQBdpfi,47
2Ir4AHOrnDsqg0gYnYS2FK,0
5h8VHxOBK1VWWj46T8fSly,47
2rb5MvYT7ZIxbKW5hfcHx8,2
4f7xpneUOcob0RoRyae6ax,0
6NSMQFKgjpQb0KkjMDYIK0,78
4QtiVmuA88tPQiCOHZuQ5b,64
58qmrrvUkA09szrox83VDp,0
0JOUrhZGMCx3lk9VosAQWl,61
4sYbBt781iAS2S76IeMwIG,0
4vKltMFviBKMdhYu3FDLY0,44
6041gM9Th1ViQcnzkIxnuv,1
4uP3pUP18ennmz0tb3GphR,69
6pZHZndlo57dPCYnvlYFOE,65
2OWVCFTolecLiGZPquvWvT,70
626rYyBfeAeleh1F5t4B70,0
0LQsM0KYkSyCdN6TCo63vp,65
6IoKSUyNOOheJRjiuGb1ew,1
2wgDAPgBhFA7pnIbm0YOhP,74
0kFd1WEnWLODAzxux0bhQK,0
2iIHvI9fUC309LLO73MALR,0
5inW8wv4Ap9j8ji9gq046e,22
7hvmAHUk63H4JBOQTxUwfx,0
43iSGniJjPMHkICSnkJJyk,0
0viNo3zi6rOaYr7wZwhH2a,49
0qx8dNAqtBonvjlJLTVkqf,0
6eeqHHTCZjFiexBCTNZqff,0
2YlVvP4h4Y0NhD2ZiRTypQ,0
6LMe4yMMYrzVCEn4BvipOt,51
1vMKBHGQtISTkLva8uZgtn,0
1E7YmWVVU2CggoJShqxSlZ,19
64atcQ5y1v08293qwuMLGq,39
3uFyOOu4CYRdDi8cdF39gS,34
3J7scZVfz4DtK4j3u6d8mY,42
75wtugYpepfnAzjVH6twz4,64
3lohME7pf8CIbVoToTdWV5,38
2Zt4IqQqqVbIasXtNvJMDZ,0
3jmBWNWrQErNPBPiE0friv,0
2Dbq5moIguMsbRZa9SB7gD,13
1zOA2VabBnP3ufAH1e5TQJ,0
1Y4cYXcmevXTHar02JP6nt,36
6lruHh1jF7ezgbLv72xYmf,61
6MO2bfLHKykUgCChFdw91H,65
2BWXfyYzeLcK0pbvPp9Itw,35
2kUIOTeKv8ZeT6vh9gh7RF,36
7f5trao56t7sB7f14QDTmp,69
0vXVI7kPKK2p6XO4rybEHC,26
3X6KN4WFgPYBETFMMX675P,0
1BtFqF8pw7OEFCHjvKUcx7,8
4gRkhkJHnmtR3eVEPQtpEw,21
57xrUUzrdlVEQXBnsx6AWB,26
1wTH87zcNcR4vn1iJLDv0c,41
1oHkXeW88HEtFt6P3TvBIt,24
1ghvzmzpx2nnrbx7wtpMgo,66
31m40qBxoj4iMSnQLkq8nP,47
7ntUbTIwmwOD6ygCMRZT6e,47
6xW2g0c5uSoa3S6xk9eI4j,59
2aV5ZEAvHwvL332EsJ1gWc,40
3fx31TjnwvwZIyAGHhOhA1,39
4Yt4jOTZExnjcrMrN0rGi0,47
5bzaS5tAni5oUpW7bWVdtY,37
456VGUkWQopbY9ObfXnAvs,13
3OKjt7tEwniRCq984dsx7f,32
2EsyJN3AvC3zBlkQpb119M,49
2n1oPHJVMPWJkjgHwVcksY,42
2SasoXZyv82yYgHiVOvxQn,59
7CS41pvRBhejuFs4m5nwtr,48
4NeioZ97QrelO02IXj4uYf,54
7oBW80497A8axagr4aC9U6,66
4FI61LWcjeKuaG52jcuAOK,21
57ciWTOKgrXVBxktMJyUB1,52
3CiXFXXykPmgZAKyK5iQ95,32
03j7YmO2dZ8nEY5N5131hz,11
0S56ARhyAIZ5OzFX54H2pH,0
1i2ujygcFXUBEJucbsBvKQ,36
7o37Ph6EcGzjpoPnRL2MRd,7
028JxheELfIvvY4zBXuMjw,41
33XAmcT5fPi1USyjAFCMcC,6
1xPpYbCaJWonL7IFXPDjON,57
5lN7UtvhpwEHzifSjKw3z2,51
4QQh68kaayJYrYyovGrkHy,48
1PJqOBKNQPiCPkknqWLeJU,31
7u9CKCgpGAm9UiSXQ70I46,32
0nkwj667p0oMEURBST8Nyx,29
2NMHScIl7Ihx0ZozSm8Jl9,31
3s9f1LQ6607eDj9UYCzmgk,42
2rTnVB1bvwxHtaIl4uVu7f,58
1Gv8NYJeqQNXXrYQ1c1r4e,55
6PYnUsNEpYC7A4BS2sjw3L,54
4LMEdIzw7L81qgmstYHRU9,27
3NRql0A1Ef4RCvT473iqgD,72
5pAbCxt9e3f81lOmjIXwzd,68
41SwdQIX8Hy2u6fuEDgvWr,66
4RexiJIjheGmtIoRQDAINh,0
6S1IgeHxxOT9qVWnmsdGxe,43
7qvsl2pYzrsYgPeFBN5jxp,0
3f9Mzvd3URfbbIJBX4pz9Z,70
4xmq2DFdbkwVqimOKQGZU7,51
3KKGBhKtAyspFBw8FtNQrL,35
6lzLjIOyWTyTJvk0jraYee,0
1VUGWjzlqudhTqvhc17miB,42
59K1LiDT4btNGyOekA1ghR,25
6tgEc2O1uFHcZDKPoo6PC8,63
0vpBmYdeqltCcOpufZCLcx,24
33JqYIiKMTwSOXZOrn3Rl5,30
48k1KCYemNpwdgb34xX8sQ,32
1HPYQsdYYNgtSvm8JOtsWk,23
4i53smHJgzRgTEI9F2mZ93,0
70sKIAQgaVN2zWEEyOpyMZ,0
0mfCH4nfpshBQR9ueZP5eP,0
6lL4XxFC1AssoWX7pYrxvr,0
0VXinRGqxFxr1BKrOrC9pP,41
5b0nFlX4ha3vBqKEPYiwme,27
5zXmmhtXrhDbYnScaYpqZg,50
3kxfsdsCpFgN412fpnW85Y,0
2fhePAlCSsJplwkjqMYpVm,2
3swc6WTsr7rl9DqQKQA55C,75
5RyzgwMS1kkEYjCql0yEWT,0
5ym4GENsMc7VbZVYyulq84,0
3fMKnwiByu9yfeD5ISn9Et,46
6DkmFhzJrkVhDlcgcEy7Pc,0
5hYijRB4AJYveUDXBrbslS,22
6e4upSHc7KQEFqBsmV6zUS,1
6xagjcywpcyNFghafZPQJv,56
6Hgh47WXVKtXN5zGOu0hjI,71
77UjLW8j5UAGAGVGhR5oUK,68
7leyDDstl7zDtwC0ZYoYTk,8
5dXI2NV7X2c4anyLFbQdEX,0
7DOv4eGZ0YH5hpgPF8iw0K,21
5GjisoOfsN8qagrax01T4y,44
3KVlk3I9qKGTPFpkWA20nh,58
6d4E3KLrX4xiwx1DiIJefO,0
2RZ9OA2VzFCRZDng151Yjs,12
6kb6eE0tLvCoNbPUVsShro,21
1CmOc5SaNBaH3uXhLt15FX,3
4Ekvue7dDSQAPmtSUGhrK7,0
58XL4UmErguprvN7oJQM03,8
6Lx2NpY8Y0hdeM7bpjrXsH,0
0ZBP7LB2JvzoaKsBFElGRF,0
0IZoBFaTUG79KBfKlv8zmG,0
4wuCQX7JvAZLlrcmH4AeZF,61
51MMC5DogGZAnHil5HQAXg,0
3NkJNL3WqO1Lqc3uNDxvCN,0
2uZVfvOK7MTjBTRICYmpso,57
1xU2QZ40MY4Ex2pfczZa9U,47
0mP5HOkHoaW9Q7qf7cJ7Gk,35
2Dpe4Wnm8lQ07nk2SfzvEz,42
3Yh9lZcWyKrK9GjbhuS0hR,57
2Fn4gZI3MAeWTiv7cSVxZQ,53
6CeeoAi5qUa4ZjQo1S7Ho7,17
2zoNNEAyPK2OGDfajardlY,2
7MNI1Tye1eMDOe2nDBjafd,32
2grAr8pWMuLWn8ZYEE9wDV,52
10kkgS1Ua4pgXORO8dUtDL,19
45StvejYUdIsyUwqdZ7iJM,60
2mv5o39NxkohAJ9odp37FL,7
2PRt8U30Q5ZmCHGsUmnUi6,18
6Ti0coAmnSsv3Wx09RhoY6,38
6G0XqXVBx2PHaOrSuHaWP0,32
5GnhlCa3G85uNJHNlcjiGb,56
3VD4KW6iJHDVDEBwGTh2f4,14
4DbbQcjs1sfPFcUys9SbSy,33
7xn9uXfYkFXfMJgaQxgbCN,42
0dTAXSZZYf7YTKV1vtTlBz,34
4eFvubnLRBu8vMPZqu5eC9,42
6hecXwh6EZHcl6rZyJftKQ,59
0PvbgBKA1ZMsTNrd8QVlCi,30
782CIMTujSmNFrRuAVhsqd,37
1NJvAjk8SJS5GVtYHuyVSk,2
0HUeFoQFiMUPKxFApxyPwL,21
4otQJBpb8okSeykALR3eCH,53
1yV1e0Ip2VQbN2BdU9cGmG,33
4jPcsQqcUieVP50mVqgBqn,0
1Dl230VrvS3xXwa6TRRZlb,23
0sdrmuPXp8pXhy0hrdJ8AH,0
5Ujxm0SqXtotAV0lUx3yj4,14
1nal3Tf1OCV53KigMZXsZ7,48
7MD0vUh6C3AMn1Uh1DNasq,26
5cHdOuER9BztlOcbUNBmrQ,42
4wdxRayaGZRTfIUZJv0NY8,8
4J2KQlWCZ001RtFD1SfUJh,13
34UANp5qxDg6YcgrlDeILZ,40
5OuPKLNJjsBsyRZ9PjTRTj,36
4PTUkvLY1vrBFlmZ2GmH6R,11
4wwHmz9lmrJqkxwMENBVVL,2
2MCL2a4Ij0wTzXjaEXKtOc,25
6F428UUtHqMwxwOtDajrDZ,0
3qLcCVE9qmnY4JJxDXwH2j,28
5cMCDEFrGe7Kjgrdw0mxMf,1
6vzLbfskWigBsCzNdB0kfE,53
1GQ4A17pjvcWTSQVFNccmj,0
4fmHk7UJTYcqQwTZncsJ48,14
6aNdjlgzu6bJeRBFFXiVNu,35
2beHQY7DvKp9q4vwilKKRS,0
6u5m71WNIGQCbhu95T4GVS,28
1nL7QwSN7LtPCZqgw1n3Ee,3
2mWfFx6HEDYVgFxaisWqP3,46
2QsBAfiNmngcrZsOTznqBG,43
70iKezMwKdKq7kRtORKY5B,35
3Yt1ovsh3v3VEzRuhI1TL5,66
7hKnJYr6Pi237IknfXRn5K,0
0CCvfFVSpOHGuxsrzfwbYL,13
3Yt0liwMgB3I0xv3FQBDzI,37
0ND36delZlYUcwNaCk9Uf5,0
5wMfLe1nd26X7EQszhZjly,40
2pJB9ENNXtKShQ5jsOiR49,14
4BcDicSKNxj6v4n7HGtq7W,18
7oqftogUN82Q7VNy2TmTJW,51
5iBO5vBRL92ytdwgZCjydX,34
1opARDDYaOeE1QUdwXmBGu,0
3uouaAVXpQR3X8RYkJyitQ,8
5QJ2hs1d22vxT8f2Jz29M2,0
14geRrYSRz73sBbtPD4iPQ,44
6WC5YDTKztcTU3tWux0Jk1,43
5LKzqs734Xs528hqK8bGS1,0
6oEVnWKgPqIEPc53OYDNqG,75
7ILEWkpfdK6AjH2D7jppWk,57
1YTkVMFRNzKojhcPq31Jfs,31
0Duevp5ytVdmRkCWFXQHwr,37
0yYwS7CXKIPC4kWPvZQfsT,45
4sFzG7iUlyPmuyASCkre9A,0
3aeJTZY7DVcnhTW8eTVFga,10
5ZZwWo5tBpa1IxEuASX5CL,39
4zodeeJbcglAma86fnv0jy,37
3WUJQpMTbkO4wEV3BvYl9y,0
1WbJ98Gyys9WCX8jiLr6PZ,0
6cEN20oV48UUxNDhhoS2XV,0
3ByAeJLS7g7s4oolHdxidF,0
5f6YLTRmyEqmmQftc0B2aB,0
6gZQ5bj2GHJj7sndCgx5ke,0
7xpSwUi6wFsygt4QTTPY0H,0
1bKbpgewqgeSEz5VhdG5Fb,0
5LRMv2Ypck6hVMtbOxBdaU,18
5i3qlYyzV6nc4EvCrS1YVY,0
3VKUI2N9erofIjlfw8tKx4,1
6XkqVBDmllKLbh84nlXEZ5,0
5VcilNhompGkqXiF5pi7It,0
2q4xmgOnJtaPVy8h0umzS7,0
7KCDezGaRKzjJtEXoj07CR,0
2r7CdIjAFW4SBraFBJ7djg,0
6zaDee1GfoRNptZHYsox7P,0
0UxOYyDvZGIyI2U55ZUypo,0
37Dric0Lb3Vw7uy3W1o1sv,6
6wv9tV7JfZwYak3gC7GD1k,8
4MHTQn6tDm504v4fcl2OdK,0
2tFD4j3u6xNStEuXhnzCXc,0
1mWytUqf35sKuxEzRub2WY,0
3EX0KN4CYItMhaqjOx3jN0,0
6gDdeIHjmrXKaVev5PUbIf,6
2OKJ8pSA2fwVvoLNQVW1PN,0
4Eg0cp8BDbHZOfmxXYJ7Ff,0
2GrlOwUh3bzEu4ajApV4Zy,0
4yUZoJivUgls6qxb2MwKiI,6
1flOuDWFjEtfmWY9NYJQsr,0
4a2eg9xp7wMX1SziyS2Fh8,16
4YKqWcBxjV3KFHfpqZ2Ux2,0
0yw8nPUnMV8hwejQY3XqqU,0
0b6Tza7ke89ya6aEV0BLzW,7
4K53DzHITLFIRVu7aHYLHn,1
2lKEQm6HZqDpc4jDxIwPYz,12
683Qmv4AleoDDe0I43sGxW,0
1N03rPhaLta4ADp2BWQlpe,0
6WdCDpk7NmIYN6NfSdU79l,6
5DFCwa7A4dlXLIlAUmam1t,0
6F9VYD1Abaci2ecCJIWWbk,6
7FzVZnHzzpcDEBdxbSQJxJ,0
2YPw1DSWBuXtWoyUe6hr9i,0
2D1sVdLnfAMwi3LaNtXTip,0
1qUhvc5I1ShxYy4QMZ7vK2,0
6HfF9lDsvjlo2RJJeC8a8p,0
4Sv7Fo4bSpK0tM1WBspz4J,59
6mzaCRuLTRiz1caGOum3zT,0
46X8c9qJzpBLYcos3OX0CE,55
6Rqe6ghJ6t9SlQ2pRrt5tI,55
3Dt75NjLThmoBTp5wQC7g7,46
5dikapPlQPrsT3xUsUjj0N,44
4fLnXd56RsWN4ZBtb9TegQ,59
3vFj4xuQTXHOuo6L0qGafv,46
0dcf0L6F1LUA1nE2zWH4J2,65
1bAvtmTl0F9loyz9AwPwp7,59
1mhVXWduD8ReDwusfaHNwU,67
4PhsKqMdgMEUSstTDAmMpg,81
6J7PIkhtHwmFjPLq0SyuPj,61
1gZADNt16Oh23jWyMYRk4p,66
00NAQYOP4AmWR549nnYJZu,65
1oGdVdYjeQvojGKDddxLQQ,61
4h90qkbnW1Qq6pBhoPvwko,70
4mU5iXHeLgbR94siF7p1sY,67
2Ch7LmS7r2Gy2kc64wv3Bz,80
4MPTj8lMMvxLwT3EwuXFop,1
4rv1ww0dUwFZcDVPqhcOcX,0
72TyiiduRmczEbDIEtKQdR,0
5rgnyXr2PXFWsAnPFew077,0
13wNEvWmBsWaWVtiLPRIW5,0
26Fqtv4Aa7kyd1WWGHai6A,0
1FJrsh1NbV9eRw5JQt3M4e,62
0TiC3GtlMCskf2hIUIBcDV,32
7zFXmv6vqI4qOt4yGf3jYZ,11
1gmarFWgSwb4SWlmqDjWka,47
2fXwCWkh6YG5zU1IyvQrbs,77
4osgfFTICMkcGbbigdsa53,82
0AoLBS2mpSzLBWu3ihILQa,0
3E895HtTn6lB40SA0l9EkL,2
5dR7h8Rxj1ko6f9dmKQc77,0
6jaLFu5HvfNrI1JmcM4eXu,52
1m8WpLYXEiNVZchsWEcCSy,66
3VeuvRWfJLSOzeVPrgi5MR,51
1PVza5KmhSJhz12OewWciE,47
5VA4Ispp52EA1sOqzMz3Av,78
3TeNkdbYRK8mGfvTMZtXBM,41
5WoaF1B5XIEnWfmb5NZikf,75
06u5LrUpbosQlQ1QJFhPpG,71
0Kz9aGVgFvndWkcaiylIt5,57
1GfettdrSIqEky8VvxpxAo,0
7y6c07pgjZvtHI9kuMVqk1,75
3ppVO2tyWRRznNmONvt7Se,73
1eu6vM3Q8wYKGYZCn26uMb,42
6Aj2H0Z0v0JgnSfPEwCgW0,56
1mnqraQ8oV8MX92rdOFLWW,69
4TgYcx5TPQF7xC79b6v4hP,53
31ue6kAOfrqVrdoPdfkq40,51
3TpXajg1nKzG3ngc9tBwrD,0
4c2xt1trwYZpMqPWY35Xi9,73
5NijSs5dAwaIybq1GaRTIe,76
4ej94zqr9xYLbWphCH3TcD,41
4CYBfRX3oEPni9Elqm8Bnt,52
42QRyJd5x6e2TFR1S41g2p,52
3I8yVFjvJoOBM9tX4ZpxEL,0
3uBbvynFWlF041WzNVHd1d,0
2S3osqN6ruuoAg1kUvf7u4,0
2q0UBlr0ptqyZ2JH1LO7tH,0
0ZBtXonwjdAbRo2UrD0Efq,55
6sMUytnb1ZwIZxO4tDqx5B,37
0EbNfrtewVrVYzHKBArtyv,33
4LvzLhylddOXjfdZZJZVPC,41
48EjSdYh8wz2gBxxqzrsLe,65
22DHmfJa31hKpc2Lg0gVBV,54
08MbvwVOZdMNESjkoVdXxE,43
2aR6SYRJxy2QsBxA459ATF,42
2jGjNCH6Op0BqBHPc4Rd8d,62
4KwIqqiWKTbWIaxrSurXQE,0
1NkjSBBDOYB4abj2ieO8XS,0
1CJmTfrlU1d6FtAYNT36wD,0
0TCRMLcilbYgj1Gb016JbJ,0
600OCZ1UO4sMpHO3F1E2jb,0
6BIcjFZIVDZxNAcofRFPx4,63
3c6afiysmB7OnxQzzSqRfD,72
6sHsXIJoEN5JpdkGMQDJxt,76
0b5w1gamS9f239Sms9guAB,0
6mz1fBdKATx6qP4oP1I65G,73
71EHOyEOhNx1SzTebRRyng,68
0W4NhJhcqKCqEP2GIpDCDq,83
1CAw3ethNuSDPf3E7luSFF,60
0wdaPticLmmqJdhgLDJ9zI,56
3OUApyz3jDB3syGUNGqB1d,64
125dAqUSmX1nOG50fBz9vb,60
7MQywXGHEev7JmwwIzMcao,65
4iuNZTcvT9diFySSzVsnVS,74
5PMKzsUsTpZZGsCcJBuhP2,64
4cRR2gUTOerkUOW5iZpm91,56
360NCp4XoQ0sFi5jgu5Ww7,56
4Wtk0YYWUcx1JYicaq5Jd0,51
6rbhWExtuchhpLC5fHnB8n,71
5xE7sFTlv2yrG9mmhDSpdq,61
18sytW2s53Of6NVudQyUlH,66
7f1Dmr246cJ9uQYdbplTbh,72
74ZQQZAVOrd5sENv57jfCj,46
5mNV8Mz59bzyuQ53gTw0c0,65
0n4bITAu0Y0nigrz3MFJMb,79
5IFCyWplye09HytIP80RCF,67
6cR1U61DMpYbS2TtNTlSvo,58
58FUwmyGUqkt53YPUcm7cJ,66
35irxCsC8QXJ1IN0eioD3H,49
6a5jHgwqYMk9wlYJYfs3c9,63
3aw9iWUQ3VrPQltgwvN9Xu,83
5CdJveJgiGXoGwDFqF6afp,62
1m2xMsxbtxv21Brome189p,70
4VSyH8AkIt3kaR5xIPFVVi,61
4h7wUvVV8Ff8UL7JqAByiL,47
1KGi9sZVMeszgZOWivFpxs,82
6zMUIb4uce1CzpbjR3vMdN,74
0Z9FRM5zukGVagh8TVSdrI,55
6MdqqkQ8sSC0WB4i8PyRuQ,79
3OQu3z3okKVmWxSXTTHak5,61
0NBHHa8wwwmBnn3aAzX5wJ,54
2SLZ2rX5773RS16mcqBxG7,63
6l4TNbfPtNAOOlGIfceSaO,67
5yMQERKmNx6ajo4qHi1KT2,0
4VcV0t8VN6AZcWTznJOUUN,53
3fLBmhcgWkPI47LfVQ8paB,52
5Y0E3dOeynKuLDAXu0t0Bg,60
2ezqQeBiC72gwMJoO4w1hA,64
2mp3sLUNQaJ025Lx5f4AAJ,58
1vbe9sh7U9vdMceAhitWr2,66
174rZBKJAqD10VBnOjlQQ3,73
2Vlk8O848wZuu9CLWnAYSb,50
6x53SJOV1PAZ8ZUwH4NFXQ,61
0BTGqPIW9acmhhUmENkq5r,63
6AgDFWLbbAt2migXMbrhXT,50
5GorFaKkP2mLREQvhSblIg,72
5KVbaJP4IOZmZZlj5v4jp2,40
4fgQMbN9r8d9V2exSTsLFs,41
6Ycf7Ch2VlEKlORbz7yfpJ,63
174UISK3l7VRbigEHxEev7,0
5XWaXNh3jEy29P1S7Ug1v5,46
0XHt0UmBzFJy1KKigTZ0tN,49
7lurcq2Yw96B1K0KOJAHxg,62
06TuMCjDEYjTOJScCRzmjf,64
12soRJf1RZRsCd0QUnJUYL,57
13xKh7WqwxzEFYhYCJJwHg,46
2fE4MbwX3QGMzNaMjGVhtw,64
69QIVIjPMnI1ABLBqh9P1b,71
6TlRNJaezOdzdECnQeRuMM,65
6Vas6h9lB5mmeVDXdFqlQA,62
58s4iqgXFzXhBndBkg2AaD,61
1GrikfH0jDejDvrxo84n4P,1
4t2oHD86J1SzsoNCtS1OgB,0
6mwA6YiKDjAUG8kWvRRUPh,71
6g9FyBtYg9qnpF2IP1Cd0J,0
6gA3b0M69d0SzuZqWtZXWD,44
3l3xTXsUXeWlkPqzMs7mPD,74
7uKcScNXuO3MWw6LowBjW1,75
4Ilen0VxPEsVRLpnePji8P,76
54Ev13Dca9qrYZDNLFUYpb,52
5MPxgVGxq79wcoNKtlRaTf,59
6QnCf3tdlfCZLRcgfImwJb,51
0flZtKtmkZMNqFF7V7Yfmu,48
5HrVgmO1govSOrPUehW1VV,61
4awnQTwynhz0j6Rk2ZwM6A,50
2xRYnHQdLD9ketvC01UYYT,73
3vMIAawCfJdR6A86JGqLc5,51
6FTJuZtQZvmPPRFmrcno9J,52
2PN3gbuBn5WBEwrEJH3xiu,60
1O7hDH3rrF8eyLxrpeoOfb,54
5yGTQzYbEdY6B9RFZJypgt,64
1jCsCYgzQQHk3bDJDuFbNi,60
3B7i9OKRRmIsSBHEbJz58Y,67
3r0Rhl5Zdo9YjACZNsaBvN,60
6uQKuonTU8VKBz5SHZuQXD,68
2tEifcUedZAkWUnRB1O4E5,46
6iWs0J0CnadMMbxLQtZrCG,59
3TXKwYk2H7hZQFB0j8z4yq,0
0j3dGGZBTRa3hZubKT9n7M,33
2XESFfYekQ0mRau2GXjT3E,0
1qyFlfPREPbRcS2BNszdYI,59
0wbnC9AUenxp613TYaJsGK,66
5BGgCCZMcfgt1rcASALwQn,31
3FskQrDXcY24ur2fCvz35O,69
0trjvNuATk3tEwIpXRr16m,0
0UtnpKaReKUg2GquaSxCyD,66
5RUrVSdaXFVXjYK4lr2xf3,30
3KC4yUF3ppbGkczrHmT5lS,22
6QZs13sDmhvSjsABGnZ8B9,0
33NEAJosK5zyLY2D4OG7AE,44
3BXXkwyhsHM0EPApHMhQC5,40
7pMRoGLEJuFM2wl5pt0R99,61
1q9jq5X5vwmewjOa2mHtQ1,59
0SQ8yalm13UIJuebuZkQlH,53
6Z4rmc0uujCpl8yXe3yjgI,40
6uaVCl05ErStzx4alj2Qeq,30
4F6yN5FsFW10Ucx7cLCzBh,71
3hhs1XHsWvbH0mP9D1BT2Z,0
6WlxcZKpEV6Bwe9InoVhMp,48
5duCElafuovM4ZSmkQL4hn,43
3SZqA7rQvROJsCbUu2v0xa,0
4yn0ftNHQSwsWE81h33y4K,55
5TRaIECBIfSkeqkKoG6psm,0
2QkLuXpj8hKSfajGNVvfVX,19
4QEMi9FXOolfFFlLFUIolw,42
4FtuDjqmTPP9mjxygLKzEm,47
4n4BflhWjCHIxrI4v7Xt9s,66
3dVCcRzAulDIuQQoQpDBTb,40
2xUHiyGeGrWmmfv7NbDTWC,57
64uoVmmhw2CUhFAOhDW1Zb,11
1PoJXULCvl03b1fiZmMxmd,63
2xs2L5ijdDwFOOHeEaMHN9,53
5DSfqrLkUHLZ9bW0SS3rVy,0
46gS5nW8S0kDU4Uw6YatNt,5
5aubXDnDNVKA5pS7EnR0mp,59
0YTXcXihG2qpxb3U3LbPfc,50
0S3Mp5NwMiK9lwNG1v1sGm,25
6U9jxxdQ6TNzjshIpwWMTf,57
63iZvr19gFAToQJdY7Sysn,0
5s7j77zpP6e9uz2Q1DU851,55
00X2yv2vrtritPt2CZnUTZ,68
4gSTkVQBVtRwoOCnHi467Y,0
7eqKxh6djiu1NqW6GMjHIJ,46
4UipF3IyxsyStTstiwGHhV,0
22Fwimjd0oaL06eU7Aura4,40
55ylfI9v88iPOCgjAAdwMe,39
1Qo0d8zRMFYfbfmjpBecwS,0
5WkyhmqrQT8iGq0Y5VMa4a,29
683tYxiTlWzupDpaZ2mCv4,57
2xE16muNCmhZwSOv3i1d1H,0
74LMZPCWbRGmJSCk5pDR5O,0
0cc0C15xFeldpAIkIp440J,41
4MA3Wedt0uN60IhQ3JV7GE,28
5u6o597GcbXH20H3LeVkHP,0
79weNzM2sOYU2yNbzM08jS,0
0Xw5Jg9aFglPqfH163thrA,21
3uAN7G71iZl9zN8uxMRpKO,37
6P0Ki6KDNiCo03buu3fYGt,0
0mTKJnVf6GcujyDr1PZn0Q,0
2qDIUqozjOR5TkRQfw9TXV,39
6RgdRnDR2dvG5s5o6pJIgk,22
6XsT5UGfpaFeHQf5LRIy4W,63
741OE401HO7ZCaPhEqCZ7w,61
0tXq1ob3ysGZN2oK1abtyp,53
5FPnjikbwlDMULCCCa6ZCJ,66
6jBUP2KCe821yqf1hiBqPR,70
5LZNRUci6ZphLNjhnVQgWb,0
0ceeRNqbOzRiGE42KWSrRa,58
65Hr0W5AvzhUlIlJvvJS9M,49
4u9QsEY02G3bJZSWgBdiva,40
62OnJq6wHeTppRMWVw2Yo0,37
3Xn6BioBEOrQnBN0yRrr4p,34
7CAHOnKTOgmevBK0ohndz4,26
2yQaw1JxH8OybLYAvU4mQP,55
3UGNdLrhhsK0SY9gNqe8TT,62
5F7HjYOGv2COHhhPMkS5NE,45
2x28X8t6xaomkkn1ssHJ5E,47
7eSDRPSjYBOcqB7b6Ord6X,34
6CUTYJQKcDwcQ63EulINUo,66
50sjU4AERZfJbDJsdAndaV,35
4fsyPCAb55yWiyJVbDJLr5,46
6GPiKalxD23rJirHKJm00X,47
6gsmFgUiSTuinJlScwFODv,55
3uq6qe8ouF012GLOcLyWcH,61
3ibKnFDaa3GhpPGlOUj7ff,77
6LGwYMXXgURfaequXipzHx,70
1Dx8rIZaXzZPvUQRF2j9hB,62
5L0KDoZklMgs9GPoonneEl,66
3KhNltADertRRkqQ3IJ57D,25
5sUlaoVcLPk2Wr695jp6dd,0
6oUGAx0vkBcnGzYkvw0ZsA,65
2hANHoUH1CiN2qhKkmmKpL,0
1KZyVnyptQcPzkx7ELCnZC,69
0c7XKJjw6heRqQX7PzkUIj,71
08UUpcePtj2DEgjPAQHxQT,40
0knqVSsgD7C8yu5yNmQFbA,58
29zBeRiLVnkDEj7tvmLVOU,46
43MWnijE4yC3hZAjoRQ06N,61
5GZEeowhvSieFDiR8fQ2im,60
5r8mGKhCDIVWb3AG4hm0l0,72
1uhQ3H3TSDX9Bq9Oz6uHWV,51
42C5Bbb4dHwS5OFMvtGkG2,49
3xQ254OSkFQBk1F69d3Gwc,46
5yyRH93h4Pm6tXXYTxt7ea,65
4KQ0rQMuQJf2SSQMwJFNhM,45
6FhAMHnJWfTsUtn9tPFa4Q,0
69btiejQOmpHxMEGuoQuQZ,42
4JWQC6gyYoPRnxRxk0ta2M,0
1F7ZElvJAvWKQ7UaPXg9cF,0
5egiiQYWp19Mda1TA4J4FR,40
2Sfl7odHUmG7qc8SbqUyzE,66
0gPQTLaqHDgdupKEok7J2x,73
7K9kbDWgbJmfNnN9LSoXB4,33
0Ac7MrpcCf0Qj1r8fPHxqi,0
3hk8XJ0FnkpeucYLsh3XPF,44
1XsYSawDnMWDwQHiEeUzXe,42
4MzySNjSdv9ZegSD13IVNV,61
3SktMqZmo3M9zbB7oKMIF7,76
13LxArRBitvjpAeQ4ZnBXR,50
3OfofodOTLTtJzVXXkgNW5,44
3DsOZ72W9kOn6R1XooRsUY,0
0jQvPp3hJlJQd9tz2EkH6b,0
0LsG4XAbOVsx1qOTHtferA,41
2SpEHTbUuebeLkgs9QB7Ue,72
62SpTZPgcuBcygQSb1mC7W,37
2VxeLyX666F8uXCJ0dZF8B,85
3VFj5odD26z1u2eV6Vwxa6,0
3Yn83dJGBWtL0icQirgyp6,32
4LIIWJjlXMftVKMQWUrxKO,0
1It1TxBK3xIQAB4xJkPevn,68
7MhomISA7KRK6U7KzeV06v,0
6QJ72Q3WKxQ3tGko8VVXMs,0
1AM8QdDFZMq6SrrqUnuQ9P,73
3j8FPquKEOygdUMLLs1Pxr,44
4J3hR8nrvYijnTjd195KG7,34
28Val6Yko2x2iJQ9YlG789,31
1csiwz0DmiJwaB4VsivaiB,41
2YqcTD2YWNMQ9LbQNVUATJ,0
4WO5q4gmBiPJbv2xqVDADE,53
3XVBdLihbNbxUwZosxcGuJ,84
42LjrGJeB2avMnozDd3lfs,0
30BsewEJZPxfuLNAlZPFje,67
4L2K7JKseFCBoHMZEAszW0,0
1VbhR6D6zUoSTBzvnRonXO,0
1ZGRG4rjkltlWg6jxcaWKW,0
5pY3ovFxbvAg7reGZjJQSp,1
0TrsdzPE9PVvLk7IYRnO8T,0
2TmLZLv57mW4OA3Il1ULsf,0
2EcsgXlxz99UMDSPg5T8RF,67
1OzACp58J3kvJqMdLafx4x,23
6x99an9ChMTqfp7HBlx1NC,44
0UBUnp3ggZivpFWGQxoSok,0
3C57ewlHARCVqeH3KiYkma,53
1RGsZfUwt2a6yLzL2yoj1X,57
4jAity3zdhAMTL3gy6cLGx,37
388JfAKCHRw3lw6J2dNJ0T,3
2scANFae26sIF97RtQFb7h,0
4fK6bgzyKt4EIv3R1wrUtl,57
0bxmVPKnEopTyuMMkaTvUb,61
3nXrCAE44KlevAkQB2XWcN,69
5Sr3ppJ2yQEHPTjKPHbKuU,40
1jbRXE0cGEDFBEnrdrAwug,35
6gDJbgtCENoIouUjInc0I3,38
4OBZT9EnhYIV17t4pGw7ig,68
1DoS5ql0TW3ejjJGHbsAmz,0
4HbeGjbt7u3pvwDk1vN7P0,67
74uC8K6i7AL7mC7ohKCS7d,0
37n8qUcQJJYRJKNMILiVvR,0
2MD2P7Jd4ZzF2VrbCrE8vU,0
569gNjph2g07MmjtMm6vKm,0
4Iam3vZMJCMltFkK9mNruw,53
3QdBvvYJ9k1CES1e9aYvaA,58
1k1Bqnv2R0uJXQN4u6LKYt,83
56khZQKfmdTikYbbZLgxAY,0
1hSC6vWh3Rzkn9JSWicerC,19
2c3jpiVWrH2l8O5HHRkJ5e,50
1AHR24HYoVVCTHC5bujra6,32
6X29iaaazwho3ab7GNue5r,67
6CcJMwBtXByIz4zQLzFkKc,83
3LgWsmilsrWXiPYQFRD0T7,69
4QIo4oxwzzafcBWkKjDpXY,71
7hDVYcQq6MxkdJGweuCtl9,82
1p80XDFkNwDaA87sh2C2Xn,37
0zrHx4EhLePXUa8KhGpS3E,0
02K5IV55wIgNNARk3UA95E,46
6SEolIp22t0DzeBfCBo3hr,59
3cQmqM0awej9iAESjhKrI9,55
4B4kunXhV2ZKnYcvDgAFoE,55
2DSeCIdLFJNNhlcOXGrWIk,0
5ug4vqGZ3eisGhY1IsziNX,54
1WsEgieHsWWndAzLkmV105,75
6X7qcg95CAeJpTjtg1wooM,60
49QPLl3lfmX8iRMR9iTszN,0
0SUih4u16BlTsIDyB7J0SU,42
3GMy4AOJogX3mMsoom1s0Z,35
6BvAeJI35GUw2kNK6yMupI,28
0QTOw32h1G2LD8EFExxedV,45
5QZbCX2yKSFHPe7nCHGMam,48
3VTSI0kKvOu7pg0khK6ySn,0
3atqfvHwNUtXwWhhhkVBm7,0
6rJmWa5DvQ3Nby3tdcX2L0,51
0Dy3aMQAna0aff0J7tud1M,4
5cjmBNpRWoGpa311edvliq,13
1i7MnatuVb8zlDInTe30JP,0
4jDDaKTqcZQWvgubuW6N7l,57
7DNGqrLnd07C2FPpAdn6cc,50
7BdXiDH2bPhBuPP2jTwRZB,55
3jipFRgLyKK0oJoG1pKicx,0
0w1ZtnzQmtmuuoKxHT0pLL,0
14SaZBTjxlorHJQxXh01Hu,79
343YBumqHu19cGoGARUTsd,70
7JXZq0JgG2zTrSOAgY8VMC,75
0V4l4GQhgnWQGtCWpvA7va,72
124NFj84ppZ5pAxTuVQYCQ,78
047fCsbO4NdmwCBn8pcUXl,78
0u2P5u6lvoDfwTYjAADbn4,88
25YvGDl2zSE0pH8jrMZ6aY,53
1gm616Plq4ScqNi7TVkZ5N,0
6ZNo7Vi0TE9ul1fhKd4S1M,0
2OvV4NjEBRE9v8Oo7QeUCq,47
0wFmawqundY8rOn9sZUqA6,0
4F1yvJfQ7gJkrcgFJQDjOr,57
454h9zAIuTe1eJyw9iTnj4,62
1MQ8ydvrTnn2QJgXFATJvD,59
6lJ5aSxKHCwNBoWkZT3JeJ,48
4AtZRwSR8BOTTQg5ihSggt,68
2lH43POZa4XHxydnZizET5,45
1SuznrYulmD8HMZrenI0VU,0
3GCdLUSnKSMJhs4Tj6CV3s,90
0q75NwOoFiARAVp4EXU4Bs,76
5k38wzpLb15YgncyWdTZE4,82
0RyWaVjR8Mi4Qx9J3IiiqF,45
5rgrBsAFYMun6yhtnLKRPz,80
3j1fOrxmfuym91Cf9v397b,0
3kYARoLSAvt86VFZ55BQcq,0
3jKJnHixssQxdCShjpirKQ,42
6fyReXAVyOaywhFcnC1ibh,33
6nI74KsH94IN0J2vp5shdT,50
2gNIhXbE588DkW7Za7ruax,39
2oy5kjcc7itM64xk00Gz2c,48
1Eck97uRMlprKOOJN9oO1E,58
41zXlQxzTi6cGAjpOXyLYH,79
6KuXb26rHuRy3ZDse1VRmx,71
6ACiYjq5Q7e6BlhZEHz7cd,65
1CAALs08dWg3BxFMaaS8qK,0
0brzJEyCEVzjAQsCgCqxqb,42
2pg2TiYo9Rb8KeB5JjP7jS,77
4j3GWI86JvSaF0BLdmgcfF,59
1B87ZDrD3Pno9hS4stamWO,63
7HDpgbWMVzI8bEbdldw3cs,57
0UyljEbX9dqI1K0sqdv6B6,0
1wb7Mqon4o1ViLjaLV9f8U,50
0CIGZEXjZ8L52lOrqUljJt,54
2xRyZfWe9bnRfH1ZfhYO98,54
4at3d5QWnlibMVN75ECDrp,70
1AROE0XcC4ySCxXF65mutZ,55
5cr18fp7bo0OErBy2JvD9j,20
3zEKbhms2GDJQXaOLZZjAH,0
4N9QsmvQJcGwJHAmDmBttU,57
20TYNq9o5sdBAbkCWE9ih7,0
23c9gmiiv7RCu7twft0Mym,3
14JzyD6FlBD5z0wV5P07YI,1
7zgoHkxLgchJwPdhbJhQ3K,37
6osMzmRHCVETbZMHceLRmh,0
0McI9sOmkpfd4E72njtU0G,0
0KPiSFlz5OUCgw7nwvhYWe,0
7zxRMhXxJMQCeDDg0rKAVo,66
2jzFNGqC0Q1TeThJTzPL0T,45
2qHk6Nz5glNQrjW8Rhd5kv,49
5PkZ0mhNgfuz7SqiuruKlh,47
24lORMRGMv9sXpZJdN1PVm,42
0qynxleiY0wavOijAW9trC,56
2JTaZjHNULImGUfECwTELE,30
56QspNOQhZHWNONFKcRws0,0
1ZKmKenpeY1Yr94kADGpQF,0
5SzhkC3NGjcIq6Brs8pSj1,42
2l2ImRwdOn7mxuNn2zVeJH,18
2vNhY6yfz9ha8wTSji81qG,0
3YUK6HxkymcP7w76uFfn3w,37
1TrurzHebuXk7DB9DjWIb3,13
0mkjekH9rwp4Fg5PxzUTrd,1
52wF5Pa8fK4KwaGGoYDeDV,0
4wzscvBb9JkSfiet1A8UQu,0
4Dm2MfTULuU28c0DYeLR4s,3
2mb1XdzL8GCVJhiz6JxVtw,8
2hJ6bFDQkPSmPcCKFWb5Mf,18
2pkabSzcR7yf2WDomkBqTS,0
2630iKSCt6XZQS6npExkfK,0
5on0YbOVfolitti3rObZKD,3
3Z7SMZHYxTYKWedLXfTcme,0
1H7hoE8CQsNGYhjgmA2qIS,0
3fWmO8cxE3Kh6o4F8oyRSZ,0
3uGcFQmm4Pf9YMD4i8z3bP,0
6GfpYM3NVqysfWKXBUfKWn,24
3b0OZ2yemWkZ5kUweakAlZ,14
1S3hcyx64yhb5AeZ5G4TIa,0
6ry1D09ztAEoE11tS6rGBv,0
1qdtfV9zIFJTn9iL8JaGg5,4
5bINBKyhsxjKARdtuPTITM,0
5dHpbFmZjWucrol0M7aNGU,55
3yvFBXiybFrHRbfslCpdYL,0
7GPq5i4Dn95yDaqxdoeKNW,36
4y08InEX3ML1NpBhyRv5Im,0
108wABClmebQtFnxfliTiO,0
32XC8EvpugPAm9dhI0Jabm,0
0vuEcIoQfIs5fAiUJ8qZhv,2
6nu35hLc8zsA9bwBpcuf5L,60
5AEpL2aTZjujDxsBlelQAa,0
5k8qFBVUkSUKzWi4nEaqXV,0
2sywvGUBuSuYICHHKOElSn,38
0vrsZtoe8dEtuR4tbcUGsk,0
7MDKvOzNgAJ3KMCtaP2UOa,46
6k6akHra06uOgcICJYp4fM,2
34OBXUuwpqbmrGjfIZCYli,0
5FKaV2J0xiwRENDsl0bMn4,0
3xd80KxnM4MnDcaE8bcreg,0
05LCfd8s9n2teUcsTsBAnr,0
1ivrsBwgQe5KwjMHu8xje4,0
4bm3nRCNGrFDINkMxEAGrf,0
48S3Pfu533qMMgHXmV1ruh,0
31LIXek4OCRgKJn4RWg5Yb,0
2xpoTj7AeSFVuvD0ibD3Pg,0
5AtVmp8JU2aar7PUKx6pdh,1
5ALk5XTn8l6Ruz3swRTdhK,0
7pQwMgFIQZ5atXg5JxHozL,0
525FTJmFvIc0o7ndeART0U,21
0jhYMcAqY9LkMCAYNXKtNK,37
2zuOiLM3QGT5DpO4fJwOEo,45
72umswj0Jlu9EVT5uoL2hl,40
3jxoBOY4oK2MIe0m9OJQeV,0
7o92cBTVVzDsDwmtToWU0m,0
5nR1FL7koznk1OkRpjuZsH,0
1fZjOBoJDc3Mi2OrXxg6cV,32
56JeB4CZ3gQO3cXaI3rFjj,17
1xXaJ7Li02l0aDiasiGmTw,13
5y4lPlCFkhlUsOUcX3fgOB,0
0DMUrG0gEPjMhn3G3hkC4r,0
1Vpvd02NU2jFl4eCXkqxxa,0
66YYA7oZODDy61bE03UoK0,0
3BTepbd75bloUptVDgz7X9,0
4AVLvyYIK7cWCwKOvq9nIk,20
4Voq8kIasVCVvtVnGpuQq3,23
2BxLZa6EKhBArtcvhn9HP3,10
53EbeKQwSawmvwdRsQyjRh,17
0zvbi1Z6zOj6FmpMssdVY4,0
694WTOYVnKjIF2SpGK820u,12
4Li11MpKTxPq9m8CnbqI0c,6
0E7PBMpzhUZXkitQvbWZdf,0
1trTuC1Z6KwXyb6qigNr7l,0
0La7WP1Z2d4TNFQIW62XZx,0
7uaTGBy1VJNQyfGOc01dmu,31
6yzgzTwiaVDs909ZWVibXM,4
0psbBdxOb3A8WMuG3ludUw,24
35LCTvk8UVBaBunzVJWMA5,26
3XsOaaflhc5UEtdVU3a2nt,39
5TaUFurySBvMqnQWPnz2Rk,0
74nBXnBEUBzCPfJxq1CG2i,0
0Ce9mMbIqC2rHZJHurL1ga,0
2GdanhIld9atoDB2EWb06a,0
6ZA3Q8Dj5BrnmOsT300DCh,66
4ceYhlROdfqzWwwDS4BXCi,0
3kigBixeWyRwKg5XmjXBI6,0
0CzFvaUmfBFKup2KSZ3U7G,25
4Vjn6MWcGH6gN6waUAXnSE,43
6M89rUmahiH0eO6MzctgXW,40
6ILuy3gHKQRoCdNfVmok9d,26
6OFSRKtC7tAJZzFjUr1MKE,26
4bdJHQp90ymjEIkkYhcENB,58
7Cdlsb04AIEXBtWKDLe6Ju,28
0OGNtqKkjI7FCE9HZ4Khgo,0
54zz2PbffoEYnTv7zAL0Yx,0
7gYwIAHB6VxzLJFSZMMv8i,59
3EPXxR3ImUwfayaurPi3cm,75
35AG36QH9ytiNtPyx9xwr8,56
2oDkjSOpQALz7rEmsgekft,40
5xh8yaN8U7H0nkkesxUax4,54
5UqivtkoiPTXrJu6GIt1mh,0
3phOtFs7faVgUInMMaJ3RD,49
6rcTyXe8W8kjQLyALBRj1v,51
7sTtHHrD0zDpmzQzH3zegz,58
6mIC0zmQTsvOMfZ1YqQwLU,40
0VhgEqMTNZwYL1ARDLLNCX,80
6TpowNTagUJ7f8ctFFCVN8,47
63rQC2OJfpWonw823hNMqZ,34
4h0zU3O9R5xzuTmNO7dNDU,65
3PYdxIDuBIuJSDGwfptFx4,61
0qhpOEJtpTFG98mHk7VOZJ,36
69vToJ9BMbbLlFZo7k7A7B,80
5CRVwXGikmqzoRO6q7FeAg,65
5zCunX8URvLoBHlg1Fnjv6,68
00f9VGHfQhAHMCQ2bSjg3D,48
41WTP0gosjYD74B06uS2tL,59
0hpaWop2LUln6yJ7b0eOza,55
6jfEZdUJ2Yla6h7gTJgKuo,58
3u5bTqHMM1P34ZkbwzdckV,0
600oiqLkQIJ85HvQGIQWvO,52
4Ta3PhWmY50ZLU1uhKFKPE,66
4VPlKUSjC9HdZdUbFZ0Y5y,50
6MLHg35rlksBc5OBcdZvJi,0
2xN98jvoGdfBzPS0HDMlXT,49
1bQhZOoXYqjXs7u7rFXo0h,61
4Svpc4QRvDW0J34AE30S9c,52
5dYaElq0nua2omNCimEapq,44
6w8pFOKn42O418qwcQElZ3,75
4iVVU8DyQvOVsKafv3KWIF,71
5rFj8OzffT0iggSjcBaeND,62
5sF7hdYvhrcgNq8NZjfK8L,72
2qxmye6gAegTMjLKEBoR3d,83
3xRcQ04b0l5RiU2w7lJhCD,52
7pT6WSg4PCt4mr5ZFyUfsF,76
5VNIWjz02GSMMYM0kkXdsc,27
14XWHEf6k1wfimnCCV95vZ,21
4HjRhkuveBRgHecVPbGTbV,0
4IdV6Dun39jOadZ6kRheQ5,18
5nMkd5cq4JPZqAoQTXv8Wm,51
03taJRQ6nyzYWac6HDysMh,0
5auyHCKoN60XfogT2Te2pz,0
6x5BI1UbcFoxdnl8XlmzvF,36
29VCeUfeNgOzgWPvEQN9xm,0
4KbNHYFNcJhv6tgavWf2Jc,28
6uU4G5dET9PgvSBzSMWx8Y,1
1TPLsNVlofwX1txcE9gZZF,4
3GlcH544cl8c24886zoKfM,22
3eB4rqVk93cQpxXUtdZr5K,0
2IjyFRCRn8x1bEquOM3vxg,63
26NX1wPt1TRCH536yocd6i,67
31CHJzSweI6r1dk6XrZceK,0
2ssR3TyNZwrxq0pBeb7o0e,16
1Umpo1hUyNgLkpNfPR5UTA,3
61X077SWMs5aAGQHhf4pd0,55
7L4w1yQnlhqo4oUjpW53wz,44
2NLGBSeIsNv1BRXiQVeDrc,0
2CZFVWvkIatZGqHJ9IcpzE,22
7gpodd2pIunG7VIzJWITrv,21
098tAg0yjz9ds5oys4MAPG,49
5NlV5HVIfgk5eHxvAGGTfy,0
2Jj12rvEwkt17lgCjXJbiP,20
4vRg1mbhhlF4YyX1JUq1el,21
5uKHVWzqtWCEkMgoB7dRsb,18
4yEzIx11Di5OPkTTwJt9FV,17
0g3mziWGH7OP6lZvKq7Xpi,27
6w6DrjkbBZ7OMMUybXFHfC,0
41KAWBH3Tzn2R2VsVIJQnO,0
0KyzXQhY2yzcb1FYCHkZc2,3
15xWRPHQMeqgdkGzInx3PY,61
31YexNcOMVSFTEDGmQusSI,52
4S1GTwPVpkSy7CsJIDKPEz,46
2VQc9orzwE6a5qFfy54P6e,53
152lZdxL1OR0ZMW6KquMif,77
68mzU8iAvNnF3PCidY66K0,0
7MZeBa8JQRYkXJRe0KBR2r,0
3Tc57t9l2O8FwQZtQOvPXK,75
7qEKqBCD2vE5vIBsrUitpD,75
0tMSssfxAL2oV8Vri0mFHE,77
04sN26COy28wTXYj3dMoiZ,80
1DUSuNhF8P5vUGNPpQiZa5,48
6fOOKqQWcSy33ApU1wqkkW,47
1NgCWYuBLfqBDA3b8MgSVU,48
1Ahp4PZ1vzdbzBCedUrsqI,68
202lm9YX5WmAac83tOGlVn,55
2tpYmda4mM7XFvpbhOfERH,0
55284O777DNiEDa9X1B6Tb,0
2qXicQG06oT0ijKBznpgQv,54
3HM8FkEO4m2eumlg00fBje,23
3ljkahwsdk97GG9g73l6w3,49
0DowsITFvHqUqg96WQR3s5,35
1IkjoLXB9LEf3w32Wk07X3,33
16IXvk7noDMknHNqmSYvwC,0
1cCyOo8t5XryFuzThSdPHr,0
6KXr7yY6zDuNCwXfhY2HvQ,0
39o4wsC2bkrezb5CStK4sG,0
7ude1FCZiruFR5yyYH7DUD,16
1UZxI3ng9Dk1HndwvahyxQ,39
1opUrXqkqw5j0LnEkG1Uua,36
0lsRatBUs9HNIZAmoGABzk,19
1TQXIltqoZ5XXyfCbAeSQQ,77
57nReJa69S1lEJGYHLCKlx,0
6jEvloulrt9iCYW9IXJ2yi,0
6YpSiNQN8pVzJMOX2fXGHm,44
5RPG04q7ZQsnfFp0ET7Lwj,51
7Cu2COdH93MnuireuKNiS3,3
45PxuJqJBnPXZKLxoo9Apj,1
5LKXxwgll43fxe1lPF7sze,0
2k9N4caeCIJLOWwWwssrEM,0
59acp1OhcvxwVBwQJBYKuX,7
3NhEEC4oE5hX6u8RCx6Q9m,48
6GMblDhPDP420uc77vmqTc,1
0V6imIPZVXJEtl2umdNILO,53
795p3jKj5stjPf8IFpZkdD,1
7rLDARtJALM7QdiJDMXW7m,61
2bOWJIYSbhwg2NMQq1QMYH,49
4SRqDmPxYX0pUb5B5ut2Ri,1
3AuYB9Qqissw1vZCEkNXhn,33
1QXhzptk3KMnO8xewGePhu,39
6aatlkrCJqvMMoIEVJXPnr,14
5LKvZJTAJlNoVuILrGCY1K,15
4VIGLmOTFOJ9TGoqvUbr8l,21
5l9cK2RonGp6roJyvbdo2w,40
71wXzyOwwSw3XwRjppvCUy,0
5nv4Y2ubv3VynSc7L6cq6S,43
1gqfZG2HORk2sPxoXfnS4y,20
6Zp0xvhkmV7OE1iKuvVclq,40
4bZEu4u6cs6aHKDZTOrQhc,0
3bwTJkrpfZIajReDnX1vVn,0
1vZEnDUseI4y5aAyTHwOdc,16
0UQDSP8cz6WmLJckO5jqUQ,60
2shJ8NyEGiB2DuOTFdgavK,34
50JL0FUhaBmXlYLMVZHhIF,19
2fSlnttkjITMhb9utBufEv,0
7kN3bGZtBKwWwYKSkE3RER,53
3Yq6KrF4TLfFxJgVqkD8zm,32
0iPy1MWCrOT7SjGs14zSSv,45
7laJa21zPPXnvdP9jXuxQz,11
5jGyahHaLBcUB1yJ9SY2zH,46
60UYjtHUPB18FpUNgEI7NS,17
1c6GS3WO8lK7n4b3EOhSLC,32
4OK1XrubP6GJs4f6czk8Jg,56
6Ubx6ki80U9ttLeY5rNW1N,13
1xyRdEWnrKULKXbZCyZ9KS,23
6NabK7p4Fcor1gwBgv2jLQ,28
3FzdllHrMtoo9EMz9bhaMh,16
7JKEA8xYDoFp4q0QBW2PGg,63
1SJizuzH2aZcT33af8DYCe,0
7xTMNK6vQFI6JUctix5Rye,14
2SsBGxHWa7E4lD1ax1eXfk,26
6Erpt1x0P0ANKKdZZdfAd8,30
7GBO6BJdevV7XojDlP7aE8,36
3r0olzMR8VTqaLYzmigQg3,14
5JgoUSDARCcz9yBhcF7euC,14
0ZD5LFsk2PMHicGH8MWRN8,53
6j8k5yjxYXg5zxDOPoii5K,37
58TvareCLSfzfN8WFWbaWK,36
3WrYq4Y2Wp2xt4gd4o1VLy,21
2pOePcBrwKN8MK485fTpCw,2
1fk9AKBSB4mdp4XsDPBzDK,0
46M5kzyKato43lawMeFGSo,20
5KWQGcYKpIIbM4XK1qAe8c,0
2j8xh3KCpo1erHwHFqkMHD,0
5ZRYj1vl96gVbSlB7GpmZw,0
3TB8yVojTVj22vvAg5JBvP,0
1JW1HkmhfAqtohhvOioLMB,0
7gq2OIsDiSYz8d1duJHM14,0
7upUctH4DIC2MlljDWFj8C,0
12EWYrmX3WB3NmuS8SC9Zs,0
6K8foTY6IF5sPDKxoWQVVs,0
5H50Nf8LHHljRZSEZZsKZW,0
1439J60iNPIIIN7q6EvmsN,0
1vXowFMghZPxYLY4dozLzY,0
6Pa2clpHusIUFEjtICP9eC,43
1yLyf9SqDF7qGxHb9OQGST,35
62yCF7A8NhNsbThwIu4m6y,26
63SjWAAlHJSsGVahZRGMfa,27
7ILH9xthuxo4i4bTXpwDcZ,58
0Dlm41iXvTsIVsEOce3yX6,60
4DVQN1iS7BCgwy2typKIFx,31
0tV8pOpiNsKqUys0ilUcXz,72
7KjfifeaIx10XJTnAgWtlr,43
1E2qfOtDbT1NPaGQnI3L12,39
7qqfOOpaznhA6ufItfYovr,55
5RjS5iW0FWn1U4ZaWjhLlP,54
2N3ELS0qodljIlCx7BzOpe,33
4ivarszaeIngvUcKijuSmn,0
3T4vKVM0DV6bJbArofpU0b,31
4r0GVpjSsKSR1biv4fOoa5,0
6Ik9aiuaoEYxsEKGdQaEJB,0
1D1oE9i8sxo8fJ1Jbgr3Ys,0
7xppmmRfdHDzYm2Z8tvPC0,9
6ogF3ObeDnJ7RBGn42mYKH,4
1Dus6ffXnlJaTJrAYNGL92,6
4m4cwzmJJdD3gg3d8OT68r,8
5GwbJssB19DVhchEpLpGd5,6
4OZr4idEQn3vwdKu3uNQAO,0
7qoyy6rBNCGN27vOEZKgbr,0
0LP3SUCVq4PYB4dEBZNqWN,32
6X5rAr7k2l5w4VbZCsHQ8v,15
3Nn0qt9sbNZ8VL0qEZJ0lJ,22
4DhRNOTDjNOpNI191Wt0EE,22
6U4sPtUkR3JjmhJiulSS9A,19
35GxYxwMpE3UktOnjbyCLx,0
6iEO8dPKgXuaAwVoYojMHA,0
1AY001zik4a6IFFE4ZrV9K,35
2dhIrczg3JWMul4ovoDPgP,0
0uLijBRekQsSPwHs1LIEXz,40
3f3HHRPF5vAo90GwdpDMaQ,54
39j3ulhZAiudnvNp7dwgYl,42
7GPstnufSTScEaw9dMxO9H,66
6gU9OKjOE7ghfEd55oRO57,75
6pzWZe7LIcfKzriMIk6opx,41
7pamxApUs3CE8t7tKmUJ6Z,53
25GlFJq5QNAXyVgJvCZ4Mf,57
23T4gelZgImtFxbHjXnYbm,49
5G0nSEIT0fGUZY0caM9AnH,46
70SjyVMzhmMeJQD8hOmIBp,55
2UYPFtrIIaIQdxLCaFwjFu,45
5zyySSTcBpXQ8gSbuONRH7,47
2vJIsdYIthbnWgLaLD9yrj,48
6Lr9sGM6kARYVDL2dj0lqV,46
1GJr5BQIOvzFEoQlrufunl,41
276zciJ7Fg7Jk6Ta6QuLkp,64
6zyXhzPJg7dCGuC5ToIxqN,44
1zlclNkERGFrCxznXOgkD3,51
2sNhYJ2ggd9BadlTXU3Mah,49
4F07ku5lMBIoybFPStM2j4,0
3CgZCQyuyxHRMWB9BTwmni,70
3GZD6HmiNUhxXYf8Gch723,83
1fOkmYW3ZFkkjIdOZSf596,80
19YKaevk2bce4odJkP5L22,71
35xSkNIXi504fcEwz9USRB,72
2JUqYobT8NvARdPmc4ES2x,63
7eqoqGkKwgOaWNNHx90uEZ,80
2LMkwUfqC6S6s6qDVlEuzV,85
34xTFwjPQ1dC6uJmleno7x,78
371H6HjS4SXGbQ9IVfFUIL,57
6gtNiLJNLBcV0P6Juenstp,58
6R6ihJhRbgu7JxJKIbW57w,63
41cpvQ2GyGb2BRdIRSsTqK,77
4y4KG66qCAN2TTevOAEjHy,0
0qtK3XwbuG153dmwB8iepL,67
4bEcoz1OcfMgUbp2ft8ieQ,71
21yRtB6B8EMounImAfHRCP,64
430qNtapCS3Ue1yoSql1oV,59
49KseQDZRmTUxF7T0TegwU,0
3dTpCTapp53S88tyMOVosR,0
4vsBWAU6jHc9QLFma2bcqB,0
6jtTVWnlHgyjLgwLW63SZk,0
1PggZZlGqKsfc8u8PGxBHy,0
